# Blender 4.4.0
# www.blender.org
mtllib Meshy_AI_Sleek_low_poly_racing_0112192605_texture.mtl
o Meshy_AI_Sleek_low_poly_racing_0112192605_texture
v 0.772110 -0.050637 -0.491020
v 0.780005 -0.043147 -0.491323
v 0.736687 -0.051748 -0.496772
v 0.803415 -0.046409 -0.493523
v 0.818238 -0.053769 -0.489108
v 0.714004 -0.047816 -0.473574
v 0.822309 -0.057045 -0.485603
v 0.827114 -0.063965 -0.482289
v 0.702695 -0.052461 -0.492193
v 0.826477 -0.067648 -0.491737
v 0.675288 -0.057733 -0.497463
v 0.788018 -0.017153 -0.486246
v 0.806106 -0.030598 -0.513451
v 0.823206 0.008877 -0.481039
v 0.788166 -0.019763 -0.467431
v 0.678414 -0.050839 -0.495874
v 0.782083 -0.011806 -0.474663
v 0.685258 -0.052784 -0.497450
v 0.786136 -0.002736 -0.472558
v 0.824354 0.017234 -0.480473
v 0.809584 0.001418 -0.557468
v 0.818551 0.012756 -0.579772
v 0.856953 0.039359 -0.430397
v 0.688262 -0.037040 -0.514199
v 0.860959 0.037112 -0.421382
v 0.574838 -0.053831 -0.499212
v 0.740343 0.033657 -0.491365
v 0.561479 -0.062865 -0.513204
v 0.784545 0.025458 -0.329033
v 0.564149 -0.053586 -0.507371
v 0.647585 -0.034254 -0.515162
v 0.875988 0.039313 -0.382629
v 0.638842 -0.035841 -0.514326
v 0.636267 -0.033008 -0.515821
v 0.515824 -0.040271 -0.448877
v 0.512691 -0.028897 -0.513076
v 0.507387 -0.032346 -0.457808
v 0.742668 0.052152 -0.396290
v 0.572710 -0.023210 -0.543508
v 0.548437 -0.028094 -0.556625
v 0.534343 0.019241 -0.523028
v 0.561763 0.000084 -0.566409
v 0.676207 0.053418 -0.400798
v 0.506942 0.007844 -0.464974
v 0.504900 0.019623 -0.480067
v 0.875735 0.028587 -0.270675
v 0.646481 0.022096 -0.311203
v 0.651217 -0.044829 -0.515180
v 0.879971 0.027757 -0.228433
v 0.783022 -0.092093 -0.200271
v 0.776180 -0.104275 -0.191478
v 0.906610 0.048623 -0.203703
v 0.762286 -0.104708 -0.195340
v 0.909954 0.066139 -0.184704
v 0.866585 0.070298 -0.175869
v 0.804343 0.033604 -0.192869
v 0.734962 -0.108229 -0.190973
v 0.942346 0.067240 -0.184084
v 0.820283 -0.015658 -0.182543
v 0.813286 0.003303 -0.187060
v 0.705886 -0.088910 -0.190651
v 0.902547 0.088960 -0.192008
v 0.943339 0.070799 -0.189557
v 0.719194 -0.104224 -0.190961
v 0.913506 0.099373 -0.174515
v 0.868726 0.085174 -0.169635
v 0.685286 -0.098671 -0.195855
v 0.749677 -0.118839 -0.153748
v 0.513336 0.023010 -0.286350
v 0.708948 -0.125528 -0.191196
v 0.540966 0.004188 -0.257691
v 0.706986 -0.134590 -0.153008
v 0.515222 -0.003149 -0.254022
v 0.932039 0.146120 -0.161838
v 0.724570 -0.128993 -0.128076
v 0.656419 -0.101129 -0.182931
v 0.648692 -0.104470 -0.187218
v 0.639191 -0.104847 -0.187162
v 0.811460 0.096307 -0.166507
v 0.798042 0.094901 -0.170530
v 0.588534 -0.095688 -0.182810
v 0.714332 -0.156035 -0.119695
v 0.809737 0.105071 -0.171479
v 0.658335 -0.122385 -0.134136
v 0.667843 -0.129990 -0.127783
v 0.552821 -0.088107 -0.183599
v 0.554420 -0.059170 -0.206513
v 0.735253 0.106309 -0.165733
v 0.770632 0.133188 -0.090622
v 0.728102 0.111829 -0.164505
v 0.722781 0.122667 -0.167580
v 0.786120 -0.139386 -0.088168
v 0.740980 0.124130 -0.167751
v 0.799796 -0.154097 -0.070372
v 0.701781 0.118201 -0.156436
v 0.513762 -0.070787 -0.158666
v 0.755758 -0.080659 -0.077609
v 0.322924 0.034828 -0.238414
v 0.612931 0.117819 -0.150316
v 0.681557 0.127755 -0.165985
v 0.272181 0.071896 -0.210189
v 0.872879 0.080530 0.098811
v 0.799186 -0.161735 0.043822
v 0.667228 0.168858 -0.060169
v 0.674871 0.173894 -0.056025
v 0.668503 0.175084 -0.055758
v 0.733637 -0.165927 0.088803
v 0.540040 0.108116 -0.140694
v 0.848122 0.090230 0.165842
v 0.722388 -0.125311 0.128504
v 0.780817 -0.137205 0.084784
v 0.753152 -0.112392 0.158235
v 0.715500 -0.128808 0.162661
v 0.897711 0.094271 0.171417
v 0.657913 -0.139252 0.126794
v 0.809515 0.047231 0.193532
v 0.754217 -0.090500 0.068603
v 0.650709 -0.132786 0.127906
v 0.734305 0.136205 0.094107
v 0.651180 -0.125529 0.128195
v 0.654610 -0.133315 0.135140
v 0.669850 -0.122796 0.149294
v 0.925096 0.084093 0.178497
v 0.810341 -0.004276 0.179151
v 0.723832 -0.110812 0.189794
v 0.211602 0.135430 -0.097176
v 0.359669 0.098150 -0.035240
v 0.505825 0.197436 -0.054780
v 0.899055 0.078087 0.195955
v 0.927777 0.082600 0.186171
v 0.717326 -0.114638 0.186134
v 0.649325 -0.123370 0.132236
v 0.816440 -0.025789 0.172877
v 0.707856 -0.104135 0.179072
v 0.211365 -0.073517 -0.168349
v 0.387390 0.110708 -0.047676
v 0.934387 0.073602 0.188086
v 0.222808 -0.097841 -0.178775
v 0.916355 0.143666 0.157887
v 0.224881 -0.085019 -0.157587
v 0.877048 0.024152 0.227980
v 0.279181 0.099028 -0.059019
v 0.738015 0.106119 0.163664
v 0.948629 0.148281 0.161386
v 0.292142 0.095987 -0.043723
v 0.156412 -0.055286 -0.173546
v 0.720203 0.116690 0.156814
v 0.954029 0.158069 0.161232
v 0.950858 0.158635 0.167249
v 0.678357 -0.097610 0.184143
v 0.155288 -0.070266 -0.166906
v 0.645278 -0.093631 0.200193
v 0.151795 -0.061622 -0.166708
v 0.229105 -0.082326 -0.097504
v 0.638630 -0.089077 0.205448
v 0.229012 -0.092450 -0.119534
v 0.617255 -0.084414 0.189327
v 0.227383 -0.108864 -0.118083
v 0.609705 -0.103792 0.185537
v 0.645422 0.120401 0.160517
v 0.555835 -0.095887 0.183817
v 0.503653 0.200630 0.049807
v 0.824846 0.025719 0.300759
v 0.275363 0.115138 0.045345
v 0.222991 -0.081794 -0.077646
v 0.513511 -0.093566 0.185081
v 0.298595 -0.104187 -0.131302
v 0.310012 -0.086909 -0.125812
v 0.316529 -0.089463 -0.139057
v 0.315254 -0.095300 -0.140101
v 0.237694 -0.091877 -0.064484
v 0.310422 -0.092982 -0.126499
v 0.239964 -0.115953 -0.061772
v 0.551708 -0.051667 0.195756
v 0.514247 -0.071797 0.156957
v 0.478408 0.107517 0.147999
v 0.678453 0.007305 0.303563
v 0.211589 0.136525 0.089330
v 0.247486 -0.082717 -0.007995
v 0.541896 -0.022920 0.219171
v 0.536433 -0.025072 0.204635
v 0.252774 -0.091353 -0.002679
v 0.516088 -0.046010 0.202179
v 0.534051 -0.016960 0.197838
v 0.558989 -0.010938 0.204725
v 0.527363 -0.026667 0.198049
v 0.247530 -0.124880 0.000924
v 0.520568 -0.026580 0.192626
v 0.255973 -0.121689 -0.004483
v 0.548434 0.004970 0.217857
v 0.572136 0.012678 0.289037
v 0.594729 0.015601 0.289507
v 0.594517 0.020736 0.299283
v 0.631863 0.022315 0.291622
v 0.235052 -0.088482 0.059157
v 0.542712 0.008663 0.222938
v 0.391032 -0.088600 -0.091451
v 0.237881 -0.100341 0.059212
v 0.829257 0.018427 0.462808
v 0.586434 0.026887 0.280727
v 0.388733 -0.112554 -0.077176
v 0.406995 -0.099958 -0.096316
v 0.239903 -0.104215 0.060898
v 0.246064 -0.119924 0.053517
v 0.831532 0.016298 0.478587
v 0.556246 0.016032 0.225378
v 0.383873 -0.112495 -0.068034
v 0.510118 0.024670 0.289665
v 0.576109 0.014509 0.221152
v 0.212303 -0.081397 0.112823
v 0.405775 -0.108241 -0.087375
v 0.822452 0.017593 0.495524
v 0.510711 0.025668 0.234971
v 0.576080 0.019227 0.237605
v 0.224702 -0.088150 0.118062
v 0.828719 -0.004913 0.444607
v 0.823631 0.010844 0.495316
v 0.223018 -0.105910 0.114630
v 0.284410 0.076053 0.197965
v 0.222856 -0.087435 0.165303
v 0.220861 -0.111588 0.114823
v 0.308174 0.043603 0.236299
v 0.285000 0.044965 0.238915
v 0.318042 0.030316 0.225161
v 0.802608 0.015403 0.499978
v 0.802402 -0.019271 0.487006
v 0.789031 -0.012087 0.466381
v 0.439337 -0.102957 -0.042366
v 0.423529 -0.086988 -0.019266
v 0.295215 0.038824 0.233002
v 0.408252 -0.085081 0.020795
v 0.450468 -0.111652 -0.033262
v 0.816311 -0.037574 0.502334
v 0.716047 -0.046264 0.488340
v 0.436080 -0.120921 -0.026648
v 0.805037 -0.002398 0.551248
v 0.806752 -0.029326 0.503275
v 0.777988 -0.046627 0.490096
v 0.154768 -0.061256 0.166076
v 0.319067 -0.088214 0.120021
v 0.412041 -0.120873 0.010300
v 0.428723 -0.107998 0.017798
v 0.813679 0.013062 0.578970
v 0.160768 -0.058330 0.172455
v 0.413794 -0.120232 0.024377
v 0.388005 -0.098381 0.065872
v 0.372269 -0.108671 0.066900
v 0.386594 -0.106782 0.067091
v 0.306993 -0.099918 0.123162
v 0.676599 -0.051993 0.492445
v 0.717265 -0.050843 0.495565
v 0.507519 0.022834 0.451524
v -0.323352 0.018372 -0.201066
v 0.673943 -0.050120 0.488893
v 0.138449 -0.017249 0.203508
v 0.154386 -0.042925 0.174762
v 0.391163 -0.094356 0.080571
v 0.731004 -0.032832 0.511343
v 0.388575 -0.112138 0.096570
v 0.638076 -0.049828 0.493346
v 0.638219 -0.046875 0.496509
v 0.638056 -0.055478 0.497904
v 0.644595 -0.052058 0.501188
v 0.504259 -0.022319 0.468579
v -0.342010 0.067090 -0.123833
v 0.505129 0.029130 0.486676
v -0.346310 -0.031595 -0.125027
v 0.672762 -0.039128 0.515627
v 0.508643 -0.009894 0.505771
v 0.529540 0.015079 0.509566
v 0.556433 -0.046670 0.509452
v 0.637693 -0.036530 0.521894
v 0.551687 -0.063117 0.502677
v 0.545089 -0.063822 0.512124
v 0.568523 -0.034301 0.526716
v 0.537397 -0.023056 0.544870
v 0.541246 -0.017261 0.551212
v 0.565401 0.002446 0.563130
v 0.566940 0.018883 0.569024
v 0.525243 -0.032251 0.551962
v 0.565035 -0.006928 0.567211
v 0.567791 -0.006791 0.559636
v 0.516963 -0.023302 0.559430
v -0.345428 0.068101 0.119305
v -0.355993 -0.036281 0.123539
v -0.339059 -0.002378 0.122100
v -0.323168 0.016939 0.199438
v -0.942360 0.003756 -0.000299
v 0.534110 -0.001867 0.205657
v 0.782652 -0.042777 -0.487808
v 0.760642 -0.048037 -0.489616
v 0.753835 -0.059928 -0.487043
v 0.781893 -0.058766 -0.485769
v 0.788555 -0.054368 -0.488337
v 0.805385 -0.051918 -0.490000
v 0.806669 -0.048778 -0.492974
v 0.759435 -0.045515 -0.479942
v 0.713452 -0.064407 -0.485783
v 0.785218 -0.043355 -0.483835
v 0.808351 -0.042378 -0.482747
v 0.789494 -0.043313 -0.475083
v 0.807500 -0.056858 -0.485360
v 0.822928 -0.046730 -0.500066
v 0.816522 -0.042996 -0.498651
v 0.817248 -0.044763 -0.494067
v 0.807986 -0.066784 -0.495864
v 0.810636 -0.060524 -0.503170
v 0.758329 -0.044621 -0.471619
v 0.761266 -0.038037 -0.456247
v 0.713940 -0.038836 -0.452365
v 0.664436 -0.050786 -0.468780
v 0.661614 -0.051022 -0.485485
v 0.808164 -0.062148 -0.484126
v 0.808600 -0.067506 -0.489531
v 0.670558 -0.063208 -0.491973
v 0.665590 -0.040179 -0.449295
v 0.686311 -0.052585 -0.495961
v 0.682616 -0.047953 -0.498296
v 0.665973 -0.049875 -0.492751
v 0.801370 -0.017755 -0.490732
v 0.799449 0.000644 -0.485086
v 0.784706 -0.006839 -0.481083
v 0.785805 -0.022775 -0.476783
v 0.801700 -0.027679 -0.479149
v 0.812568 -0.033050 -0.515869
v 0.805140 -0.020120 -0.529747
v 0.796754 -0.020990 -0.528659
v 0.781131 -0.021711 -0.528780
v 0.784150 -0.031016 -0.511275
v 0.792110 -0.020024 -0.508491
v 0.809168 -0.030541 -0.508967
v 0.822932 0.003764 -0.463243
v 0.801077 0.000632 -0.469940
v 0.786451 -0.009078 -0.466806
v 0.802187 -0.021874 -0.466300
v 0.801303 -0.008492 -0.462865
v 0.668770 -0.051814 -0.500173
v 0.672440 -0.046967 -0.498792
v 0.673200 -0.048122 -0.501393
v 0.666825 -0.048951 -0.502908
v 0.822376 0.025269 -0.462216
v 0.812120 0.026450 -0.453701
v 0.808292 0.021496 -0.464764
v 0.842982 0.027288 -0.477795
v 0.844721 0.029175 -0.430100
v 0.833792 0.028341 -0.429940
v 0.808786 0.017541 -0.581052
v 0.812280 0.008646 -0.552636
v 0.803172 0.004770 -0.554704
v 0.801986 -0.007994 -0.544186
v 0.803688 -0.015653 -0.553527
v 0.803060 0.010954 -0.541741
v 0.831057 0.023418 -0.524358
v 0.819542 0.018559 -0.515479
v 0.821632 0.031079 -0.521347
v 0.840568 0.039991 -0.473823
v 0.824907 0.045830 -0.463257
v 0.848822 0.053260 -0.388682
v 0.868270 0.049009 -0.369921
v 0.697140 -0.033004 -0.522614
v 0.652508 -0.036408 -0.525786
v 0.652370 -0.043916 -0.516230
v 0.861127 0.031903 -0.385589
v 0.580002 -0.052134 -0.491012
v 0.547593 -0.050919 -0.489485
v 0.563891 -0.046267 -0.502713
v 0.562081 -0.048510 -0.504526
v 0.566094 -0.046419 -0.502511
v 0.620691 -0.057436 -0.499653
v 0.618030 -0.050115 -0.493771
v 0.566904 -0.064086 -0.499097
v 0.580226 -0.064954 -0.494716
v 0.795749 0.045946 -0.470005
v 0.782740 0.035389 -0.515975
v 0.713637 0.032840 -0.525354
v 0.706402 0.039689 -0.453937
v 0.567918 -0.069377 -0.506917
v 0.562584 -0.058687 -0.517336
v 0.571879 -0.063418 -0.514408
v 0.562773 -0.050806 -0.516212
v 0.768598 0.013625 -0.314475
v 0.746144 0.017487 -0.309641
v 0.767403 0.027071 -0.356449
v 0.812669 0.027610 -0.373971
v 0.819793 0.026392 -0.327201
v 0.793362 0.022801 -0.311019
v 0.879653 0.042558 -0.358918
v 0.563576 -0.052907 -0.506639
v 0.579215 -0.052312 -0.507563
v 0.571815 -0.050269 -0.511154
v 0.572979 -0.046292 -0.517493
v 0.629285 -0.034518 -0.513206
v 0.624755 -0.024317 -0.516218
v 0.645323 -0.023377 -0.516463
v 0.667401 -0.023772 -0.515533
v 0.668208 -0.030661 -0.512619
v 0.632349 -0.039515 -0.518585
v 0.643943 -0.044382 -0.515653
v 0.874027 0.034208 -0.350678
v 0.626242 -0.040848 -0.513121
v 0.625942 -0.035329 -0.513484
v 0.625172 -0.042171 -0.518412
v 0.644248 -0.040080 -0.520147
v 0.625788 -0.036481 -0.519109
v 0.513951 -0.047971 -0.459099
v 0.537927 -0.049243 -0.460463
v 0.534999 -0.039233 -0.446843
v 0.533454 -0.021580 -0.437270
v 0.511365 -0.027652 -0.445054
v 0.506144 -0.030367 -0.501183
v 0.508019 -0.013031 -0.502900
v 0.514261 -0.015103 -0.517499
v 0.557984 -0.025097 -0.516440
v 0.536569 -0.033243 -0.512522
v 0.524260 -0.043140 -0.503738
v 0.819342 0.024727 -0.290828
v 0.845021 0.025757 -0.283434
v 0.508692 -0.033154 -0.475457
v 0.516122 -0.052787 -0.475757
v 0.511769 -0.003384 -0.442849
v 0.505882 -0.008071 -0.459046
v 0.501615 -0.016079 -0.474960
v 0.785804 0.054458 -0.403119
v 0.683356 0.063906 -0.317005
v 0.794878 0.067056 -0.288227
v 0.557903 -0.028153 -0.539957
v 0.566836 -0.035077 -0.531669
v 0.580969 -0.031704 -0.534020
v 0.551491 -0.017128 -0.553135
v 0.544683 -0.022021 -0.548242
v 0.605273 -0.032777 -0.531606
v 0.602252 -0.025507 -0.539883
v 0.601336 -0.018807 -0.546703
v 0.573095 -0.016326 -0.550331
v 0.554301 -0.013894 -0.559599
v 0.555874 -0.036451 -0.543259
v 0.550464 -0.033671 -0.537495
v 0.540870 -0.028650 -0.548905
v 0.562679 -0.029377 -0.555954
v 0.568747 -0.037742 -0.544454
v 0.536278 -0.026678 -0.553902
v 0.540386 -0.025416 -0.561016
v 0.548973 -0.019624 -0.563594
v 0.560377 -0.022275 -0.563810
v 0.542358 -0.017219 -0.561224
v 0.526882 0.016414 -0.512407
v 0.503183 0.026446 -0.488579
v 0.508203 0.034231 -0.492644
v 0.550303 0.015407 -0.526055
v 0.546608 0.014816 -0.514893
v 0.519423 0.039605 -0.493198
v 0.544045 0.030161 -0.526390
v 0.547868 0.018536 -0.546958
v 0.556797 0.010817 -0.547917
v 0.572520 -0.015249 -0.567508
v 0.559153 -0.014650 -0.565833
v 0.571846 -0.009981 -0.555531
v 0.575862 0.003984 -0.553727
v 0.567542 0.017465 -0.581465
v 0.577494 0.017805 -0.581179
v 0.538601 -0.018530 -0.554135
v 0.574927 0.011156 -0.540085
v 0.560815 0.022692 -0.554685
v 0.516519 0.015376 -0.448038
v 0.515142 0.024554 -0.444258
v 0.505101 0.021541 -0.453024
v 0.523375 0.014029 -0.510884
v 0.517245 0.002766 -0.515341
v 0.508839 0.006494 -0.495991
v 0.891581 0.035979 -0.288973
v 0.908427 0.039614 -0.244648
v 0.894383 0.032530 -0.236371
v 0.868998 0.017594 -0.240800
v 0.856154 0.018737 -0.245209
v 0.861953 0.027044 -0.278556
v 0.655116 0.017729 -0.305772
v 0.637939 0.014985 -0.300635
v 0.614370 0.015835 -0.294598
v 0.621901 0.026316 -0.329745
v 0.668807 0.026535 -0.341049
v 0.681017 0.016589 -0.314747
v 0.632675 -0.038636 -0.510930
v 0.638796 -0.043960 -0.515944
v 0.628800 -0.044539 -0.515606
v 0.891927 0.049012 -0.202696
v 0.873051 0.030372 -0.223266
v 0.916966 0.049310 -0.212881
v 0.872316 0.009177 -0.227889
v 0.864216 0.007036 -0.234305
v 0.867683 0.013318 -0.223575
v 0.648922 -0.024216 -0.274783
v 0.637615 -0.009742 -0.274486
v 0.651525 0.006148 -0.303275
v 0.659234 -0.012543 -0.271244
v 0.756890 -0.084922 -0.207319
v 0.775026 -0.067955 -0.237888
v 0.800111 -0.052319 -0.222197
v 0.803551 -0.083518 -0.191161
v 0.816110 -0.112334 -0.160093
v 0.800325 -0.114135 -0.160627
v 0.781259 -0.116531 -0.160395
v 0.932292 0.059557 -0.200539
v 0.926175 0.058967 -0.193424
v 0.910524 0.059296 -0.190732
v 0.898026 0.060094 -0.190176
v 0.922182 0.063648 -0.186993
v 0.734118 -0.090492 -0.215909
v 0.732027 -0.116115 -0.164764
v 0.916254 0.071643 -0.181467
v 0.901072 0.070518 -0.182723
v 0.905642 0.083541 -0.178013
v 0.884463 0.064337 -0.186584
v 0.887946 0.077775 -0.180064
v 0.862729 0.053403 -0.197057
v 0.878417 0.049968 -0.201350
v 0.863191 0.090135 -0.151198
v 0.864965 0.078067 -0.148187
v 0.848102 0.069610 -0.172371
v 0.845658 0.056453 -0.193005
v 0.848962 0.072534 -0.144737
v 0.814905 0.032447 -0.200468
v 0.819270 0.049028 -0.198144
v 0.803334 0.043914 -0.188810
v 0.799267 0.014596 -0.183092
v 0.792854 0.021550 -0.175238
v 0.717744 -0.083417 -0.209814
v 0.723584 -0.117816 -0.174456
v 0.936159 0.064309 -0.187692
v 0.939470 0.065691 -0.193850
v 0.938434 0.078101 -0.188165
v 0.936493 0.074898 -0.181020
v 0.930486 0.069335 -0.182444
v 0.834315 -0.014432 -0.190842
v 0.834438 0.010219 -0.202315
v 0.811143 -0.049628 -0.163133
v 0.828482 -0.057093 -0.167894
v 0.794955 -0.039254 -0.160570
v 0.833352 0.029077 -0.210256
v 0.782419 -0.030980 -0.158743
v 0.698392 -0.080115 -0.207060
v 0.708318 -0.113506 -0.186811
v 0.685227 -0.089367 -0.214810
v 0.912487 0.096730 -0.188333
v 0.923692 0.081923 -0.193010
v 0.918909 0.075409 -0.199619
v 0.900803 0.072038 -0.212340
v 0.880427 0.075174 -0.207509
v 0.877737 0.095940 -0.189765
v 0.913397 0.066507 -0.217387
v 0.934362 0.073945 -0.195691
v 0.719545 -0.122034 -0.182278
v 0.900959 0.107280 -0.171564
v 0.893478 0.091627 -0.175899
v 0.916469 0.099943 -0.179210
v 0.922650 0.116642 -0.176957
v 0.919414 0.118205 -0.170186
v 0.923095 0.081202 -0.178444
v 0.929282 0.086910 -0.180690
v 0.907852 0.122925 -0.167255
v 0.876106 0.097336 -0.174190
v 0.844045 0.100343 -0.172739
v 0.842248 0.092634 -0.167051
v 0.828784 0.099336 -0.154586
v 0.695384 -0.118308 -0.189776
v 0.760647 -0.138447 -0.128633
v 0.732101 -0.141967 -0.116562
v 0.721889 -0.120351 -0.145664
v 0.547529 0.017708 -0.274941
v 0.515772 0.017811 -0.264478
v 0.467353 0.025584 -0.269869
v 0.467372 0.026085 -0.310938
v 0.531564 0.026051 -0.315464
v 0.572847 0.010535 -0.284326
v 0.717087 -0.128964 -0.167924
v 0.712984 -0.136680 -0.178003
v 0.692204 -0.129357 -0.182768
v 0.556840 -0.012778 -0.269577
v 0.513776 0.022761 -0.250764
v 0.557100 -0.038023 -0.245767
v 0.539802 -0.024879 -0.230146
v 0.527843 -0.035116 -0.243186
v 0.717354 -0.121762 -0.159188
v 0.707306 -0.122281 -0.151793
v 0.716434 -0.143057 -0.159705
v 0.687792 -0.133200 -0.147628
v 0.685661 -0.140379 -0.134484
v 0.702076 -0.145927 -0.134256
v 0.712593 -0.151759 -0.136975
v 0.689354 -0.121682 -0.149446
v 0.515866 -0.007633 -0.233994
v 0.658018 -0.075013 -0.208394
v 0.675744 -0.073724 -0.212695
v 0.926664 0.157963 -0.159867
v 0.915465 0.163346 -0.162216
v 0.915392 0.150788 -0.159232
v 0.913957 0.137580 -0.162841
v 0.927023 0.132560 -0.165009
v 0.645501 -0.084909 -0.215748
v 0.715596 -0.150735 -0.114616
v 0.712696 -0.144819 -0.116055
v 0.708166 -0.127439 -0.126029
v 0.709361 -0.120593 -0.139355
v 0.703021 -0.139082 -0.119263
v 0.933487 0.145456 -0.174429
v 0.927822 0.153690 -0.172449
v 0.618483 -0.071664 -0.200900
v 0.636997 -0.074936 -0.206225
v 0.680631 -0.145860 -0.156280
v 0.635734 -0.129150 -0.168591
v 0.613224 -0.101289 -0.188748
v 0.609411 -0.084365 -0.205319
v 0.596711 -0.084829 -0.206636
v 0.572298 -0.116436 -0.172446
v 0.672725 -0.120251 -0.149803
v 0.668193 -0.116646 -0.139785
v 0.657765 -0.119451 -0.138580
v 0.664936 -0.129883 -0.144882
v 0.704447 -0.157690 -0.146339
v 0.742178 -0.153574 -0.107136
v 0.763466 -0.178126 -0.062391
v 0.726464 -0.178424 -0.076004
v 0.666057 -0.120710 -0.131231
v 0.663903 -0.134220 -0.136262
v 0.688194 -0.123619 -0.126859
v 0.684974 -0.134477 -0.123385
v 0.554437 -0.066360 -0.199199
v 0.567061 -0.083006 -0.201205
v 0.515729 -0.044889 -0.205480
v 0.764050 0.108213 -0.156551
v 0.789618 0.129376 -0.008875
v 0.886273 0.091175 -0.012735
v 0.854399 0.100309 -0.088627
v 0.843067 0.102190 -0.133578
v 0.773622 0.116044 -0.138195
v 0.701082 0.126206 -0.130641
v 0.693906 0.137902 -0.096273
v 0.681661 0.158110 -0.066672
v 0.720870 0.164767 -0.057936
v 0.476668 -0.019774 -0.198813
v 0.492960 -0.095188 -0.185190
v 0.573447 -0.134633 -0.146254
v 0.470499 -0.122528 -0.144252
v 0.736786 0.147336 -0.161573
v 0.789289 -0.123532 -0.112831
v 0.769961 -0.118293 -0.109787
v 0.773164 -0.136500 -0.080921
v 0.810304 -0.130522 -0.115865
v 0.784988 -0.150194 -0.054861
v 0.818024 -0.163042 -0.074796
v 0.825283 -0.135638 -0.117852
v 0.797986 -0.168749 -0.019324
v 0.810871 -0.176775 -0.023069
v 0.789319 -0.162163 -0.019205
v 0.355674 -0.063379 -0.157270
v 0.377853 -0.009010 -0.196801
v 0.352203 -0.087023 -0.181877
v 0.760280 -0.057109 -0.091131
v 0.767410 -0.057137 -0.058883
v 0.762909 -0.094051 -0.051279
v 0.750322 -0.095044 -0.087792
v 0.755211 -0.063413 -0.113386
v 0.756626 -0.115416 -0.057333
v 0.384403 0.028823 -0.235344
v 0.381779 0.019136 -0.217737
v 0.307642 0.017537 -0.217200
v 0.368216 0.026062 -0.275786
v 0.395194 0.025103 -0.266519
v 0.309054 0.041475 -0.238694
v 0.354188 0.031190 -0.282246
v 0.731991 0.147183 -0.176257
v 0.718843 0.135028 -0.180619
v 0.437825 0.129743 -0.103985
v 0.481966 0.130524 -0.096560
v 0.606863 0.124422 -0.120923
v 0.270183 0.061451 -0.226238
v 0.188744 0.075167 -0.220024
v 0.204582 0.108914 -0.177678
v 0.309031 0.105609 -0.149699
v 0.342512 0.068298 -0.207948
v 0.313245 0.053369 -0.229861
v 0.876810 0.081955 0.058781
v 0.879600 0.089405 0.066858
v 0.859992 0.077071 0.097046
v 0.866643 0.079763 0.051852
v 0.875073 0.087035 0.118988
v 0.857163 0.075878 0.123919
v 0.788394 0.129046 0.072794
v 0.799323 0.116278 0.125947
v 0.787387 -0.157573 0.030027
v 0.779560 -0.146033 0.056783
v 0.789234 -0.147894 0.068601
v 0.814423 -0.149667 0.095188
v 0.825530 -0.157705 0.092762
v 0.813586 -0.173109 0.036355
v 0.803596 -0.140924 0.098481
v 0.610327 0.172859 -0.062222
v 0.614704 0.185776 -0.053473
v 0.619688 0.190095 -0.041806
v 0.637277 0.187955 -0.028605
v 0.770657 -0.169856 0.089782
v 0.738917 -0.140081 0.117156
v 0.721261 -0.147531 0.108916
v 0.717943 -0.162805 0.126397
v 0.705637 -0.166469 0.130313
v 0.729604 -0.174311 0.090443
v 0.714656 -0.156182 0.123895
v 0.404428 0.113709 -0.138356
v 0.379501 0.127519 -0.111711
v 0.630223 0.111373 -0.188520
v 0.455700 0.083058 -0.189659
v 0.872661 0.082410 0.150703
v 0.816294 0.104580 0.145587
v 0.865906 0.051938 0.195236
v 0.848748 0.055712 0.190228
v 0.854974 0.073180 0.155661
v 0.834154 0.103091 0.168876
v 0.894975 0.072464 0.178475
v 0.885529 0.046474 0.201829
v 0.773064 -0.137303 0.128938
v 0.736105 -0.113570 0.166289
v 0.716261 -0.120270 0.142834
v 0.696828 -0.118000 0.136488
v 0.698522 -0.122265 0.124854
v 0.696121 -0.132455 0.117678
v 0.711735 -0.137958 0.113346
v 0.768548 -0.134976 0.077138
v 0.765153 -0.122222 0.100060
v 0.783168 -0.127907 0.101969
v 0.769639 -0.089468 0.214552
v 0.761410 -0.084858 0.207096
v 0.703749 -0.130671 0.152215
v 0.709743 -0.122478 0.151684
v 0.726187 -0.114832 0.172563
v 0.711021 -0.144051 0.142854
v 0.699776 -0.140687 0.139146
v 0.710613 -0.137687 0.173555
v 0.717571 -0.148962 0.149578
v 0.914302 0.063583 0.184010
v 0.914445 0.105275 0.169948
v 0.922903 0.089445 0.181286
v 0.676532 -0.138968 0.126193
v 0.674581 -0.130404 0.120717
v 0.657638 -0.131170 0.124001
v 0.679632 -0.137565 0.137339
v 0.813000 0.053991 0.179354
v 0.828918 0.056486 0.185143
v 0.819876 0.043607 0.202389
v 0.802766 0.033682 0.186858
v 0.799691 0.041634 0.172209
v 0.816133 0.024801 0.195109
v 0.764645 -0.101352 0.047561
v 0.777701 -0.067546 0.044632
v 0.760732 -0.065954 0.070146
v 0.754806 -0.072357 0.095987
v 0.750692 -0.101289 0.080586
v 0.756324 -0.117371 0.055327
v 0.657536 -0.121415 0.125883
v 0.733520 0.126564 0.120917
v 0.720998 0.158770 0.060750
v 0.675649 0.143206 0.079631
v 0.685203 0.130829 0.115704
v 0.655558 -0.116679 0.136037
v 0.660954 -0.127325 0.145800
v 0.671674 -0.115502 0.135957
v 0.691717 -0.120986 0.148010
v 0.684877 -0.129871 0.147563
v 0.923808 0.059141 0.192293
v 0.835786 0.019209 0.204201
v 0.835378 0.000133 0.195173
v 0.792906 0.009908 0.171587
v 0.784973 -0.052301 0.148781
v 0.772028 -0.041956 0.145461
v 0.802399 -0.064387 0.149877
v 0.832465 -0.026690 0.180961
v 0.718896 -0.098707 0.195907
v 0.709797 -0.116423 0.184734
v 0.714357 -0.113947 0.185074
v 0.738207 -0.089160 0.207814
v 0.746346 -0.081906 0.202387
v 0.304921 0.129267 -0.105692
v 0.184740 0.150630 -0.031115
v 0.228838 0.150859 -0.023928
v 0.259545 0.136841 -0.070430
v 0.309325 0.130248 -0.087943
v 0.348960 0.091422 -0.061833
v 0.314463 0.091765 -0.063153
v 0.316411 0.091282 -0.046885
v 0.392927 0.110245 -0.065212
v 0.325338 0.091305 0.003053
v 0.354314 0.101121 0.015318
v 0.514421 0.194727 -0.056037
v 0.502178 0.180452 -0.064859
v 0.494680 0.189057 -0.060187
v 0.490274 0.193827 -0.054273
v 0.505978 0.203580 -0.050760
v 0.517104 0.201897 -0.051063
v 0.916582 0.090148 0.185594
v 0.915274 0.107689 0.179069
v 0.901431 0.105673 0.182845
v 0.868143 0.099071 0.186011
v 0.870112 0.076098 0.202855
v 0.909943 0.067389 0.215313
v 0.922371 0.076366 0.193665
v 0.929967 0.067499 0.200087
v 0.709170 -0.122160 0.185417
v 0.926904 0.056845 0.202774
v 0.824127 -0.074023 0.154493
v 0.712729 -0.079152 0.201183
v 0.694837 -0.081112 0.212807
v 0.700783 -0.115418 0.183669
v 0.238887 -0.076008 -0.170407
v 0.242591 -0.095968 -0.179800
v 0.186102 -0.049271 -0.183855
v 0.229574 -0.044426 -0.187423
v 0.211440 -0.080401 -0.155447
v 0.179775 -0.075726 -0.161891
v 0.173496 -0.067567 -0.170897
v 0.415180 0.133832 -0.027639
v 0.425467 0.136046 -0.048127
v 0.580913 0.174538 0.061751
v 0.582753 0.147864 0.077754
v 0.611256 0.185132 0.052022
v 0.673975 -0.106661 0.181946
v 0.679067 -0.078304 0.214731
v 0.906939 0.158732 0.157434
v 0.941022 0.138307 0.163493
v 0.927669 0.122112 0.166532
v 0.905391 0.121817 0.163697
v 0.223271 -0.081718 -0.138091
v 0.212882 -0.081078 -0.133185
v 0.235331 -0.094351 -0.157050
v 0.231615 -0.082309 -0.144122
v 0.868394 0.026558 0.223128
v 0.897101 0.043340 0.206838
v 0.906525 0.042293 0.213902
v 0.888622 0.028996 0.247335
v 0.871463 0.012784 0.234159
v 0.869257 0.000817 0.227998
v 0.872279 0.004730 0.221292
v 0.864449 0.009381 0.216750
v 0.313563 0.107459 -0.070753
v 0.277372 0.119823 -0.055047
v 0.256567 0.131905 -0.018434
v 0.276907 0.112526 -0.014321
v 0.297211 0.095315 -0.007456
v 0.754232 0.107395 0.158982
v 0.737683 0.113956 0.165733
v 0.769682 0.125455 0.164476
v 0.826636 0.116620 0.166047
v 0.947433 0.150352 0.168846
v 0.939317 0.139681 0.171677
v 0.758943 0.108922 0.155770
v 0.741718 0.118167 0.141513
v 0.680086 0.122308 0.142760
v 0.702527 0.129313 0.163238
v 0.735593 0.148913 0.158724
v 0.738729 0.138625 0.161335
v 0.746951 0.129847 0.163715
v 0.904239 0.158464 0.167507
v 0.674355 -0.063698 0.215725
v 0.662063 -0.068571 0.209188
v 0.655015 -0.078587 0.213009
v 0.654109 -0.099300 0.184428
v 0.182905 -0.078615 -0.145968
v 0.138542 -0.074841 -0.159832
v 0.129939 -0.053815 -0.162252
v 0.639024 -0.074322 0.221543
v 0.637970 -0.083331 0.200016
v 0.230337 -0.083212 -0.123511
v 0.232073 -0.082923 -0.103080
v 0.234732 -0.082424 -0.078419
v 0.245273 -0.083763 -0.055919
v 0.245177 -0.082373 -0.037168
v 0.634193 -0.060833 0.211922
v 0.251669 -0.087518 -0.122967
v 0.251188 -0.094334 -0.122292
v 0.226901 -0.097302 -0.117939
v 0.238613 -0.096055 -0.112609
v 0.240291 -0.087804 -0.109649
v 0.241278 -0.082613 -0.091877
v 0.237528 -0.082514 -0.131351
v 0.670047 -0.126108 0.178506
v 0.618543 -0.065297 0.203796
v 0.596233 -0.070332 0.207576
v 0.655082 -0.131596 0.167202
v 0.231447 -0.122732 -0.126092
v 0.234489 -0.130192 -0.078313
v 0.222633 -0.129060 -0.074000
v 0.241995 -0.093236 -0.154236
v 0.226592 -0.107154 -0.119125
v 0.252068 -0.107917 -0.127541
v 0.253502 -0.109126 -0.136569
v 0.233345 -0.119052 -0.097130
v 0.236460 -0.111460 -0.111067
v 0.594506 -0.074513 0.190635
v 0.575990 -0.095576 0.183076
v 0.592146 -0.055171 0.205304
v 0.571210 -0.089264 0.193963
v 0.538567 -0.108471 0.173722
v 0.554280 -0.131727 0.143923
v 0.641351 -0.145296 0.143447
v 0.672125 0.126590 0.164524
v 0.558497 -0.085540 0.190643
v 0.537026 -0.082745 0.182820
v 0.549236 -0.071417 0.184555
v 0.503529 0.205628 0.043189
v 0.491148 0.192462 0.045763
v 0.494111 0.190550 0.054205
v 0.512958 0.199056 0.051684
v 0.515638 0.204978 0.044420
v 0.500800 0.184103 0.060299
v 0.849156 0.026368 0.295852
v 0.832035 0.027624 0.359160
v 0.798274 0.026516 0.333063
v 0.780507 0.004170 0.295603
v 0.805985 0.017268 0.273783
v 0.838500 0.020637 0.248798
v 0.302533 0.099645 0.065974
v 0.300893 0.092484 0.041246
v 0.273525 0.115257 0.026355
v 0.269058 0.128458 0.047747
v 0.308286 0.116247 0.068354
v 0.254651 0.134146 0.020758
v 0.230653 -0.081874 -0.023318
v 0.207668 -0.080567 -0.046568
v 0.193857 -0.079549 -0.108492
v 0.273427 -0.107574 -0.127600
v 0.277638 -0.102044 -0.125624
v 0.278818 -0.106240 -0.136893
v 0.575420 -0.073669 0.192200
v 0.456282 -0.090531 0.181365
v 0.454451 -0.112802 0.153751
v 0.528892 -0.063318 0.214410
v 0.467895 -0.068244 0.155391
v 0.301820 -0.097186 -0.143636
v 0.280068 -0.097958 -0.145886
v 0.314576 -0.094729 -0.131577
v 0.300572 -0.093289 -0.124338
v 0.278035 -0.092919 -0.123657
v 0.300156 -0.085350 -0.126122
v 0.300821 -0.084692 -0.135307
v 0.315423 -0.087277 -0.133247
v 0.301339 -0.087956 -0.142916
v 0.250336 -0.083236 -0.071012
v 0.247485 -0.098052 -0.064427
v 0.243817 -0.101945 -0.059084
v 0.250953 -0.094942 -0.057164
v 0.247461 -0.086307 -0.055964
v 0.252545 -0.103682 -0.057542
v 0.227255 -0.123316 -0.066685
v 0.221839 -0.131469 -0.012919
v 0.233555 -0.128479 -0.008326
v 0.243848 -0.118501 -0.087863
v 0.257675 -0.116338 -0.071898
v 0.257815 -0.116942 -0.086176
v 0.246992 -0.122961 -0.045140
v 0.245610 -0.110666 -0.057951
v 0.245214 -0.108386 -0.063908
v 0.258942 -0.107869 -0.065580
v 0.553949 -0.047429 0.208061
v 0.554181 -0.038264 0.200340
v 0.537772 -0.048069 0.206203
v 0.408924 0.126374 0.112592
v 0.312105 0.128648 0.107558
v 0.319439 0.102471 0.152343
v 0.364139 0.067484 0.208077
v 0.510321 0.082795 0.189996
v 0.552258 0.115002 0.117743
v 0.455875 0.131811 0.096486
v 0.650824 0.014581 0.304907
v 0.656597 0.005226 0.289475
v 0.673448 0.002216 0.282067
v 0.314386 0.130194 0.086523
v 0.259750 0.137838 0.063919
v 0.204333 0.114969 0.167956
v 0.229908 0.151922 0.019506
v 0.182626 0.152539 0.023544
v 0.554063 -0.037633 0.217573
v 0.555608 -0.037833 0.230839
v 0.555681 -0.020338 0.250506
v 0.549275 -0.010484 0.236275
v 0.554689 -0.029770 0.208716
v 0.261532 -0.082884 -0.012999
v 0.263423 -0.089996 -0.004220
v 0.260590 -0.082564 -0.028763
v 0.240941 -0.082432 0.021756
v 0.228973 -0.081876 0.024157
v 0.250353 -0.083142 0.018508
v 0.536278 -0.015301 0.212235
v 0.531119 -0.039384 0.230077
v 0.532391 -0.022231 0.242227
v 0.531663 -0.021359 0.203919
v 0.536011 -0.012222 0.206151
v 0.539338 -0.012567 0.205311
v 0.543550 -0.013003 0.204247
v 0.535553 -0.012419 0.200194
v 0.538982 -0.002628 0.220694
v 0.547401 -0.003955 0.218851
v 0.560698 -0.003023 0.220223
v 0.263512 -0.101509 -0.003709
v 0.252441 -0.100552 -0.000959
v 0.260488 -0.099446 0.003718
v 0.261899 -0.088758 0.005160
v 0.259994 -0.083325 0.018491
v 0.514108 -0.045186 0.227734
v 0.521058 -0.022938 0.199065
v 0.544522 -0.017308 0.196738
v 0.553005 -0.008362 0.203975
v 0.545559 -0.006808 0.203447
v 0.536016 -0.005476 0.203059
v 0.536013 -0.009838 0.205058
v 0.535416 -0.028216 0.193719
v 0.555186 -0.021632 0.197769
v 0.570361 -0.001624 0.208880
v 0.561284 -0.000122 0.209432
v 0.580636 -0.006788 0.215271
v 0.569165 -0.010154 0.217676
v 0.230382 -0.124713 0.048685
v 0.258394 -0.123787 0.016275
v 0.259859 -0.120024 0.003842
v 0.257213 -0.121760 0.040787
v 0.254545 -0.122723 -0.038880
v 0.571906 -0.003588 0.224943
v 0.253376 -0.111292 -0.001208
v 0.264254 -0.113532 -0.003951
v 0.265274 -0.123503 -0.015586
v 0.259618 -0.110596 0.002894
v 0.608068 -0.023802 0.261099
v 0.616391 -0.007030 0.267545
v 0.596147 -0.014570 0.262801
v 0.632692 -0.017603 0.256082
v 0.638183 -0.020844 0.269578
v 0.560106 0.005617 0.226530
v 0.545855 0.003895 0.211732
v 0.553801 0.001557 0.210186
v 0.560487 0.008158 0.216029
v 0.541234 0.013145 0.218035
v 0.540667 0.007901 0.213480
v 0.541622 0.018248 0.220949
v 0.567773 0.017575 0.221950
v 0.558011 0.013940 0.230854
v 0.554830 0.011872 0.281314
v 0.555586 -0.002752 0.267792
v 0.570678 -0.004423 0.277723
v 0.556585 0.020286 0.292565
v 0.607888 0.026757 0.340294
v 0.559590 0.026536 0.328875
v 0.247740 -0.082997 0.040207
v 0.243316 -0.089451 0.054111
v 0.239321 -0.093408 0.063126
v 0.221680 -0.081972 0.072228
v 0.249070 -0.082977 0.068435
v 0.248770 -0.082622 0.083633
v 0.234111 -0.082280 0.088574
v 0.249575 -0.091678 0.063732
v 0.528984 -0.001079 0.224176
v 0.531549 0.009856 0.233542
v 0.532553 0.020410 0.237007
v 0.395373 -0.094021 -0.098140
v 0.405170 -0.095441 -0.090687
v 0.394296 -0.090020 -0.083604
v 0.371550 -0.085199 -0.080006
v 0.371201 -0.086275 -0.091095
v 0.370789 -0.092826 -0.098581
v 0.255971 -0.096538 0.054015
v 0.256065 -0.104970 0.054731
v 0.258116 -0.086488 0.048543
v 0.816928 0.022472 0.458760
v 0.818547 0.026776 0.448711
v 0.830023 0.026375 0.456207
v 0.835943 0.026001 0.462585
v 0.828192 0.010903 0.454740
v 0.817157 0.012901 0.454562
v 0.830869 0.010544 0.469852
v 0.830275 0.006422 0.460464
v 0.589159 -0.006648 0.251838
v 0.370296 -0.113520 -0.076246
v 0.370575 -0.109913 -0.067526
v 0.392718 -0.112649 -0.088441
v 0.370390 -0.112508 -0.087058
v 0.389303 -0.100825 -0.070674
v 0.403846 -0.104223 -0.079208
v 0.407385 -0.104146 -0.091959
v 0.405604 -0.099188 -0.085034
v 0.394745 -0.101604 -0.100264
v 0.393959 -0.108840 -0.096924
v 0.256348 -0.113820 0.054096
v 0.242120 -0.110514 0.060860
v 0.251565 -0.108566 0.063852
v 0.250608 -0.101330 0.063122
v 0.230456 -0.120826 0.082667
v 0.241537 -0.119280 0.080218
v 0.839651 0.026728 0.469805
v 0.572962 0.021672 0.230341
v 0.561356 0.021465 0.232854
v 0.564659 0.016161 0.237800
v 0.371061 -0.098303 -0.066555
v 0.251862 -0.117792 0.082038
v 0.253299 -0.114928 0.068529
v 0.521814 0.015277 0.284642
v 0.535925 0.022697 0.284989
v 0.519158 0.026378 0.321421
v 0.478520 0.026424 0.322632
v 0.484344 0.025568 0.278874
v 0.513662 0.013840 0.281282
v 0.569774 0.007516 0.215175
v 0.580224 0.005085 0.215935
v 0.582090 0.014398 0.225460
v 0.234786 -0.082664 0.103145
v 0.220353 -0.084257 0.114286
v 0.172732 -0.077832 0.139430
v 0.192792 -0.079451 0.095638
v 0.844497 0.030156 0.476950
v 0.833088 0.022732 0.501064
v 0.814048 0.007399 0.499802
v 0.821683 0.017410 0.522388
v 0.811260 0.016591 0.518574
v 0.519463 0.019110 0.244290
v 0.514668 0.017353 0.258197
v 0.493428 0.025785 0.252845
v 0.580745 0.008082 0.232596
v 0.570032 0.005312 0.232714
v 0.236158 -0.087742 0.111112
v 0.237427 -0.095214 0.111722
v 0.228506 -0.094079 0.112045
v 0.238261 -0.093139 0.119644
v 0.242104 -0.082968 0.126122
v 0.817711 0.000575 0.446858
v 0.830017 -0.009102 0.451929
v 0.819251 -0.012982 0.444721
v 0.811016 -0.005865 0.504277
v 0.823333 -0.000600 0.500956
v 0.830588 0.005719 0.487888
v 0.824656 -0.027126 0.500712
v 0.829949 -0.013297 0.496123
v 0.231572 -0.116579 0.105854
v 0.222660 -0.121153 0.091285
v 0.238406 -0.111241 0.129989
v 0.236370 -0.099996 0.120193
v 0.230627 -0.102654 0.112059
v 0.284354 0.066833 0.212139
v 0.329908 0.052617 0.232220
v 0.179214 0.087365 0.202068
v 0.801964 0.004495 0.502360
v 0.798540 0.016461 0.506180
v 0.794515 0.013489 0.500567
v 0.193901 -0.067577 0.168974
v 0.199477 -0.079243 0.149816
v 0.222166 -0.081939 0.144997
v 0.231157 -0.087201 0.152997
v 0.276484 -0.069033 0.161144
v 0.298822 -0.013976 0.192439
v 0.242300 -0.031393 0.192135
v 0.190096 -0.040342 0.187918
v 0.272192 -0.092545 0.177679
v 0.235211 -0.126728 0.105724
v 0.229979 -0.106495 0.146970
v 0.232101 -0.106683 0.144810
v 0.244502 -0.105229 0.144427
v 0.244740 0.055185 0.238177
v 0.229620 0.049335 0.247718
v 0.320890 0.049313 0.237345
v 0.262836 0.062506 0.224209
v 0.327332 0.033419 0.248600
v 0.802814 0.001240 0.482135
v 0.795055 -0.008190 0.486110
v 0.785886 -0.011565 0.475865
v 0.794781 0.001808 0.472254
v 0.805518 -0.009005 0.459593
v 0.796915 -0.001009 0.465557
v 0.799130 -0.018083 0.463316
v 0.220285 0.036121 0.244776
v 0.272155 0.026337 0.228763
v 0.255946 0.007363 0.218010
v 0.311111 0.018917 0.215876
v 0.331092 0.035982 0.231589
v 0.830330 -0.027165 0.489160
v 0.830048 -0.033058 0.476685
v 0.796887 -0.023654 0.475830
v 0.426496 -0.099899 -0.047454
v 0.426006 -0.109840 -0.049299
v 0.443245 -0.108892 -0.042050
v 0.448842 -0.105323 -0.034253
v 0.442105 -0.100071 -0.036357
v 0.428043 -0.092681 -0.043328
v 0.428345 -0.086967 -0.026211
v 0.436743 -0.096041 -0.021341
v 0.425943 -0.097283 -0.014952
v 0.404721 -0.088201 -0.017808
v 0.405293 -0.083502 -0.026523
v 0.404319 -0.098904 -0.012759
v 0.346311 0.026378 0.247102
v 0.264921 -0.111197 0.152085
v 0.370269 0.028413 0.222557
v 0.372710 0.030887 0.233128
v 0.370039 0.017189 0.213929
v 0.410480 -0.091010 0.016127
v 0.423352 -0.096692 0.020874
v 0.412765 -0.091162 0.030234
v 0.388873 -0.083103 0.026503
v 0.387510 -0.086260 0.016968
v 0.390514 -0.084835 0.038875
v 0.442977 -0.115914 -0.039353
v 0.447363 -0.113299 -0.027056
v 0.446632 -0.104592 -0.026003
v 0.440358 -0.119577 -0.033156
v 0.816802 -0.040089 0.491742
v 0.824034 -0.037043 0.492472
v 0.820979 -0.029649 0.501194
v 0.820148 -0.052733 0.506875
v 0.824821 -0.058504 0.497341
v 0.819663 -0.048493 0.490129
v 0.809944 -0.030995 0.500814
v 0.807477 -0.031113 0.500817
v 0.808208 -0.032058 0.502077
v 0.722800 -0.046979 0.484585
v 0.770301 -0.053134 0.485403
v 0.768271 -0.058400 0.481318
v 0.702165 -0.046760 0.491612
v 0.697031 -0.052178 0.495485
v 0.423443 -0.121756 -0.026774
v 0.424354 -0.119793 -0.015535
v 0.439836 -0.116592 -0.020366
v 0.423753 -0.120560 -0.037441
v 0.798652 -0.000199 0.549146
v 0.800009 0.008268 0.546704
v 0.807062 0.007796 0.548986
v 0.814792 0.009327 0.554146
v 0.812395 0.002670 0.561475
v 0.807454 -0.015808 0.544187
v 0.802007 -0.010720 0.542046
v 0.807858 -0.028155 0.502982
v 0.808239 -0.025199 0.505146
v 0.807052 -0.025266 0.505113
v 0.805339 -0.047988 0.486728
v 0.803843 -0.054941 0.482288
v 0.776092 -0.044374 0.475732
v 0.798369 -0.043412 0.478608
v 0.719294 -0.063016 0.481770
v 0.675141 -0.061129 0.490084
v 0.723280 -0.047524 0.472394
v 0.122610 -0.052753 0.160966
v 0.128261 -0.073112 0.161138
v 0.155998 -0.043934 0.183352
v 0.311736 -0.086871 0.127490
v 0.293687 -0.084614 0.128499
v 0.297035 -0.088523 0.120595
v 0.321127 -0.096611 0.125870
v 0.416185 -0.116086 0.008689
v 0.403585 -0.113262 0.007106
v 0.402405 -0.118772 0.011395
v 0.402910 -0.120456 0.020153
v 0.414365 -0.121041 0.017344
v 0.422144 -0.119148 0.016436
v 0.425051 -0.104773 0.026863
v 0.421195 -0.103736 0.013412
v 0.427776 -0.115048 0.016146
v 0.424478 -0.113290 0.028769
v 0.418823 -0.110471 0.009925
v 0.811615 0.016448 0.571897
v 0.796354 0.019210 0.573930
v 0.796254 0.012832 0.578487
v 0.811045 0.003966 0.575304
v 0.815901 0.008654 0.568144
v 0.795907 0.004633 0.575879
v 0.404672 -0.119981 0.029664
v 0.408685 -0.117293 0.038213
v 0.419770 -0.118365 0.026472
v 0.134723 -0.034901 0.178689
v 0.316684 -0.090919 0.133416
v 0.391549 -0.096350 0.073086
v 0.380709 -0.088216 0.073014
v 0.378929 -0.093215 0.065216
v 0.395426 -0.101945 0.074511
v 0.377075 -0.101664 0.064994
v 0.354143 -0.104446 0.065139
v 0.353251 -0.110927 0.067925
v 0.376794 -0.112040 0.069251
v 0.354934 -0.094883 0.064757
v 0.378293 -0.113212 0.076563
v 0.387161 -0.112735 0.074512
v 0.286021 -0.106704 0.132199
v 0.293076 -0.101210 0.139132
v 0.307895 -0.102320 0.135042
v 0.298087 -0.104874 0.124570
v 0.315947 -0.097047 0.135487
v 0.824172 -0.062616 0.490622
v 0.817684 -0.065045 0.485669
v 0.815449 -0.065247 0.477923
v 0.822395 -0.056411 0.483654
v 0.769105 -0.068363 0.476915
v 0.515229 0.026113 0.437213
v 0.518351 0.017724 0.444995
v 0.508315 0.014774 0.451287
v 0.481025 0.028018 0.403344
v 0.498308 0.027902 0.399510
v 0.505852 0.004203 0.475719
v 0.506727 0.007179 0.482134
v -0.330584 0.028582 -0.198287
v -0.286567 0.035091 -0.205447
v -0.282961 0.021147 -0.208530
v -0.328344 0.006286 -0.193461
v -0.341193 0.015532 -0.189157
v -0.282149 0.005821 -0.197829
v 0.672440 -0.050578 0.474145
v 0.626141 -0.052111 0.480268
v 0.664187 -0.046144 0.497318
v 0.679496 -0.046566 0.494001
v 0.685768 -0.052332 0.495247
v 0.690750 -0.045890 0.493480
v 0.197074 -0.003967 0.214530
v 0.046558 0.008790 0.220243
v 0.057087 -0.014283 0.203740
v 0.393736 -0.099445 0.084904
v 0.382062 -0.087878 0.083327
v 0.382764 -0.092369 0.092403
v 0.391387 -0.111514 0.081638
v 0.391463 -0.107291 0.089208
v 0.725484 -0.036149 0.512185
v 0.725340 -0.035878 0.514224
v 0.727834 -0.036117 0.514000
v 0.728328 -0.032528 0.511693
v 0.382128 -0.112108 0.091092
v 0.354640 -0.111067 0.094244
v 0.354926 -0.106620 0.099586
v 0.355547 -0.095863 0.099869
v 0.383755 -0.100403 0.097032
v 0.578208 -0.057180 0.497839
v 0.575855 -0.051838 0.495655
v 0.673809 -0.067792 0.483234
v 0.627091 -0.063175 0.491465
v 0.578651 -0.058186 0.498250
v 0.506593 -0.031455 0.474076
v 0.507274 -0.030843 0.503136
v 0.506981 -0.027792 0.489610
v 0.503974 -0.016805 0.485232
v 0.503924 -0.010500 0.463771
v 0.507738 -0.008619 0.447199
v -0.329198 0.062570 -0.148162
v -0.339118 0.048773 -0.143695
v -0.405847 0.055677 -0.113749
v -0.409200 0.079409 -0.078620
v -0.300429 0.084639 -0.097323
v -0.293988 0.071866 -0.150611
v 0.493811 0.030534 0.475393
v 0.511697 0.013940 0.501918
v 0.536974 0.020271 0.526208
v 0.540300 0.029730 0.524544
v 0.509426 0.042018 0.475786
v 0.543766 0.016216 0.527649
v -0.311704 -0.067931 -0.104680
v -0.423110 -0.053663 -0.095105
v -0.421103 -0.032992 -0.113599
v -0.359764 -0.017706 -0.112605
v -0.336461 -0.010222 -0.139210
v -0.338107 -0.026963 -0.146593
v 0.673052 -0.031142 0.510587
v 0.643495 -0.040029 0.507314
v 0.640497 -0.041813 0.514332
v 0.676140 -0.033729 0.523834
v 0.719504 -0.028998 0.523397
v 0.719209 -0.032558 0.517915
v 0.507066 -0.026845 0.498675
v 0.508071 -0.015667 0.505527
v 0.510013 -0.013516 0.513614
v 0.510295 -0.005790 0.511052
v 0.509444 0.002946 0.505014
v 0.508081 -0.000571 0.499948
v 0.507208 -0.003892 0.495798
v 0.529734 0.007055 0.511974
v 0.549555 0.007360 0.512765
v 0.550886 0.014654 0.513173
v 0.513457 0.006154 0.509355
v 0.554783 0.014616 0.525866
v 0.566420 -0.045665 0.509097
v 0.573969 -0.052404 0.505453
v 0.574631 -0.057994 0.499783
v 0.558159 -0.057307 0.502852
v 0.550860 -0.057826 0.505544
v 0.549542 -0.050391 0.511694
v -0.336968 0.006637 -0.126887
v -0.359519 0.008478 -0.108758
v 0.625695 -0.033719 0.509948
v 0.625016 -0.037051 0.514288
v 0.618466 -0.040081 0.518893
v 0.617763 -0.036392 0.524572
v 0.645122 -0.029642 0.531374
v 0.558049 -0.063913 0.501831
v 0.559032 -0.064937 0.507016
v 0.551217 -0.064712 0.507140
v 0.546386 -0.061074 0.508354
v 0.562564 -0.043910 0.507493
v 0.551318 -0.063276 0.513282
v 0.550185 -0.058359 0.520905
v 0.543260 -0.058900 0.517850
v 0.544304 -0.055291 0.514447
v 0.563205 -0.037248 0.520142
v 0.555665 -0.037184 0.525705
v 0.553848 -0.030712 0.533660
v 0.587592 -0.032742 0.528592
v 0.573550 -0.033616 0.510278
v 0.567607 -0.033508 0.510220
v 0.542590 -0.031184 0.535300
v 0.533325 -0.035431 0.537352
v 0.526672 -0.028399 0.545425
v 0.551573 -0.022293 0.543931
v 0.550870 -0.016168 0.551694
v 0.529036 -0.015244 0.555255
v 0.538292 -0.012615 0.558298
v 0.520828 -0.017802 0.552754
v 0.550449 -0.011216 0.559061
v 0.555759 0.010930 0.547755
v 0.563890 0.010131 0.543733
v 0.570356 0.003783 0.558623
v 0.583280 0.003608 0.577106
v 0.582156 0.011591 0.578968
v 0.562088 0.008915 0.571067
v 0.582578 -0.003839 0.573756
v 0.550989 0.014406 0.553219
v 0.581017 0.021731 0.564912
v 0.575461 0.026537 0.545715
v 0.562479 0.024660 0.549744
v 0.555064 0.020484 0.552731
v 0.562898 0.014663 0.573795
v 0.581686 0.018636 0.576105
v 0.595768 -0.037325 0.516298
v 0.532602 -0.039593 0.543356
v 0.541491 -0.037259 0.547798
v 0.538155 -0.030621 0.556220
v 0.537621 -0.023831 0.562405
v 0.526621 -0.024115 0.560119
v 0.517972 -0.024305 0.554104
v 0.549729 -0.012738 0.565843
v 0.550261 -0.021605 0.564012
v 0.565332 -0.016900 0.566245
v 0.582961 -0.011731 0.570111
v 0.581196 0.005204 0.554098
v 0.582619 -0.004664 0.556828
v 0.582623 -0.014075 0.550472
v 0.566602 -0.014488 0.551815
v 0.526613 -0.016995 0.563674
v 0.519797 -0.019070 0.561924
v -0.350248 0.061043 0.119860
v -0.330154 0.063328 0.144700
v -0.292695 0.073338 0.145998
v -0.305649 0.082561 0.107115
v -0.401700 0.075166 0.087329
v -0.415873 0.059674 0.108768
v -0.364254 -0.022777 0.114716
v -0.422190 -0.029334 0.113358
v -0.410030 -0.047426 0.104255
v -0.320509 -0.054586 0.117452
v -0.297999 -0.036268 0.136675
v -0.342330 -0.020136 0.120436
v -0.350058 -0.005468 0.102425
v -0.335686 -0.030291 0.145260
v -0.336235 0.010964 0.148978
v -0.346007 0.019445 0.120282
v -0.278316 0.023111 0.207793
v -0.280634 0.036202 0.204105
v -0.330603 0.027236 0.198836
v -0.327688 0.005513 0.190918
v -0.278129 0.008916 0.198278
v -0.341170 0.012229 0.187629
v -0.934901 0.002948 -0.000871
v -0.937141 0.002983 -0.000075
v -0.940986 0.003618 -0.000113
v -0.940779 0.006462 0.000292
v -0.939418 0.008041 0.000424
v -0.942891 0.008837 -0.003946
v -0.934040 0.011146 -0.005143
v -0.927263 0.010551 -0.007635
v -0.933923 0.008548 -0.005808
v -0.894793 0.003082 0.009672
v -0.906143 0.009110 0.009692
v -0.905144 0.001543 0.006281
v 0.504767 0.013853 0.216009
v 0.527555 -0.005261 0.202864
v 0.527924 -0.010556 0.200160
v 0.592098 -0.040658 0.508908
v 0.609605 -0.041209 0.508613
v 0.609784 -0.033122 0.509823
v 0.591658 -0.033013 0.509891
v 0.571071 -0.032911 0.509952
v 0.574155 -0.040470 0.509133
v 0.564500 -0.045767 0.513036
v 0.594491 -0.044435 0.513781
v 0.609041 -0.040071 0.518641
v 0.563334 -0.039146 0.519902
v 0.558902 -0.041298 0.519468
v 0.563116 -0.033925 0.511199
v 0.568530 -0.033742 0.510964
v 0.587872 -0.032835 0.509352
v 0.635166 -0.040121 0.507211
v 0.635332 -0.033132 0.509792
v 0.463803 -0.015654 0.192514
v 0.457677 0.008825 0.208900
v 0.363018 -0.005981 0.196698
v 0.346893 -0.063870 0.154736
v 0.339802 -0.087000 0.179137
v 0.332762 -0.109787 0.149084
v 0.270634 -0.126551 0.105926
v 0.326198 -0.125460 0.112671
v 0.451007 -0.131573 0.121587
v 0.322180 -0.132286 0.057777
v 0.450805 -0.137385 0.070645
v 0.560701 -0.149059 0.084816
v 0.662884 -0.164150 0.089914
v 0.454113 -0.142694 -0.025481
v 0.566591 -0.156323 -0.019886
v 0.672068 -0.173541 -0.008607
v 0.736636 -0.188843 0.003990
v 0.711814 -0.174356 0.087262
v 0.570557 -0.148528 -0.105985
v 0.675660 -0.166209 -0.096257
v 0.660446 -0.152270 -0.140778
v 0.460806 -0.134961 -0.105318
v 0.323079 -0.136269 -0.026262
v 0.330828 -0.127566 -0.099234
v 0.340002 -0.115216 -0.143068
v 0.273252 -0.129197 -0.087343
v 0.271749 -0.118679 -0.139716
v 0.273691 -0.090145 -0.180344
v 0.245801 -0.121250 -0.132882
v 0.276648 -0.069187 -0.165226
v 0.290045 -0.022953 -0.189745
v 0.231536 0.000382 -0.219333
v 0.154024 -0.015346 -0.207711
v 0.154323 0.022968 -0.235777
v 0.239250 0.027268 -0.238044
v 0.157575 0.037873 -0.246722
v 0.242938 0.036781 -0.244172
v 0.163895 0.052344 -0.248283
v 0.249653 0.049881 -0.245838
v 0.301965 0.044847 -0.238889
v 0.257620 0.056044 -0.236875
v 0.305035 0.048300 -0.236525
v 0.354103 0.049504 -0.278692
v 0.346382 0.041890 -0.286376
v 0.396792 0.049927 -0.331219
v 0.388058 0.041777 -0.341425
v 0.396589 0.031222 -0.338113
v 0.410708 0.026893 -0.330847
v 0.432822 0.044138 -0.395993
v 0.438046 0.032651 -0.396644
v 0.452335 0.028454 -0.392148
v 0.469174 0.027905 -0.388861
v 0.429297 0.026398 -0.322523
v 0.472607 0.031502 -0.445851
v 0.480640 0.028776 -0.439359
v 0.492395 0.027925 -0.430860
v 0.508003 0.027759 -0.426390
v 0.492267 0.027735 -0.388792
v 0.528540 0.027620 -0.384250
v 0.533605 0.027682 -0.423619
v 0.574436 0.027836 -0.422682
v 0.576113 0.027661 -0.386174
v 0.535180 0.026055 -0.441257
v 0.574537 0.026744 -0.441250
v 0.620126 0.025751 -0.441153
v 0.620657 0.027855 -0.424152
v 0.535140 0.014552 -0.445644
v 0.574401 0.014733 -0.445691
v 0.620149 0.014263 -0.445255
v 0.664840 0.014180 -0.446408
v 0.664372 0.024896 -0.444127
v 0.574303 0.001768 -0.438263
v 0.619919 0.001456 -0.438224
v 0.665510 0.000914 -0.439169
v 0.715074 0.000202 -0.442386
v 0.714137 0.013818 -0.450479
v 0.619508 -0.017896 -0.436391
v 0.665959 -0.018852 -0.437713
v 0.714831 -0.019607 -0.441078
v 0.761586 -0.021352 -0.444549
v 0.760558 -0.000515 -0.445243
v 0.794587 -0.002583 -0.446952
v 0.792508 0.012822 -0.456806
v 0.758912 0.013380 -0.454161
v 0.795073 -0.025133 -0.448460
v 0.813767 -0.029621 -0.452325
v 0.814190 -0.005260 -0.447276
v 0.793310 -0.039717 -0.461970
v 0.812275 -0.041854 -0.471217
v 0.822582 -0.034285 -0.481072
v 0.822790 -0.029015 -0.464401
v 0.820074 -0.043372 -0.488892
v 0.822739 -0.007678 -0.455777
v 0.811803 0.011920 -0.457530
v 0.792100 0.024125 -0.458680
v 0.759327 0.024714 -0.453662
v 0.715230 0.024794 -0.448571
v 0.762309 0.027373 -0.439409
v 0.717656 0.027590 -0.432746
v 0.665358 0.027767 -0.426766
v 0.719385 0.028042 -0.407406
v 0.667952 0.027950 -0.398769
v 0.621922 0.027785 -0.392345
v 0.584203 0.025986 -0.322932
v 0.596274 0.008995 -0.292817
v 0.613691 -0.012753 -0.272413
v 0.596765 -0.014882 -0.272405
v 0.576898 -0.006277 -0.261715
v 0.596733 -0.037668 -0.249841
v 0.577372 -0.028572 -0.238166
v 0.596740 -0.061474 -0.227311
v 0.576630 -0.053533 -0.212995
v 0.561176 -0.068044 -0.217947
v 0.613747 -0.036429 -0.249574
v 0.613324 -0.060082 -0.227414
v 0.620982 -0.049119 -0.219402
v 0.622262 -0.026822 -0.241563
v 0.637245 -0.033183 -0.248483
v 0.636681 -0.054717 -0.225719
v 0.622349 -0.003816 -0.265104
v 0.646417 -0.064573 -0.235751
v 0.647775 -0.042176 -0.257465
v 0.660077 -0.033522 -0.248424
v 0.658391 -0.056164 -0.227487
v 0.676326 -0.057932 -0.228627
v 0.676850 -0.037421 -0.251723
v 0.688488 -0.045491 -0.259560
v 0.685926 -0.067976 -0.237536
v 0.677071 -0.016261 -0.273888
v 0.690171 -0.024195 -0.280368
v 0.705360 -0.015100 -0.269917
v 0.701770 -0.035773 -0.249304
v 0.677161 0.004746 -0.294016
v 0.689242 -0.004287 -0.299974
v 0.709941 0.003422 -0.289788
v 0.730427 -0.006533 -0.297452
v 0.721918 -0.021783 -0.276327
v 0.715118 0.020025 -0.310099
v 0.719544 0.026839 -0.349943
v 0.765693 0.028013 -0.416896
v 0.800619 0.027938 -0.424904
v 0.794912 0.027052 -0.446316
v 0.819959 0.028029 -0.428211
v 0.848340 0.028915 -0.383298
v 0.834054 0.028059 -0.380226
v 0.861350 0.029245 -0.338876
v 0.848262 0.027580 -0.337979
v 0.740649 -0.020477 -0.276552
v 0.735748 -0.045262 -0.259509
v 0.718582 -0.040654 -0.254062
v 0.753214 0.001371 -0.292976
v 0.778581 0.002240 -0.300153
v 0.760208 -0.017647 -0.278816
v 0.790386 -0.004752 -0.272508
v 0.779761 -0.036864 -0.258712
v 0.755829 -0.037089 -0.253906
v 0.805224 0.016813 -0.277886
v 0.835947 0.021006 -0.255553
v 0.823747 0.008340 -0.246932
v 0.850310 0.008928 -0.236001
v 0.839329 -0.009767 -0.226852
v 0.810571 -0.016962 -0.241147
v 0.825368 -0.043793 -0.208750
v 0.845760 -0.042405 -0.207455
v 0.841665 -0.078773 -0.185900
v 0.823918 -0.079720 -0.185320
v 0.855957 -0.010605 -0.225043
v 0.867849 -0.010377 -0.224248
v 0.860014 -0.040907 -0.207983
v 0.866353 -0.035059 -0.201840
v 0.861761 -0.072526 -0.180046
v 0.855474 -0.077849 -0.186016
v 0.868437 -0.004168 -0.216056
v 0.859014 0.001115 -0.212598
v 0.856934 -0.027907 -0.197435
v 0.859977 0.017389 -0.220490
v 0.849402 0.023496 -0.216938
v 0.848734 0.006721 -0.209045
v 0.866858 0.035528 -0.217659
v 0.855062 0.039156 -0.213229
v 0.838750 0.044560 -0.206686
v 0.824144 0.057970 -0.187317
v 0.827216 0.064739 -0.167679
v 0.806728 0.054795 -0.161599
v 0.804213 0.051314 -0.179326
v 0.793293 0.033455 -0.151339
v 0.792611 0.027440 -0.165730
v 0.773782 -0.007854 -0.122991
v 0.772786 -0.015378 -0.139573
v 0.775162 -0.022739 -0.151044
v 0.756368 -0.070641 -0.127018
v 0.764054 -0.077485 -0.134835
v 0.749345 -0.105816 -0.098333
v 0.756239 -0.114414 -0.105941
v 0.778079 -0.083670 -0.136826
v 0.798364 -0.091516 -0.139023
v 0.819629 -0.097643 -0.143272
v 0.832763 -0.100310 -0.146627
v 0.840325 -0.061313 -0.171718
v 0.844391 -0.103534 -0.149222
v 0.851767 -0.066372 -0.175242
v 0.846323 -0.021193 -0.194432
v 0.855124 -0.107323 -0.152009
v 0.835724 -0.138570 -0.119613
v 0.845540 -0.141510 -0.121268
v 0.850105 -0.145943 -0.126178
v 0.855213 -0.113838 -0.159499
v 0.845444 -0.148254 -0.130184
v 0.843832 -0.113214 -0.160389
v 0.835168 -0.146633 -0.130828
v 0.830857 -0.112078 -0.160421
v 0.824325 -0.144157 -0.131959
v 0.835689 -0.180485 -0.093528
v 0.825977 -0.178020 -0.095676
v 0.816059 -0.174983 -0.099055
v 0.812467 -0.141993 -0.132607
v 0.803891 -0.170708 -0.103419
v 0.795379 -0.139854 -0.132533
v 0.774728 -0.162744 -0.108191
v 0.805842 -0.190822 -0.046856
v 0.790590 -0.186260 -0.052347
v 0.800230 -0.197028 0.021408
v 0.782669 -0.193660 0.021709
v 0.769728 -0.192406 0.017939
v 0.812639 -0.199114 0.022123
v 0.798960 -0.175301 0.087389
v 0.816662 -0.193991 -0.043187
v 0.825630 -0.196615 -0.040005
v 0.822657 -0.200122 0.024754
v 0.831742 -0.200935 0.027110
v 0.826544 -0.179019 0.090361
v 0.815408 -0.177902 0.087897
v 0.834313 -0.198748 -0.037585
v 0.840454 -0.196303 -0.034366
v 0.840022 -0.197769 0.028751
v 0.845864 -0.179523 -0.089655
v 0.842614 -0.173981 -0.084799
v 0.837474 -0.190806 -0.030844
v 0.829351 -0.186673 -0.028091
v 0.831415 -0.185908 0.031463
v 0.838443 -0.191481 0.030061
v 0.835855 -0.171003 -0.081211
v 0.827643 -0.167258 -0.078313
v 0.820733 -0.182218 -0.025540
v 0.823111 -0.180025 0.033298
v 0.834113 -0.163580 0.091499
v 0.841420 -0.168671 0.090814
v 0.848370 -0.127582 0.129838
v 0.852666 -0.134947 0.134038
v 0.845219 -0.138301 0.135525
v 0.846216 -0.174526 0.091281
v 0.833845 -0.138927 0.134369
v 0.836481 -0.179868 0.092541
v 0.821243 -0.138513 0.133577
v 0.829734 -0.100314 0.167096
v 0.810988 -0.102570 0.167079
v 0.788727 -0.108016 0.166919
v 0.804997 -0.137029 0.133158
v 0.808761 -0.068069 0.198044
v 0.785819 -0.076008 0.206795
v 0.818441 -0.025894 0.222245
v 0.789776 -0.035554 0.240087
v 0.777789 -0.050927 0.249221
v 0.796509 -0.003873 0.262284
v 0.779579 -0.017578 0.276459
v 0.767560 -0.023997 0.277566
v 0.764940 -0.054041 0.247977
v 0.757149 -0.019649 0.268114
v 0.753221 -0.047450 0.237612
v 0.742666 -0.022783 0.268100
v 0.740185 -0.053211 0.240222
v 0.728827 -0.029907 0.272846
v 0.725782 -0.061640 0.240775
v 0.716521 -0.022812 0.261405
v 0.717970 -0.049809 0.236348
v 0.699845 -0.023032 0.261994
v 0.705289 -0.047692 0.234955
v 0.693653 -0.029397 0.268763
v 0.694619 -0.054495 0.242922
v 0.683878 -0.031198 0.270319
v 0.680674 -0.055964 0.245281
v 0.677701 -0.024501 0.263778
v 0.675360 -0.046081 0.236855
v 0.664528 -0.017764 0.259042
v 0.661970 -0.043119 0.235323
v 0.654930 -0.022755 0.267173
v 0.653901 -0.048993 0.242986
v 0.638460 -0.049039 0.245307
v 0.632600 -0.037841 0.235611
v 0.616957 -0.038302 0.236031
v 0.608497 -0.050278 0.240257
v 0.596185 -0.041346 0.237895
v 0.590490 -0.031665 0.228507
v 0.575928 -0.013211 0.252775
v 0.576130 -0.034665 0.231170
v 0.575083 -0.055391 0.210229
v 0.570649 -0.044134 0.239899
v 0.570470 -0.063384 0.220790
v 0.571256 -0.081039 0.203099
v 0.556298 -0.059084 0.217566
v 0.557718 -0.074280 0.200357
v 0.570239 -0.024097 0.259834
v 0.576231 0.005386 0.269993
v 0.685623 -0.010315 0.291043
v 0.687404 -0.010388 0.291132
v 0.692550 -0.009692 0.290578
v 0.694216 -0.006365 0.287627
v 0.662687 0.026692 0.338828
v 0.712594 0.026241 0.331561
v 0.717701 0.028001 0.397046
v 0.663234 0.027963 0.396696
v 0.611484 0.027856 0.394432
v 0.663540 0.027901 0.422885
v 0.612613 0.027865 0.421250
v 0.564000 0.027852 0.422337
v 0.561554 0.027820 0.392613
v 0.528321 0.027612 0.429582
v 0.519713 0.027811 0.392649
v 0.565669 0.026879 0.439574
v 0.531462 0.023754 0.443930
v 0.565774 0.011863 0.441352
v 0.532198 0.008878 0.439278
v 0.517204 0.008160 0.439171
v 0.532349 -0.012804 0.433408
v 0.515462 -0.012570 0.433960
v 0.508164 0.004738 0.448565
v 0.504458 -0.001693 0.468430
v 0.504419 -0.011066 0.487540
v 0.505971 -0.007248 0.491918
v 0.507308 -0.020817 0.501613
v 0.507670 -0.018510 0.503759
v 0.510645 -0.022521 0.512287
v 0.510275 -0.018600 0.512985
v 0.519935 -0.013463 0.515504
v 0.518817 -0.008107 0.515425
v 0.520690 -0.018393 0.515120
v 0.534443 -0.019126 0.515376
v 0.532921 -0.011557 0.515971
v 0.510778 -0.025515 0.511213
v 0.521233 -0.021660 0.514623
v 0.532014 -0.019952 0.515221
v 0.521779 -0.024957 0.513743
v 0.537520 -0.022854 0.514604
v 0.536336 -0.026720 0.513201
v 0.522736 -0.031760 0.510693
v 0.522273 -0.028129 0.512479
v 0.508564 -0.040375 0.491778
v 0.524253 -0.034834 0.508814
v 0.547925 -0.034093 0.509709
v 0.526487 -0.036636 0.507505
v 0.523305 -0.050244 0.489873
v 0.538763 -0.041397 0.503418
v 0.552226 -0.038094 0.507648
v 0.538744 -0.040636 0.504109
v 0.548449 -0.041990 0.503814
v 0.540336 -0.049049 0.492399
v 0.543834 -0.051759 0.465417
v 0.567288 -0.050693 0.461955
v 0.570958 -0.051743 0.481802
v 0.551980 -0.050913 0.487016
v 0.567326 -0.036979 0.442434
v 0.618681 -0.022836 0.434939
v 0.620022 -0.043091 0.448510
v 0.564307 -0.007133 0.433750
v 0.617057 -0.000902 0.435062
v 0.669210 0.002898 0.437375
v 0.671128 -0.015722 0.434924
v 0.615227 0.014364 0.442995
v 0.666571 0.015926 0.445052
v 0.718802 0.016394 0.449418
v 0.721806 0.004577 0.441480
v 0.613855 0.027305 0.437915
v 0.664755 0.027053 0.439537
v 0.717560 0.026913 0.443651
v 0.766063 0.026608 0.448930
v 0.766784 0.016057 0.453123
v 0.717826 0.027775 0.427094
v 0.767563 0.027518 0.432507
v 0.801623 0.027073 0.442184
v 0.800036 0.025155 0.455446
v 0.767461 0.027978 0.399117
v 0.804757 0.028029 0.414213
v 0.822339 0.028110 0.421315
v 0.761260 0.026115 0.331810
v 0.725436 -0.004907 0.296716
v 0.747624 0.002830 0.290518
v 0.762015 -0.001182 0.294946
v 0.770559 -0.008208 0.293284
v 0.833702 0.028207 0.427346
v 0.845183 0.028326 0.367912
v 0.860557 0.027472 0.297385
v 0.871217 0.029412 0.301846
v 0.855481 0.029585 0.374784
v 0.843036 0.028436 0.433106
v 0.864563 0.032204 0.382020
v 0.851131 0.030519 0.439918
v 0.870859 0.036925 0.389222
v 0.854915 0.035823 0.445855
v 0.864813 0.044618 0.393800
v 0.848244 0.041567 0.449215
v 0.840348 0.036771 0.481061
v 0.832941 0.028416 0.506120
v 0.838423 0.045640 0.451932
v 0.831131 0.040744 0.483116
v 0.824815 0.033694 0.508198
v 0.814200 0.035828 0.509508
v 0.809430 0.029663 0.530874
v 0.819938 0.026750 0.529103
v 0.826801 0.021669 0.527290
v 0.820716 0.041899 0.485456
v 0.806613 0.041328 0.490125
v 0.800547 0.035415 0.513482
v 0.827395 0.046499 0.455274
v 0.812799 0.046299 0.461150
v 0.792307 0.045213 0.472713
v 0.786275 0.039080 0.500063
v 0.840390 0.052483 0.401747
v 0.825051 0.052499 0.408740
v 0.801685 0.051702 0.422810
v 0.848507 0.061080 0.321413
v 0.824398 0.062789 0.318344
v 0.759544 0.063871 0.314298
v 0.759911 0.045922 0.433169
v 0.754472 0.039285 0.488179
v 0.661276 0.037039 0.506318
v 0.664801 0.029864 0.533710
v 0.745154 0.034641 0.516573
v 0.656198 0.047761 0.446891
v 0.558868 0.045892 0.460701
v 0.584365 0.035073 0.514772
v 0.643449 0.062255 0.329405
v 0.519580 0.058452 0.361776
v 0.484516 0.055162 0.387665
v 0.528885 0.045424 0.463830
v 0.647880 0.073203 0.236576
v 0.509178 0.076281 0.269351
v 0.433015 0.057601 0.310095
v 0.419463 0.053958 0.327692
v 0.471570 0.053355 0.397603
v 0.512950 0.075320 0.218551
v 0.394230 0.057781 0.258806
v 0.372564 0.053176 0.275024
v 0.362761 0.049861 0.285862
v 0.409657 0.050766 0.340638
v 0.401857 0.045363 0.351870
v 0.453009 0.044874 0.417492
v 0.460954 0.050848 0.406937
v 0.354364 0.044546 0.292914
v 0.360907 0.033388 0.293810
v 0.403727 0.034388 0.354887
v 0.415877 0.028815 0.349940
v 0.456325 0.031321 0.414147
v 0.449745 0.038167 0.418457
v 0.374842 0.027203 0.288501
v 0.391552 0.025601 0.281403
v 0.429715 0.026989 0.343432
v 0.375748 0.023943 0.245266
v 0.431656 0.025386 0.244839
v 0.429909 0.025439 0.271055
v 0.436630 0.026375 0.231225
v 0.442940 0.023779 0.219354
v 0.446213 0.026707 0.335644
v 0.467616 0.028713 0.408756
v 0.497430 0.026486 0.459246
v 0.493074 0.028715 0.466258
v 0.507322 0.010027 0.489954
v 0.508063 0.012296 0.495867
v 0.517052 0.044370 0.469710
v 0.548874 0.033065 0.520507
v 0.562175 0.034004 0.518645
v 0.600375 0.027945 0.540951
v 0.606742 0.023869 0.556346
v 0.666588 0.025818 0.548219
v 0.611549 0.021145 0.567657
v 0.669061 0.022845 0.559188
v 0.737347 0.025360 0.549774
v 0.740659 0.029198 0.536174
v 0.777987 0.027924 0.540608
v 0.782114 0.032904 0.522920
v 0.796604 0.029581 0.534286
v 0.776357 0.023977 0.554743
v 0.795709 0.024806 0.551007
v 0.807253 0.024313 0.549062
v 0.796044 0.021539 0.563532
v 0.808966 0.020655 0.562021
v 0.816175 0.015467 0.559383
v 0.816747 0.021027 0.547555
v 0.819287 0.015336 0.543466
v 0.812261 0.012377 0.537766
v 0.804324 0.012196 0.534730
v 0.793000 0.008598 0.545777
v 0.794769 0.012323 0.533482
v 0.796645 0.015802 0.520019
v 0.784474 0.012459 0.532755
v 0.785096 0.015616 0.520513
v 0.785084 0.017453 0.508783
v 0.771536 0.015620 0.520296
v 0.771003 0.017711 0.509074
v 0.770754 0.008651 0.502215
v 0.784565 0.011938 0.500893
v 0.770896 -0.003145 0.506323
v 0.784549 0.001055 0.504275
v 0.794100 0.002986 0.503065
v 0.784139 -0.009813 0.506326
v 0.793908 -0.008038 0.505733
v 0.802193 -0.007189 0.505066
v 0.793014 -0.019275 0.505742
v 0.800580 -0.021247 0.504649
v 0.799679 -0.028415 0.505304
v 0.807525 -0.029134 0.504812
v 0.799081 -0.029497 0.508974
v 0.807611 -0.030791 0.507494
v 0.797143 -0.028523 0.514748
v 0.807685 -0.032216 0.509801
v 0.793225 -0.022636 0.524092
v 0.803762 -0.025329 0.522321
v 0.812887 -0.030028 0.523540
v 0.815390 -0.035974 0.512326
v 0.813859 -0.037277 0.525161
v 0.817557 -0.045798 0.515231
v 0.798596 -0.017174 0.532026
v 0.807619 -0.020974 0.533556
v 0.810367 -0.027955 0.536031
v 0.801409 -0.032649 0.533251
v 0.804618 -0.042274 0.521659
v 0.799825 -0.021751 0.546126
v 0.788030 -0.024788 0.544372
v 0.788800 -0.036936 0.529943
v 0.799859 -0.011272 0.558623
v 0.790309 -0.012336 0.558761
v 0.772355 -0.014635 0.557334
v 0.770387 -0.028357 0.541877
v 0.806353 -0.002814 0.567682
v 0.794131 -0.003147 0.569018
v 0.773505 -0.005439 0.567391
v 0.736782 -0.009307 0.565011
v 0.738586 -0.019576 0.554571
v 0.774098 0.002201 0.574430
v 0.734311 -0.000920 0.572811
v 0.676151 -0.006646 0.571305
v 0.677039 -0.016670 0.564310
v 0.774577 0.011394 0.578589
v 0.732946 0.007496 0.577630
v 0.674653 0.001711 0.576214
v 0.620132 -0.005024 0.573348
v 0.620468 -0.013776 0.568896
v 0.732746 0.015304 0.578678
v 0.673507 0.010142 0.578957
v 0.618998 0.002749 0.576814
v 0.672319 0.018553 0.576259
v 0.617222 0.010948 0.578826
v 0.670900 0.020525 0.568742
v 0.614925 0.018877 0.575639
v 0.733389 0.019953 0.571224
v 0.735000 0.022329 0.561060
v 0.775740 0.021038 0.566043
v 0.775096 0.018757 0.575533
v 0.583649 -0.020565 0.565818
v 0.584414 -0.028907 0.559741
v 0.619930 -0.024069 0.562921
v 0.585268 -0.038769 0.550305
v 0.619672 -0.037544 0.554923
v 0.677672 -0.027710 0.553525
v 0.621146 -0.047838 0.541589
v 0.677711 -0.041635 0.537515
v 0.738829 -0.034414 0.538195
v 0.676650 -0.055937 0.520829
v 0.735168 -0.049522 0.521250
v 0.770263 -0.042212 0.525756
v 0.730352 -0.060457 0.508921
v 0.770621 -0.053967 0.511920
v 0.792232 -0.047249 0.517442
v 0.770051 -0.061270 0.502994
v 0.795535 -0.055529 0.507205
v 0.808650 -0.050575 0.511619
v 0.798176 -0.061739 0.498993
v 0.811924 -0.057456 0.503137
v 0.800081 -0.066619 0.490682
v 0.815684 -0.062425 0.494814
v 0.800339 -0.066494 0.480448
v 0.801435 -0.060748 0.475669
v 0.769540 -0.068596 0.486004
v 0.722263 -0.070754 0.483029
v 0.770182 -0.065993 0.494603
v 0.724751 -0.071041 0.491259
v 0.727024 -0.067334 0.500059
v 0.675315 -0.070971 0.501312
v 0.674251 -0.073988 0.490856
v 0.624634 -0.069043 0.505774
v 0.625188 -0.071272 0.493997
v 0.587886 -0.067667 0.508242
v 0.585157 -0.067541 0.499268
v 0.569621 -0.065880 0.506858
v 0.570328 -0.065412 0.500039
v 0.588890 -0.061658 0.517415
v 0.569883 -0.062762 0.515748
v 0.559605 -0.062725 0.514787
v 0.569753 -0.056291 0.524530
v 0.558516 -0.057421 0.522814
v 0.568429 -0.048606 0.534100
v 0.556990 -0.050604 0.531412
v 0.548225 -0.052313 0.528680
v 0.541102 -0.053299 0.525734
v 0.554419 -0.042552 0.541297
v 0.545192 -0.045001 0.537983
v 0.537420 -0.046847 0.534555
v 0.537727 -0.042164 0.529170
v 0.541779 -0.049048 0.521981
v 0.548451 -0.043757 0.520395
v 0.546500 -0.037646 0.527248
v 0.557324 -0.041458 0.520843
v 0.551777 -0.034690 0.551025
v 0.566449 -0.040042 0.544529
v 0.565184 -0.031850 0.554381
v 0.565072 -0.024834 0.561612
v 0.550461 -0.028041 0.558922
v 0.586444 -0.047190 0.538015
v 0.588029 -0.054397 0.527131
v 0.622232 -0.053929 0.526700
v 0.623866 -0.062352 0.515535
v 0.675252 -0.064705 0.510562
v 0.794185 -0.008018 0.541316
v 0.788418 -0.015043 0.532978
v 0.784983 -0.007024 0.542185
v 0.783829 0.001559 0.549656
v 0.792427 0.001125 0.549091
v 0.783889 0.008940 0.544860
v 0.772319 0.002354 0.550025
v 0.772046 0.009213 0.544029
v 0.771699 0.012589 0.532147
v 0.751910 0.009451 0.543480
v 0.751706 0.012720 0.531602
v 0.751253 0.015479 0.519631
v 0.722773 0.012690 0.531611
v 0.723352 0.015200 0.519669
v 0.723517 0.014882 0.508337
v 0.750323 0.014470 0.508582
v 0.724918 0.003055 0.507831
v 0.749675 0.003890 0.506166
v 0.750289 -0.012266 0.508601
v 0.758029 -0.019034 0.507676
v 0.769933 -0.013293 0.507174
v 0.758671 -0.026397 0.508324
v 0.768916 -0.022002 0.506461
v 0.783166 -0.019439 0.505980
v 0.765306 -0.030961 0.507322
v 0.780403 -0.027738 0.506232
v 0.792054 -0.026918 0.506416
v 0.765478 -0.031444 0.514204
v 0.789539 -0.030057 0.511150
v 0.764542 -0.026920 0.520858
v 0.785242 -0.027171 0.518240
v 0.757256 -0.020229 0.529500
v 0.779680 -0.021109 0.526466
v 0.754124 -0.013414 0.537451
v 0.775623 -0.013970 0.534998
v 0.752845 -0.005775 0.545077
v 0.773254 -0.006308 0.543517
v 0.752215 0.002992 0.550456
v 0.719982 -0.006700 0.546090
v 0.720894 0.002808 0.550377
v 0.721834 0.009343 0.543319
v 0.688842 0.000331 0.552271
v 0.690176 0.008894 0.544861
v 0.691565 0.012333 0.532855
v 0.658079 0.007445 0.547026
v 0.659621 0.011791 0.535136
v 0.661013 0.014530 0.523072
v 0.693018 0.014777 0.521148
v 0.662396 0.015001 0.512603
v 0.694672 0.014736 0.510264
v 0.664476 0.004098 0.512122
v 0.697201 0.003948 0.509793
v 0.666396 -0.008332 0.514754
v 0.700975 -0.008317 0.511991
v 0.727767 -0.012385 0.510030
v 0.665875 -0.021807 0.513064
v 0.706552 -0.016884 0.511384
v 0.719057 -0.023965 0.509196
v 0.634923 -0.008279 0.515392
v 0.638136 -0.020868 0.514213
v 0.643775 -0.033221 0.509788
v 0.602819 -0.018907 0.515069
v 0.602971 -0.033240 0.509771
v 0.573696 -0.014621 0.515735
v 0.569758 -0.032887 0.509990
v 0.549498 -0.007037 0.515708
v 0.551843 -0.019486 0.515033
v 0.547727 -0.031244 0.511015
v 0.531886 -0.005452 0.515496
v 0.549448 -0.000155 0.514530
v 0.530699 0.000350 0.514436
v 0.516434 -0.001389 0.514296
v 0.573068 -0.002745 0.514957
v 0.572151 0.007470 0.512703
v 0.600974 0.005976 0.512445
v 0.600162 0.014779 0.514273
v 0.571758 0.015106 0.514897
v 0.601963 -0.006010 0.515294
v 0.632753 0.004147 0.513599
v 0.630886 0.014447 0.514493
v 0.629425 0.013952 0.525091
v 0.599368 0.014102 0.525405
v 0.628310 0.011300 0.537020
v 0.599484 0.010858 0.538032
v 0.576959 0.010343 0.540752
v 0.573008 0.013891 0.526193
v 0.600584 0.006024 0.550447
v 0.627160 0.007043 0.548838
v 0.625884 -0.003405 0.553813
v 0.601198 -0.004049 0.554809
v 0.623911 -0.014584 0.548648
v 0.601167 -0.014619 0.548832
v 0.621263 -0.024034 0.538847
v 0.601899 -0.023986 0.539518
v 0.583416 -0.023265 0.541071
v 0.602983 -0.031799 0.530117
v 0.566456 -0.022875 0.542316
v 0.650513 -0.021445 0.540561
v 0.653784 -0.012369 0.548467
v 0.686775 -0.009296 0.547000
v 0.684474 -0.018414 0.539998
v 0.656289 -0.001957 0.553287
v 0.719187 -0.015148 0.539134
v 0.719621 -0.022333 0.531347
v 0.681475 -0.026425 0.531823
v 0.751242 -0.031415 0.515229
v 0.750988 -0.025125 0.509468
v 0.751521 -0.031005 0.503825
v 0.758494 -0.030273 0.505480
v 0.661678 0.101500 0.189343
v 0.652857 0.122604 0.182166
v 0.750499 0.073603 0.231314
v 0.738165 0.087459 0.192541
v 0.729881 0.117962 0.185743
v 0.816382 0.077013 0.201949
v 0.806593 0.101827 0.186851
v 0.800293 0.129600 0.183264
v 0.732000 0.142502 0.175813
v 0.688128 0.131095 0.164137
v 0.793005 0.149461 0.172235
v 0.862906 0.125242 0.179458
v 0.854550 0.145326 0.172981
v 0.849262 0.160732 0.165290
v 0.784691 0.162416 0.158778
v 0.846101 0.153180 0.155795
v 0.780367 0.142188 0.159632
v 0.844390 0.137192 0.159890
v 0.903652 0.144940 0.172256
v 0.902322 0.127708 0.177021
v 0.926966 0.123370 0.175644
v 0.828434 0.072528 0.236338
v 0.865633 0.068746 0.246283
v 0.864032 0.059034 0.322417
v 0.884664 0.066302 0.251490
v 0.876981 0.055526 0.322470
v 0.896692 0.061259 0.258085
v 0.888282 0.049001 0.321348
v 0.906996 0.051924 0.260789
v 0.917543 0.057574 0.223124
v 0.904410 0.037524 0.257071
v 0.916291 0.047464 0.220750
v 0.890752 0.038909 0.317363
v 0.881290 0.032964 0.309087
v 0.853301 0.050218 0.397445
v 0.856151 0.019977 0.243204
v 0.867533 0.021536 0.243520
v 0.829756 0.004082 0.236817
v 0.849729 0.003310 0.229985
v 0.860797 0.001529 0.228858
v 0.839119 -0.023744 0.215105
v 0.852718 -0.022990 0.215468
v 0.864298 -0.022279 0.215728
v 0.868620 -0.017126 0.209635
v 0.845966 -0.060637 0.194108
v 0.858428 -0.058462 0.195265
v 0.864304 -0.051208 0.189620
v 0.854931 -0.042890 0.185769
v 0.860306 -0.010760 0.204826
v 0.855757 -0.098162 0.169531
v 0.857865 -0.090018 0.162878
v 0.847560 -0.083806 0.160227
v 0.836387 -0.078305 0.157840
v 0.844178 -0.035082 0.183396
v 0.838534 -0.122820 0.129318
v 0.827384 -0.118279 0.128449
v 0.813057 -0.113472 0.126908
v 0.789555 -0.104079 0.125562
v 0.769829 -0.095858 0.125342
v 0.755573 -0.089677 0.124091
v 0.752192 -0.119004 0.096724
v 0.748697 -0.111316 0.090193
v 0.751270 -0.080564 0.112522
v 0.758654 -0.133939 0.070309
v 0.750960 -0.127118 0.063194
v 0.772640 -0.143514 0.048852
v 0.769548 -0.136696 0.042943
v 0.772835 -0.127093 0.039176
v 0.773201 -0.142759 0.019331
v 0.777381 -0.131720 0.015178
v 0.785235 -0.112807 0.011844
v 0.782797 -0.109952 0.035452
v 0.797086 -0.066071 0.006812
v 0.796871 -0.069010 0.029343
v 0.805431 -0.018371 0.001556
v 0.807167 -0.020682 0.025469
v 0.790627 -0.018095 0.042628
v 0.775116 -0.016539 0.074565
v 0.818052 0.024222 0.025000
v 0.802384 0.028930 0.046299
v 0.791421 0.033156 0.096587
v 0.786907 0.026045 0.142061
v 0.769594 -0.022205 0.112569
v 0.810133 0.057247 0.061370
v 0.801894 0.051895 0.111388
v 0.800815 0.046778 0.151634
v 0.788935 0.017260 0.158750
v 0.815260 0.062839 0.118917
v 0.814506 0.059695 0.154723
v 0.834637 0.069048 0.123016
v 0.833635 0.065524 0.155408
v 0.825063 0.067547 0.077160
v 0.842950 0.072618 0.088066
v 0.839611 0.072703 0.040935
v 0.855318 0.077157 0.047773
v 0.843867 0.077042 -0.008447
v 0.861751 0.082695 -0.009191
v 0.871641 0.083822 -0.009926
v 0.855004 0.076494 -0.065806
v 0.868151 0.079547 -0.072065
v 0.874540 0.080731 -0.080270
v 0.880405 0.084698 -0.011175
v 0.866608 0.078105 -0.121413
v 0.866367 0.091075 -0.128609
v 0.851026 0.074121 -0.110998
v 0.837915 0.072063 -0.056154
v 0.830918 0.068714 -0.100251
v 0.828687 0.066646 -0.139102
v 0.810637 0.060127 -0.086139
v 0.807000 0.058269 -0.131158
v 0.799908 0.038182 -0.064513
v 0.794833 0.039200 -0.115145
v 0.795412 -0.009960 -0.043675
v 0.778095 -0.003093 -0.083723
v 0.790977 -0.063151 -0.039941
v 0.797742 -0.064752 -0.017664
v 0.785502 -0.112083 -0.014813
v 0.782725 -0.106677 -0.038550
v 0.807178 -0.016894 -0.024133
v 0.819377 0.030877 -0.035999
v 0.816879 0.027524 -0.003348
v 0.822922 0.060034 -0.043361
v 0.828150 0.060597 -0.004935
v 0.826387 0.056800 0.033805
v 0.776850 -0.131800 -0.014354
v 0.774116 -0.127696 -0.040632
v 0.772340 -0.144619 -0.015023
v 0.771018 -0.138322 -0.042889
v 0.754873 -0.127615 -0.066219
v 0.775666 -0.145161 -0.047433
v 0.762690 -0.134201 -0.074260
v 0.778438 -0.155299 -0.017463
v 0.779163 -0.152849 0.023585
v 0.766353 -0.031176 0.133364
v 0.849851 -0.005005 0.201171
v 0.852947 0.014034 0.211905
v 0.837561 0.035823 0.210261
v 0.856305 0.029332 0.218927
v 0.843914 -0.099645 0.168325
v 0.830471 -0.063348 0.192384
v 0.800078 0.014733 0.454713
v 0.801196 0.003397 0.446263
v 0.769685 0.004739 0.444830
v 0.802356 -0.013168 0.442292
v 0.771478 -0.011927 0.440403
v 0.723394 -0.012254 0.437642
v 0.772386 -0.030688 0.446807
v 0.724027 -0.031414 0.443975
v 0.672212 -0.036074 0.443325
v 0.724185 -0.043959 0.458081
v 0.672705 -0.047943 0.459288
v 0.621783 -0.051676 0.467295
v 0.574743 -0.049135 0.492649
v 0.548858 -0.046759 0.497359
v 0.773013 -0.041894 0.462242
v 0.806130 -0.041997 0.472133
v 0.803694 -0.031809 0.450147
v 0.823211 -0.030133 0.453904
v 0.830202 -0.038503 0.485975
v 0.830013 -0.025941 0.458853
v 0.519897 -0.051854 0.464603
v 0.510567 -0.028679 0.509880
v 0.506941 -0.023302 0.499486
v 0.754385 -0.060243 -0.229748
v 0.733906 -0.068044 -0.237855
v 0.716898 -0.061399 -0.230964
v 0.697565 -0.059825 -0.229411
v 0.619006 -0.039212 -0.446665
v 0.574463 -0.017717 -0.436469
v 0.575519 -0.037859 -0.445557
v 0.577700 -0.049661 -0.461412
v 0.618606 -0.050526 -0.464307
v 0.579765 -0.052439 -0.478310
v 0.618860 -0.052781 -0.481236
v 0.541806 -0.052942 -0.475825
v 0.518257 -0.050583 -0.491358
v 0.509778 -0.033572 -0.489683
v 0.502772 -0.012618 -0.486341
v 0.533842 0.000015 -0.437723
v 0.473513 0.041323 -0.447785
v 0.440699 0.050406 -0.385790
v 0.483070 0.047774 -0.444007
v 0.451132 0.053661 -0.372855
v 0.495388 0.049292 -0.438883
v 0.533461 0.040413 -0.493427
v 0.512794 0.050220 -0.432308
v 0.554262 0.040354 -0.494052
v 0.577907 0.032602 -0.525883
v 0.557994 0.032096 -0.527250
v 0.588358 0.025870 -0.550850
v 0.571885 0.024571 -0.554019
v 0.593613 0.017968 -0.580844
v 0.626348 0.027906 -0.543261
v 0.626238 0.017950 -0.581127
v 0.628522 -0.001604 -0.576404
v 0.594734 -0.002151 -0.575333
v 0.632106 -0.022234 -0.564775
v 0.596119 -0.018699 -0.567867
v 0.641067 -0.041766 -0.549370
v 0.599539 -0.033469 -0.558852
v 0.576582 -0.025299 -0.562168
v 0.603496 -0.043956 -0.547234
v 0.580306 -0.033249 -0.552870
v 0.610007 -0.049717 -0.532982
v 0.585416 -0.042609 -0.541600
v 0.615439 -0.059258 -0.520715
v 0.589740 -0.051738 -0.529111
v 0.574066 -0.047197 -0.533154
v 0.590057 -0.060758 -0.518367
v 0.574982 -0.056049 -0.523008
v 0.564384 -0.052339 -0.524102
v 0.562611 -0.045152 -0.532714
v 0.562067 -0.046217 -0.522884
v 0.558833 -0.041088 -0.529675
v 0.570979 -0.041538 -0.524148
v 0.587422 -0.038376 -0.526089
v 0.596117 -0.042351 -0.519437
v 0.606502 -0.038910 -0.515891
v 0.607068 -0.039447 -0.523076
v 0.598340 -0.025495 -0.516160
v 0.542834 -0.004128 -0.517494
v 0.588702 -0.011477 -0.518435
v 0.620106 -0.012429 -0.518013
v 0.581210 0.001243 -0.516474
v 0.615677 -0.000208 -0.516703
v 0.639498 -0.000546 -0.516593
v 0.642230 -0.012051 -0.517637
v 0.660747 -0.000561 -0.515743
v 0.662959 -0.012017 -0.516917
v 0.680867 -0.000956 -0.514770
v 0.679367 -0.012173 -0.516259
v 0.675377 -0.022812 -0.515291
v 0.703024 -0.013194 -0.514539
v 0.699842 -0.025235 -0.513853
v 0.704389 -0.001903 -0.513313
v 0.731060 -0.003915 -0.511616
v 0.731224 -0.015289 -0.512392
v 0.723602 -0.025197 -0.511181
v 0.748922 -0.007109 -0.510770
v 0.748142 -0.019447 -0.510746
v 0.747817 -0.031961 -0.513572
v 0.757435 -0.022384 -0.510120
v 0.756395 -0.029513 -0.513506
v 0.753924 -0.028283 -0.522982
v 0.730413 -0.027079 -0.527347
v 0.753005 -0.019063 -0.534161
v 0.727897 -0.017781 -0.538100
v 0.762375 -0.028700 -0.514008
v 0.762313 -0.031411 -0.518510
v 0.764885 -0.020729 -0.531208
v 0.764383 -0.008940 -0.544099
v 0.748879 -0.007995 -0.546056
v 0.769905 -0.031233 -0.518866
v 0.769940 -0.036355 -0.512023
v 0.762753 -0.036871 -0.511650
v 0.762437 -0.025972 -0.509479
v 0.779535 -0.009321 -0.542720
v 0.779269 0.005535 -0.555007
v 0.762730 0.005261 -0.555084
v 0.792746 -0.008594 -0.543086
v 0.792550 0.005312 -0.554319
v 0.791379 0.011824 -0.537541
v 0.776822 0.012040 -0.536649
v 0.772727 0.016415 -0.518843
v 0.756006 0.015436 -0.522509
v 0.759693 0.011732 -0.538009
v 0.787048 0.017370 -0.514868
v 0.781395 0.007766 -0.503602
v 0.767956 0.013726 -0.504913
v 0.800096 0.017778 -0.512336
v 0.788024 0.018679 -0.497858
v 0.805873 0.011905 -0.499042
v 0.805663 0.001507 -0.504856
v 0.794362 0.003300 -0.504430
v 0.791641 -0.008404 -0.508331
v 0.777888 -0.003336 -0.508321
v 0.805012 -0.016961 -0.507718
v 0.818726 0.001810 -0.500632
v 0.817497 -0.029565 -0.503188
v 0.822805 -0.022209 -0.495817
v 0.772399 -0.015274 -0.509592
v 0.761756 -0.010829 -0.510231
v 0.765205 0.001225 -0.507761
v 0.750248 0.005299 -0.507611
v 0.751816 0.016866 -0.509824
v 0.731235 0.007588 -0.508129
v 0.733121 0.015535 -0.512009
v 0.736325 0.014737 -0.525204
v 0.707775 0.016070 -0.514971
v 0.710802 0.014150 -0.527642
v 0.714105 0.010976 -0.540935
v 0.740279 0.011398 -0.539446
v 0.717564 0.006068 -0.554914
v 0.744267 0.005841 -0.554931
v 0.722599 -0.007713 -0.547948
v 0.684883 0.003901 -0.552303
v 0.686329 -0.008429 -0.549012
v 0.688034 -0.018119 -0.541421
v 0.658176 -0.009358 -0.550246
v 0.658217 -0.019339 -0.543652
v 0.656911 -0.027708 -0.535104
v 0.690590 -0.026471 -0.532538
v 0.632159 -0.019664 -0.545152
v 0.633273 -0.027244 -0.537002
v 0.635083 -0.035005 -0.527537
v 0.631925 -0.010241 -0.551078
v 0.602331 -0.010980 -0.552129
v 0.602266 -0.001082 -0.554154
v 0.632120 0.000724 -0.552163
v 0.632795 0.009162 -0.544943
v 0.604576 0.007677 -0.547141
v 0.657821 0.001837 -0.553498
v 0.657962 0.009954 -0.544345
v 0.658551 0.013136 -0.532284
v 0.633996 0.012745 -0.533751
v 0.683940 0.010434 -0.542659
v 0.683185 0.013520 -0.530178
v 0.682292 0.015109 -0.518093
v 0.658873 0.015548 -0.520288
v 0.659392 0.010261 -0.513199
v 0.637122 0.010420 -0.515042
v 0.635370 0.014827 -0.522166
v 0.681408 0.009888 -0.512038
v 0.705506 0.009110 -0.509658
v 0.611977 0.010308 -0.514271
v 0.608513 0.014567 -0.523189
v 0.606072 0.012297 -0.535589
v 0.574612 0.014474 -0.524711
v 0.576783 0.011568 -0.514791
v 0.544202 0.007036 -0.514912
v 0.584519 -0.039816 -0.512090
v 0.583519 -0.038745 -0.510102
v 0.587313 -0.033771 -0.513158
v 0.589436 -0.038092 -0.510626
v 0.598363 -0.039072 -0.511618
v 0.594668 -0.043328 -0.513685
v 0.603742 -0.038328 -0.510625
v 0.603805 -0.042369 -0.513482
v 0.595814 -0.039386 -0.522263
v 0.590632 -0.041414 -0.521320
v 0.611538 -0.037482 -0.511528
v 0.605198 -0.044501 -0.515812
v 0.595576 -0.043061 -0.517570
v 0.596170 -0.048665 -0.511256
v 0.611447 -0.049036 -0.510938
v 0.627175 -0.048820 -0.511180
v 0.635079 -0.048474 -0.511657
v 0.634628 -0.049234 -0.504287
v 0.627057 -0.047592 -0.503028
v 0.596414 -0.048537 -0.503918
v 0.611455 -0.045617 -0.508880
v 0.591106 -0.042440 -0.506961
v 0.611461 -0.042765 -0.507162
v 0.582335 -0.045304 -0.503742
v 0.587492 -0.047859 -0.512256
v 0.587455 -0.042962 -0.517927
v 0.588252 -0.068576 -0.508503
v 0.616955 -0.074935 -0.500921
v 0.616113 -0.075273 -0.490599
v 0.584132 -0.072524 -0.498536
v 0.617077 -0.067511 -0.510650
v 0.658286 -0.074223 -0.502253
v 0.659571 -0.077627 -0.492786
v 0.654623 -0.066852 -0.511240
v 0.704342 -0.068618 -0.504693
v 0.706004 -0.073977 -0.497383
v 0.650904 -0.058237 -0.521628
v 0.703787 -0.061822 -0.512851
v 0.753948 -0.062685 -0.506860
v 0.752927 -0.068147 -0.500412
v 0.645822 -0.049112 -0.533430
v 0.704382 -0.052832 -0.523143
v 0.757118 -0.053463 -0.517204
v 0.790159 -0.049178 -0.519041
v 0.789739 -0.058786 -0.508047
v 0.704163 -0.039379 -0.538493
v 0.762661 -0.037031 -0.535387
v 0.789059 -0.034350 -0.536102
v 0.804050 -0.031074 -0.537981
v 0.808494 -0.044813 -0.521876
v 0.769582 -0.014656 -0.559936
v 0.790488 -0.015275 -0.558026
v 0.773591 0.001528 -0.576114
v 0.793251 -0.000918 -0.573139
v 0.777245 0.018146 -0.580884
v 0.796156 0.018013 -0.580920
v 0.806585 0.034717 -0.517671
v 0.708419 0.001199 -0.577006
v 0.707491 0.018037 -0.581168
v 0.709818 -0.018078 -0.561136
v 0.821427 -0.043840 -0.506416
v 0.811162 -0.054323 -0.510281
v 0.788310 -0.064833 -0.501032
v 0.787491 -0.069465 -0.494796
v 0.752763 -0.072447 -0.492954
v 0.785823 -0.067757 -0.487084
v 0.752349 -0.068494 -0.486433
v 0.707528 -0.072888 -0.488679
v 0.661440 -0.072503 -0.486859
v 0.618006 -0.065219 -0.491744
v 0.627312 0.034774 -0.517867
v 0.601888 0.041801 -0.486680
v 0.566612 0.051511 -0.422046
v 0.514814 0.062821 -0.327103
v 0.463432 0.057200 -0.354267
v 0.407918 0.053459 -0.319535
v 0.427780 0.057589 -0.305918
v 0.502100 0.076320 -0.273048
v 0.382476 0.056399 -0.259094
v 0.482413 0.072426 -0.230518
v 0.651515 0.088366 -0.197428
v 0.656270 0.073960 -0.232352
v 0.760379 0.083984 -0.197895
v 0.774354 0.074591 -0.225512
v 0.841019 0.079217 -0.202651
v 0.847082 0.072946 -0.229149
v 0.844331 0.065007 -0.291561
v 0.878003 0.069295 -0.236641
v 0.866087 0.062196 -0.297542
v 0.823677 0.054973 -0.389968
v 0.895146 0.065226 -0.242717
v 0.882339 0.057788 -0.299161
v 0.907613 0.057164 -0.247152
v 0.895113 0.049342 -0.297931
v 0.922227 0.057765 -0.219702
v 0.929600 0.067440 -0.203906
v 0.834498 0.101208 -0.189270
v 0.746679 0.112731 -0.190067
v 0.824026 0.128202 -0.186363
v 0.817084 0.144321 -0.176856
v 0.868205 0.141689 -0.177170
v 0.873721 0.124853 -0.181908
v 0.896432 0.141925 -0.176453
v 0.898167 0.121849 -0.182043
v 0.913885 0.141450 -0.176340
v 0.909926 0.122268 -0.181426
v 0.925010 0.137923 -0.176834
v 0.916354 0.120613 -0.181255
v 0.916657 0.098916 -0.185408
v 0.929392 0.087131 -0.188296
v 0.933178 0.131032 -0.174734
v 0.915352 0.156037 -0.171782
v 0.895372 0.155993 -0.171127
v 0.894640 0.162509 -0.160292
v 0.893790 0.151425 -0.158426
v 0.863855 0.155901 -0.171418
v 0.859978 0.162620 -0.160137
v 0.857202 0.150654 -0.158830
v 0.855710 0.138270 -0.162348
v 0.892555 0.139250 -0.161931
v 0.803944 0.161752 -0.158643
v 0.801701 0.144132 -0.161398
v 0.800451 0.131530 -0.165028
v 0.805609 0.114760 -0.169852
v 0.853968 0.125488 -0.166235
v 0.849455 0.112132 -0.170245
v 0.883886 0.112181 -0.170089
v 0.889569 0.125896 -0.166047
v 0.811182 0.157136 -0.171207
v 0.363925 0.052605 -0.269972
v 0.172947 0.061314 -0.237484
v 0.056673 0.053908 -0.243930
v 0.058547 0.064337 -0.230001
v 0.055225 0.083011 -0.204617
v -0.058840 0.068060 -0.221048
v -0.060656 0.085256 -0.195654
v -0.062308 0.107621 -0.161569
v 0.053474 0.109996 -0.167970
v -0.063759 0.107447 -0.108176
v 0.057379 0.120704 -0.107963
v -0.065249 0.138001 -0.036784
v 0.053644 0.146667 -0.035811
v -0.068754 0.148858 0.010471
v 0.052375 0.155009 0.011905
v -0.066635 0.122199 0.067153
v 0.052158 0.127601 0.081218
v -0.066721 0.109690 0.130875
v 0.046630 0.117173 0.149195
v -0.066492 0.100518 0.170143
v 0.046370 0.097354 0.182531
v -0.064651 0.079729 0.201289
v 0.050826 0.075287 0.212644
v 0.169881 0.069491 0.224670
v 0.046012 0.063061 0.229015
v 0.156054 0.059097 0.237584
v 0.043355 0.053498 0.241309
v 0.146672 0.050805 0.247458
v 0.043214 0.042757 0.244960
v 0.140656 0.037766 0.244368
v 0.044487 0.029309 0.235310
v 0.138653 0.018588 0.229998
v 0.205745 0.022513 0.234412
v -0.063726 0.049978 0.243570
v -0.064078 0.034002 0.235700
v -0.064682 0.020159 0.225119
v -0.173503 0.024461 0.219830
v -0.173475 0.007664 0.207368
v -0.181418 -0.012360 0.191568
v -0.059939 0.001976 0.211461
v -0.186418 -0.042569 0.167377
v -0.054907 -0.040964 0.179319
v 0.063790 -0.049119 0.171302
v -0.045172 -0.097295 0.116012
v 0.064407 -0.081072 0.147937
v -0.036815 -0.125699 0.075590
v 0.074735 -0.099755 0.112918
v 0.140958 -0.076011 0.124856
v 0.094931 -0.093099 0.040382
v 0.156832 -0.076357 0.040561
v 0.207461 -0.080540 0.028617
v 0.155818 -0.076343 -0.074828
v 0.088920 -0.095389 -0.074335
v 0.073015 -0.092766 -0.133986
v 0.146829 -0.075965 -0.135241
v 0.073895 -0.070383 -0.164328
v -0.037756 -0.115275 -0.092981
v -0.047599 -0.070531 -0.155429
v -0.049366 -0.016212 -0.200335
v 0.074511 -0.038001 -0.183413
v -0.184076 -0.055824 -0.148489
v -0.186140 -0.024363 -0.184338
v -0.183178 0.000953 -0.203651
v -0.058397 0.012598 -0.221783
v 0.070397 -0.002398 -0.215026
v -0.182030 0.019278 -0.217353
v -0.057675 0.029571 -0.234743
v 0.060812 0.026321 -0.235770
v -0.058869 0.042018 -0.243486
v 0.057410 0.039787 -0.245370
v -0.059501 0.056497 -0.237711
v -0.183661 0.033295 -0.226296
v -0.183807 0.046561 -0.219687
v -0.182767 0.058337 -0.204088
v -0.288322 0.044560 -0.192797
v -0.292626 0.055404 -0.175534
v -0.184700 0.072155 -0.182868
v -0.184490 0.091455 -0.154121
v -0.176313 0.097342 -0.102344
v -0.290763 0.118824 -0.028809
v -0.180201 0.127937 -0.035137
v -0.289464 0.130465 0.004299
v -0.181649 0.141521 0.005191
v -0.295291 0.108658 0.045124
v -0.178301 0.116721 0.055442
v -0.181821 0.096695 0.119282
v -0.185447 0.089219 0.157090
v -0.290058 0.053935 0.176219
v -0.182258 0.069287 0.185703
v -0.283614 0.044814 0.191820
v -0.177509 0.057892 0.204086
v -0.065013 0.066679 0.220742
v -0.175572 0.048316 0.217978
v -0.064101 0.057671 0.233706
v -0.175148 0.038527 0.226511
v -0.331072 0.048295 0.171150
v -0.330777 0.038203 0.187001
v -0.341539 0.037176 0.163374
v -0.341190 0.025312 0.179290
v -0.338755 0.007787 0.168935
v -0.336924 -0.005074 0.181914
v -0.340993 0.043758 0.138186
v -0.359679 0.040731 0.121787
v -0.368183 0.014028 0.111531
v -0.416226 0.033741 0.113807
v -0.415063 0.006291 0.108376
v -0.419406 -0.014531 0.104179
v -0.369177 -0.008946 0.103142
v -0.511367 0.009424 0.101343
v -0.512110 -0.011686 0.095060
v -0.515633 -0.030281 0.093781
v -0.620313 -0.006615 0.076086
v -0.619755 -0.022622 0.068251
v -0.620762 -0.033804 0.052313
v -0.515647 -0.044467 0.079772
v -0.623383 -0.047793 0.028374
v -0.520064 -0.061528 0.053833
v -0.418264 -0.068129 0.073946
v -0.313678 -0.085334 0.077148
v -0.518827 -0.072703 0.007472
v -0.417594 -0.086100 0.013348
v -0.309357 -0.101338 0.017058
v -0.178318 -0.119053 0.019894
v -0.183489 -0.111119 0.073716
v -0.419566 -0.080495 -0.056493
v -0.311531 -0.099661 -0.053847
v -0.181359 -0.117949 -0.052366
v -0.032190 -0.131964 -0.052975
v -0.031757 -0.132296 0.024420
v -0.182943 -0.098424 -0.094863
v -0.520352 -0.068057 -0.044027
v -0.518576 -0.047483 -0.076634
v -0.623498 -0.050080 -0.026414
v -0.620818 -0.034772 -0.052476
v -0.621247 -0.024434 -0.069375
v -0.517381 -0.032432 -0.093776
v -0.621316 -0.010513 -0.077915
v -0.514486 -0.013870 -0.097038
v -0.419238 -0.016456 -0.107437
v -0.513668 0.005020 -0.103796
v -0.414655 0.003399 -0.107937
v -0.515689 0.029718 -0.101697
v -0.409072 0.026083 -0.118192
v -0.350292 0.031686 -0.126092
v -0.337651 0.026267 -0.151922
v -0.341982 0.043548 -0.165453
v -0.328385 0.049838 -0.172265
v -0.330346 0.039160 -0.187706
v -0.341225 0.028983 -0.181298
v -0.337980 0.008989 -0.168395
v -0.340495 -0.007704 -0.175925
v -0.326602 -0.014853 -0.178037
v -0.324866 -0.033104 -0.149758
v -0.283259 -0.015310 -0.181983
v -0.294855 -0.038046 -0.161153
v -0.517922 0.057738 -0.089602
v -0.617767 0.029697 -0.073854
v -0.614458 0.052954 -0.065688
v -0.609882 0.067399 -0.045787
v -0.517558 0.075172 -0.060043
v -0.607877 0.079525 -0.024133
v -0.517761 0.092569 -0.026998
v -0.406354 0.103740 -0.032247
v -0.518536 0.103337 0.001566
v -0.407331 0.116728 0.003978
v -0.515994 0.091191 0.028016
v -0.408022 0.097828 0.041055
v -0.513160 0.074630 0.060138
v -0.607499 0.081908 0.017101
v -0.609738 0.069863 0.039451
v -0.613829 0.056150 0.060274
v -0.514217 0.059704 0.085634
v -0.617562 0.035470 0.070644
v -0.514440 0.036841 0.099589
v -0.620538 0.013175 0.074562
v -0.699458 0.030344 0.051844
v -0.700267 0.012520 0.055101
v -0.701340 -0.003724 0.056812
v -0.765324 0.011671 0.040756
v -0.765701 -0.000527 0.040987
v -0.765189 -0.011389 0.035271
v -0.701261 -0.016880 0.049882
v -0.764356 -0.019146 0.024900
v -0.699977 -0.026840 0.035447
v -0.764216 -0.026003 0.013764
v -0.700048 -0.036909 0.019064
v -0.764379 -0.031235 -0.000400
v -0.701510 -0.044596 -0.000248
v -0.623787 -0.058286 0.002221
v -0.700322 -0.037070 -0.020224
v -0.763439 -0.026693 -0.014608
v -0.762893 -0.019873 -0.026137
v -0.699639 -0.026779 -0.037444
v -0.761886 -0.013262 -0.036579
v -0.699683 -0.017996 -0.051458
v -0.762515 -0.005350 -0.043305
v -0.699915 -0.007849 -0.060005
v -0.762398 0.005690 -0.044141
v -0.698890 0.005789 -0.058578
v -0.620455 0.007491 -0.077993
v -0.699356 0.023185 -0.055239
v -0.763114 0.018192 -0.042122
v -0.763850 0.031262 -0.038021
v -0.699121 0.042397 -0.050058
v -0.764385 0.041864 -0.029177
v -0.698016 0.055251 -0.036858
v -0.764936 0.049233 -0.016408
v -0.697672 0.065371 -0.021264
v -0.765775 0.053088 -0.002789
v -0.697775 0.071800 -0.004226
v -0.607746 0.088650 -0.003744
v -0.697986 0.068374 0.012900
v -0.765758 0.050642 0.010362
v -0.765620 0.044495 0.022993
v -0.698001 0.059075 0.029278
v -0.765933 0.037300 0.033710
v -0.699085 0.047804 0.044121
v -0.765407 0.025123 0.038293
v -0.821499 0.028196 0.024210
v -0.820804 0.019679 0.027238
v -0.820456 0.010753 0.028897
v -0.865184 0.016400 0.018210
v -0.865013 0.010408 0.019180
v -0.864903 0.004240 0.018360
v -0.820471 0.001802 0.029207
v -0.864744 -0.001247 0.015683
v -0.820066 -0.006254 0.024914
v -0.864441 -0.005348 0.011587
v -0.819447 -0.011667 0.017676
v -0.864367 -0.008808 0.006151
v -0.819221 -0.016737 0.009549
v -0.864513 -0.011713 0.000743
v -0.819348 -0.020023 0.000987
v -0.864262 -0.010324 -0.005246
v -0.819313 -0.017657 -0.008226
v -0.864143 -0.007306 -0.010791
v -0.819426 -0.013145 -0.016734
v -0.864277 -0.003957 -0.015893
v -0.820030 -0.008161 -0.023981
v -0.864696 0.000428 -0.020676
v -0.820832 -0.002387 -0.029758
v -0.864784 0.006607 -0.021342
v -0.820944 0.006783 -0.030839
v -0.864943 0.012848 -0.020234
v -0.821024 0.015323 -0.029553
v -0.865262 0.018292 -0.018000
v -0.821490 0.023944 -0.026578
v -0.865666 0.023865 -0.013354
v -0.821824 0.031549 -0.020609
v -0.865739 0.026604 -0.008007
v -0.821906 0.036330 -0.011730
v -0.865700 0.027976 -0.001384
v -0.822187 0.038698 -0.001920
v -0.865465 0.027238 0.005368
v -0.821744 0.037159 0.007971
v -0.865348 0.025212 0.010667
v -0.821382 0.033389 0.016761
v -0.865511 0.022495 0.015898
v -0.905216 0.016255 0.005880
v -0.906857 0.015310 0.009184
v -0.938631 0.008796 -0.000138
v -0.907031 0.012093 0.009291
v -0.937342 0.010062 0.000276
v -0.942845 0.005893 -0.001890
v -0.942733 0.004804 -0.001179
v -0.934507 0.003653 -0.003732
v -0.934708 0.003254 -0.002121
v -0.904755 -0.002709 -0.003043
v -0.904907 -0.002929 -0.000071
v -0.904691 -0.001003 -0.005686
v -0.934466 0.004241 -0.005003
v -0.904684 0.001531 -0.007984
v -0.934571 0.005886 -0.005209
v -0.904743 0.004124 -0.009808
v -0.934580 0.007249 -0.005406
v -0.904634 0.006666 -0.010208
v -0.904735 0.009375 -0.010195
v -0.904729 0.011871 -0.008888
v -0.904910 0.015196 -0.005928
v -0.935344 0.011550 -0.003395
v -0.904970 0.016695 -0.002965
v -0.935927 0.011969 -0.001913
v -0.905035 0.017241 0.000034
v -0.936510 0.011245 0.000109
v -0.905097 0.017030 0.003070
v -0.943022 0.007621 -0.003017
v -0.905310 -0.000412 0.004328
v -0.187858 -0.079003 0.118315
v -0.290110 -0.033102 0.165383
v -0.278635 -0.010805 0.183591
v -0.324696 -0.013006 0.177654
v 0.252041 -0.130021 -0.081946
v 0.275281 -0.136955 -0.022653
v 0.253304 -0.137353 -0.020701
v 0.236858 -0.137440 -0.018942
v 0.254327 -0.133635 0.049827
v 0.238190 -0.133415 0.051730
v 0.224769 -0.132497 0.054576
v 0.223269 -0.136434 -0.015978
v 0.217026 -0.127943 0.050098
v 0.248263 -0.126788 0.105431
v 0.274606 -0.133521 0.049101
v 0.686802 -0.159843 0.134407
v 0.689444 -0.145468 0.156686
v 0.707916 -0.150896 0.153848
v 0.699954 -0.135037 0.174371
v 0.696046 -0.121167 0.184669
v 0.537634 -0.015043 0.565204
v 0.563949 -0.033432 0.510164
v 0.559470 -0.039190 0.516840
v 0.556782 -0.045119 0.508294
v 0.555665 -0.043958 0.507793
v 0.556754 -0.047028 0.499011
v 0.554592 -0.042401 0.507310
v 0.553366 -0.041285 0.504879
v 0.556159 -0.039672 0.506709
v 0.356104 -0.087228 0.095283
v 0.319945 -0.087266 0.096113
v 0.320018 -0.084376 0.087381
v 0.355996 -0.084900 0.086007
v 0.319951 -0.095987 0.100103
v 0.287030 -0.097137 0.101405
v 0.287001 -0.087551 0.098787
v 0.320010 -0.105683 0.100384
v 0.287186 -0.107632 0.101661
v 0.265612 -0.107371 0.105273
v 0.265240 -0.096650 0.105787
v 0.320177 -0.111021 0.094144
v 0.286720 -0.113071 0.093757
v 0.265110 -0.114117 0.095398
v 0.251934 -0.115792 0.096819
v 0.251886 -0.107134 0.108179
v 0.286356 -0.114411 0.083501
v 0.264984 -0.116308 0.083137
v 0.285618 -0.115032 0.073220
v 0.264981 -0.115573 0.071617
v 0.285380 -0.109669 0.065768
v 0.264396 -0.108894 0.065132
v 0.285146 -0.100144 0.063817
v 0.263908 -0.100094 0.063509
v 0.285112 -0.090139 0.064586
v 0.263218 -0.090327 0.064206
v 0.285155 -0.083846 0.069533
v 0.262851 -0.083113 0.070075
v 0.285396 -0.083204 0.079570
v 0.263108 -0.082892 0.081884
v 0.286149 -0.083949 0.090101
v 0.263857 -0.083244 0.094047
v 0.249177 -0.082900 0.097679
v 0.264939 -0.086947 0.103810
v 0.250006 -0.087045 0.108211
v 0.250464 -0.096221 0.109106
v 0.239722 -0.105877 0.110818
v 0.241114 -0.117085 0.099549
v 0.320026 -0.083492 0.077679
v 0.319952 -0.084142 0.068762
v 0.355541 -0.086227 0.066965
v 0.355896 -0.084531 0.075848
v 0.319789 -0.091118 0.064780
v 0.319839 -0.100491 0.064993
v 0.320178 -0.107620 0.068722
v 0.319968 -0.111703 0.075630
v 0.353949 -0.112471 0.077143
v 0.320157 -0.112075 0.084841
v 0.354310 -0.112184 0.085603
v 0.379519 -0.112939 0.083818
v 0.722974 -0.036211 0.512744
v 0.723451 -0.035696 0.514394
v 0.721580 -0.035516 0.514562
v 0.720159 -0.034024 0.513469
v 0.720216 -0.035385 0.514685
v 0.719966 -0.031174 0.510898
v 0.720071 -0.031926 0.511595
v 0.721036 -0.029201 0.508768
v 0.719998 -0.030187 0.510041
v 0.723102 -0.028990 0.508394
v 0.725803 -0.028106 0.508108
v 0.722323 -0.029704 0.508324
v 0.724842 -0.029495 0.507853
v 0.727006 -0.029209 0.507784
v 0.724072 -0.030818 0.507667
v 0.721611 -0.031099 0.508014
v 0.719818 -0.031275 0.508306
v 0.717698 -0.031189 0.508179
v 0.722827 -0.031801 0.507592
v 0.720485 -0.033116 0.507586
v 0.719092 -0.032243 0.507933
v 0.719124 -0.033467 0.507531
v 0.715730 -0.035069 0.506234
v 0.715826 -0.033708 0.506488
v 0.719905 -0.034621 0.508156
v 0.723196 -0.033179 0.507662
v 0.725102 -0.032867 0.507896
v 0.722827 -0.034762 0.509010
v 0.724933 -0.033977 0.508644
v 0.722709 -0.036237 0.510975
v 0.724673 -0.035507 0.510496
v 0.719882 -0.036375 0.510077
v 0.719895 -0.036305 0.511743
v 0.716082 -0.038197 0.509674
v 0.715424 -0.036026 0.510744
v 0.712288 -0.039304 0.507992
v 0.715865 -0.037159 0.508030
v 0.712332 -0.037836 0.506802
v 0.712376 -0.036357 0.505604
v 0.712400 -0.035555 0.504954
v 0.712321 -0.033857 0.505377
v 0.715809 -0.032631 0.507396
v 0.712208 -0.032582 0.506425
v 0.714814 -0.031471 0.507874
v 0.714198 -0.030440 0.508305
v 0.712050 -0.030797 0.507893
v 0.716186 -0.029899 0.508500
v 0.712085 -0.032622 0.509144
v 0.719642 -0.029139 0.508999
v 0.709825 -0.031184 0.507582
v 0.704385 -0.038053 0.508231
v 0.703982 -0.032200 0.506767
v 0.294188 -0.094239 0.142876
v 0.293837 -0.085650 0.138589
v 0.263381 -0.093218 0.148076
v 0.262482 -0.085366 0.140236
v 0.261633 -0.083925 0.128835
v 0.244984 -0.083768 0.140543
v 0.261735 -0.089340 0.120520
v 0.265385 -0.099000 0.120905
v 0.259206 -0.106230 0.122790
v 0.260973 -0.108985 0.132566
v 0.262796 -0.103490 0.142731
v 0.246969 -0.091845 0.150493
v 0.236443 -0.088892 0.152510
v 0.232548 -0.082573 0.140468
v 0.412391 -0.109093 0.041892
v 0.389066 -0.105063 0.048051
v 0.390310 -0.093396 0.048125
v 0.412628 -0.099410 0.038330
v 0.387045 -0.115600 0.044326
v 0.354346 -0.112163 0.044409
v 0.354713 -0.102482 0.048460
v 0.385604 -0.118838 0.033735
v 0.353919 -0.117502 0.034953
v 0.318004 -0.117834 0.035248
v 0.318206 -0.113459 0.045428
v 0.384577 -0.119944 0.023039
v 0.353691 -0.119103 0.023979
v 0.317852 -0.119034 0.023490
v 0.288285 -0.120823 0.022139
v 0.288448 -0.119340 0.035517
v 0.353539 -0.119736 0.012742
v 0.317831 -0.118335 0.012253
v 0.288624 -0.120693 0.009930
v 0.271837 -0.121426 0.007182
v 0.271171 -0.122332 0.020531
v 0.317728 -0.111492 0.007484
v 0.288624 -0.111215 0.005304
v 0.272330 -0.110796 0.003578
v 0.288416 -0.100238 0.008177
v 0.272682 -0.099116 0.005146
v 0.288182 -0.089523 0.011437
v 0.272951 -0.087545 0.008333
v 0.287671 -0.083038 0.020393
v 0.271618 -0.083149 0.019761
v 0.287333 -0.083040 0.031999
v 0.270790 -0.083221 0.032675
v 0.258925 -0.082958 0.034384
v 0.270688 -0.085733 0.045226
v 0.287264 -0.085102 0.043408
v 0.287797 -0.093639 0.048814
v 0.270439 -0.094919 0.051188
v 0.288482 -0.104746 0.049432
v 0.270558 -0.105502 0.052241
v 0.289095 -0.115440 0.047199
v 0.271189 -0.116248 0.050902
v 0.270757 -0.120758 0.036935
v 0.318037 -0.102876 0.048312
v 0.317653 -0.091451 0.048216
v 0.355098 -0.090889 0.048383
v 0.317318 -0.083405 0.043198
v 0.355226 -0.083456 0.042483
v 0.317192 -0.082329 0.032010
v 0.354837 -0.082290 0.031069
v 0.317252 -0.082708 0.021004
v 0.354569 -0.083279 0.020089
v 0.317311 -0.090686 0.014415
v 0.354338 -0.092078 0.014050
v 0.386519 -0.094912 0.013067
v 0.354105 -0.102062 0.010231
v 0.385396 -0.104166 0.009569
v 0.405107 -0.106767 0.009306
v 0.407336 -0.099141 0.012461
v 0.384616 -0.112944 0.006782
v 0.353732 -0.112442 0.006977
v 0.384352 -0.120175 0.012188
v 0.317560 -0.101155 0.010525
v 0.425575 -0.118130 -0.046623
v 0.402214 -0.116946 -0.048863
v 0.402167 -0.119554 -0.038166
v 0.402502 -0.120816 -0.026670
v 0.369021 -0.117955 -0.038405
v 0.369171 -0.119349 -0.026728
v 0.369424 -0.120213 -0.014789
v 0.403592 -0.121247 -0.015262
v 0.369767 -0.112165 -0.008163
v 0.404311 -0.110840 -0.010708
v 0.425527 -0.108815 -0.011595
v 0.439325 -0.106606 -0.018067
v 0.441190 -0.096824 -0.029434
v 0.428638 -0.088576 -0.034473
v 0.405400 -0.084035 -0.036316
v 0.405264 -0.086778 -0.046153
v 0.370155 -0.082893 -0.034769
v 0.370084 -0.085093 -0.045390
v 0.369856 -0.092897 -0.050920
v 0.404340 -0.095527 -0.050999
v 0.369488 -0.104097 -0.051119
v 0.403052 -0.107446 -0.051234
v 0.369122 -0.114355 -0.048609
v 0.333300 -0.101905 -0.051231
v 0.333357 -0.113385 -0.049864
v 0.333294 -0.117159 -0.039841
v 0.299934 -0.110240 -0.050987
v 0.299858 -0.117632 -0.043384
v 0.299266 -0.119406 -0.030684
v 0.333216 -0.118735 -0.028254
v 0.299100 -0.120409 -0.017406
v 0.333168 -0.119878 -0.016096
v 0.299102 -0.114184 -0.007720
v 0.333169 -0.113219 -0.007762
v 0.298912 -0.103109 -0.009608
v 0.333213 -0.102373 -0.010788
v 0.369940 -0.100866 -0.011511
v 0.333238 -0.091262 -0.014629
v 0.370110 -0.089619 -0.015722
v 0.333247 -0.082868 -0.022038
v 0.370165 -0.082903 -0.024033
v 0.333216 -0.082666 -0.032247
v 0.298598 -0.083190 -0.019012
v 0.298061 -0.082842 -0.029769
v 0.298481 -0.083837 -0.041075
v 0.333198 -0.084514 -0.043365
v 0.299008 -0.088917 -0.050455
v 0.333239 -0.090972 -0.050773
v 0.299493 -0.099466 -0.051276
v 0.276397 -0.087219 -0.050985
v 0.276711 -0.097469 -0.053337
v 0.277294 -0.108691 -0.054133
v 0.262723 -0.095790 -0.055317
v 0.263774 -0.106457 -0.056450
v 0.264874 -0.118506 -0.053822
v 0.278178 -0.118620 -0.048052
v 0.264720 -0.121848 -0.036530
v 0.278204 -0.120812 -0.033649
v 0.278154 -0.122212 -0.017802
v 0.278101 -0.114878 -0.005622
v 0.277584 -0.102523 -0.005795
v 0.277568 -0.090287 -0.007020
v 0.299012 -0.091753 -0.012428
v 0.276244 -0.082916 -0.015717
v 0.275185 -0.082704 -0.028383
v 0.261096 -0.082769 -0.043418
v 0.275495 -0.083006 -0.041009
v 0.262200 -0.086556 -0.053317
v 0.253538 -0.113870 -0.057749
v 0.816995 -0.036279 0.506524
v 0.815603 -0.030403 0.501369
v 0.818626 -0.033265 0.503972
v 0.829301 -0.034826 0.493004
v 0.582133 -0.001255 0.222841
v 0.545131 0.007529 0.224000
v 0.520167 0.010352 0.241720
v 0.515822 0.007276 0.255227
v 0.514037 0.000469 0.271097
v 0.530506 0.003835 0.272565
v 0.515753 -0.006282 0.244888
v 0.514410 -0.013671 0.258514
v 0.532326 -0.008020 0.256648
v 0.548441 0.002518 0.252360
v 0.542859 0.014804 0.270051
v 0.514896 -0.028313 0.244696
v 0.516221 -0.017984 0.229367
v 0.520096 -0.022699 0.203685
v 0.518796 -0.011577 0.221376
v 0.518200 -0.000406 0.232329
v 0.526994 -0.015382 0.207179
v 0.339615 -0.095852 -0.066317
v 0.339825 -0.085914 -0.069446
v 0.371434 -0.087001 -0.069890
v 0.392112 -0.093174 -0.075974
v 0.339382 -0.107061 -0.067106
v 0.305506 -0.105801 -0.067632
v 0.305470 -0.094485 -0.066275
v 0.339328 -0.112654 -0.074705
v 0.305761 -0.112708 -0.074294
v 0.276400 -0.115082 -0.073522
v 0.276370 -0.106896 -0.065593
v 0.339433 -0.112361 -0.085666
v 0.306096 -0.113098 -0.085209
v 0.276551 -0.115180 -0.085376
v 0.306559 -0.111308 -0.096140
v 0.277154 -0.112892 -0.097001
v 0.258816 -0.114043 -0.099377
v 0.246781 -0.114388 -0.103662
v 0.277899 -0.104582 -0.104365
v 0.260116 -0.105051 -0.107484
v 0.248300 -0.104547 -0.110797
v 0.237378 -0.103190 -0.112876
v 0.261107 -0.094124 -0.107326
v 0.249314 -0.094647 -0.110568
v 0.261282 -0.085274 -0.099987
v 0.250367 -0.085365 -0.104168
v 0.260702 -0.082961 -0.086269
v 0.250220 -0.082793 -0.088862
v 0.260381 -0.083310 -0.071986
v 0.277231 -0.083319 -0.083243
v 0.276652 -0.084522 -0.071440
v 0.276399 -0.094937 -0.065874
v 0.259824 -0.095789 -0.065579
v 0.305647 -0.084497 -0.070163
v 0.306063 -0.083663 -0.080745
v 0.339804 -0.084063 -0.079678
v 0.306480 -0.086023 -0.091546
v 0.339728 -0.084816 -0.090806
v 0.306811 -0.093555 -0.099425
v 0.339612 -0.091721 -0.099792
v 0.306850 -0.104000 -0.102417
v 0.339499 -0.102875 -0.102393
v 0.370490 -0.102269 -0.101113
v 0.339461 -0.110693 -0.096364
v 0.370352 -0.109611 -0.096662
v 0.278437 -0.093821 -0.102789
v 0.278057 -0.085940 -0.094825
v 0.226756 -0.102445 -0.118605
v 0.251852 -0.101959 -0.123574
v 0.525204 -0.020756 0.196620
v 0.555247 -0.039059 0.188744
v 0.245586 0.145424 0.019053
v 0.244572 0.146043 -0.022095
v 0.269246 0.134718 0.050906
v 0.312751 0.127843 0.071916
v 0.383247 0.129309 0.094217
v 0.370176 0.125440 0.081081
v 0.358061 0.113415 0.074829
v 0.426226 0.138323 0.079417
v 0.421172 0.133050 0.070518
v 0.409309 0.123445 0.052118
v 0.346967 0.093979 0.067533
v 0.462363 0.169004 0.067732
v 0.462624 0.169001 0.057620
v 0.463345 0.168413 0.043711
v 0.463138 0.168312 0.022264
v 0.410496 0.132204 0.027021
v 0.490586 0.192251 0.035897
v 0.490004 0.191617 0.017988
v 0.489453 0.191211 -0.016766
v 0.462817 0.168042 -0.019352
v 0.503534 0.205354 0.034016
v 0.501206 0.204371 0.016862
v 0.500735 0.203968 -0.015791
v 0.503505 0.204673 -0.035117
v 0.490020 0.191903 -0.037113
v 0.516346 0.203777 0.016402
v 0.516974 0.203390 -0.015267
v 0.517948 0.203772 -0.034343
v 0.543156 0.198586 -0.015299
v 0.544225 0.199146 -0.034570
v 0.544421 0.200962 -0.046916
v 0.518061 0.204700 -0.044245
v 0.504758 0.205440 -0.044384
v 0.490037 0.192979 -0.046802
v 0.465013 0.169802 -0.062927
v 0.464778 0.169819 -0.053597
v 0.464554 0.169217 -0.041224
v 0.430249 0.140086 -0.062787
v 0.433632 0.143335 -0.073458
v 0.400261 0.118922 -0.077449
v 0.351996 0.103307 -0.073199
v 0.436786 0.145097 -0.080773
v 0.409555 0.126848 -0.084471
v 0.355963 0.119029 -0.078620
v 0.312121 0.123268 -0.072393
v 0.417318 0.130804 -0.092213
v 0.364587 0.129452 -0.093957
v 0.444860 0.142680 -0.087243
v 0.467224 0.166881 -0.070319
v 0.472140 0.160874 -0.076219
v 0.495861 0.146875 -0.084446
v 0.519058 0.165391 -0.072900
v 0.604612 0.133692 -0.090214
v 0.605847 0.158439 -0.071692
v 0.533873 0.184032 -0.061224
v 0.541059 0.193920 -0.054711
v 0.270971 0.133541 -0.059969
v 0.542768 0.198604 0.014860
v 0.632553 0.188730 0.007938
v 0.543863 0.199509 0.034935
v 0.625171 0.189797 0.035486
v 0.732748 0.166889 -0.001325
v 0.541044 0.200821 0.047388
v 0.531254 0.191118 0.055436
v 0.516358 0.204301 0.034363
v 0.513186 0.172785 0.066791
v 0.466271 0.161691 0.074479
v 0.481129 0.149298 0.081334
v 0.577021 0.126105 0.095018
v 0.431093 0.140221 0.087188
v 0.279251 -0.087495 -0.144779
v 0.278511 -0.084138 -0.134704
v 0.254346 -0.083141 -0.133588
v 0.256033 -0.085653 -0.145255
v 0.278163 -0.085389 -0.125593
v 0.241607 -0.083536 -0.145225
v 0.256475 -0.097838 -0.149820
v 0.334594 0.091223 0.047910
v 0.689606 0.120048 0.166067
v 0.687711 0.116455 0.163125
v 0.675696 0.117773 0.163282
v 0.681261 0.116326 0.166143
v 0.681642 0.123568 0.164882
v 0.673811 -0.119695 0.124889
v 0.694818 -0.143517 0.123526
v 0.706551 -0.149606 0.121099
v 0.462068 0.025521 -0.238057
v 0.467687 0.011942 -0.217685
v 0.574122 -0.072367 -0.199224
v 0.689913 -0.118829 -0.138319
v 0.692448 -0.138310 -0.170562
v 0.552075 0.019047 0.232154
v -0.318747 -0.038300 -0.138477
v -0.284903 -0.050842 -0.137643
v 0.366443 0.106551 0.042981
v 0.721769 -0.026232 -0.522001
v 0.530598 -0.020194 0.204727
v 0.514091 -0.060814 0.214404
v 0.822742 -0.032175 -0.482671
vn 0.0748 0.0125 0.9971
vn 0.0836 -0.1516 0.9849
vn 0.0812 -0.5238 0.8480
vn 0.1015 -0.7619 0.6397
vn -0.0546 0.2492 0.9669
vn -0.0314 0.1049 0.9940
vn 0.0118 0.3812 0.9244
vn 0.0147 -0.3451 0.9385
vn -0.0727 -0.2567 0.9638
vn -0.0512 0.2406 0.9693
vn -0.0023 -0.9144 0.4048
vn 0.0499 -0.9768 0.2082
vn -0.1675 0.5744 0.8013
vn -0.1425 0.8584 0.4927
vn -0.1331 0.8654 0.4831
vn -0.1790 0.6681 0.7222
vn 0.7572 0.5225 0.3919
vn -0.0034 0.4935 0.8697
vn 0.5700 0.6940 0.4399
vn 0.9651 -0.2577 -0.0472
vn 0.6936 0.5364 0.4808
vn 0.7049 0.0429 0.7080
vn 0.6961 -0.1289 0.7062
vn 0.7263 -0.5777 -0.3725
vn -0.4548 0.7541 0.4738
vn -0.3122 0.8691 0.3837
vn -0.5417 0.5486 0.6369
vn -0.8227 -0.1000 0.5596
vn 0.3129 -0.6817 -0.6613
vn -0.0716 -0.7151 -0.6954
vn 0.0073 -0.7223 -0.6915
vn 0.2170 -0.6984 -0.6820
vn -0.0313 -0.5612 0.8271
vn 0.0200 -0.5909 0.8065
vn -0.0670 -0.6586 0.7495
vn -0.3117 -0.6599 0.6837
vn 0.0611 -0.9580 0.2803
vn -0.0051 -0.6847 0.7289
vn 0.0868 -0.9851 0.1484
vn 0.0581 -0.9675 0.2461
vn 0.7277 0.6003 0.3316
vn 0.9264 0.3293 0.1827
vn 0.8719 -0.4584 -0.1723
vn 0.9104 -0.3924 0.1313
vn 0.0541 -0.4764 0.8776
vn 0.3363 -0.8195 0.4640
vn 0.7052 -0.4091 0.5791
vn 0.5362 0.1158 0.8361
vn 0.0132 -0.0857 0.9962
vn -0.0535 0.5807 0.8123
vn 0.0902 -0.9739 0.2081
vn 0.3041 -0.8168 -0.4903
vn 0.9724 -0.2272 0.0531
vn 0.9100 -0.0019 0.4146
vn 0.8764 -0.0973 0.4716
vn 0.9443 -0.2913 0.1528
vn 0.1499 -0.8952 -0.4196
vn 0.3721 0.5288 -0.7629
vn -0.2377 -0.9713 -0.0048
vn 0.0796 0.3013 0.9502
vn -0.0233 -0.9157 0.4013
vn 0.0099 -0.9998 -0.0183
vn 0.4222 0.1703 0.8904
vn 0.0816 0.2530 0.9640
vn 0.0820 -0.4004 0.9127
vn 0.4154 -0.5050 0.7566
vn 0.0356 0.8484 0.5281
vn 0.0449 0.3970 0.9167
vn 0.0162 0.3361 0.9417
vn 0.0313 0.8211 0.5700
vn 0.0737 -0.8247 0.5607
vn 0.0757 -0.8698 0.4875
vn 0.0585 -0.9877 0.1451
vn 0.0623 -0.9196 0.3878
vn -0.0424 0.7230 0.6896
vn 0.0003 0.5432 0.8396
vn 0.0354 0.0023 0.9994
vn 0.0681 -0.0192 0.9975
vn 0.2572 -0.9658 0.0331
vn 0.3736 -0.9242 -0.0789
vn 0.1381 -0.9900 -0.0269
vn -0.0127 -0.9961 0.0871
vn 0.1847 0.9780 -0.0970
vn -0.0419 0.9108 -0.4107
vn 0.0770 0.1908 -0.9786
vn 0.4018 0.5355 -0.7429
vn -0.0587 0.7303 -0.6806
vn -0.1138 0.7026 -0.7024
vn -0.0907 0.9908 -0.1001
vn -0.0636 0.9976 -0.0277
vn -0.0795 -0.8924 -0.4442
vn 0.0042 -0.8408 -0.5413
vn 0.0415 -0.6588 -0.7512
vn -0.0180 -0.7300 -0.6832
vn -0.2584 0.9408 -0.2193
vn -0.2961 0.9275 -0.2281
vn -0.1517 0.9814 -0.1180
vn -0.1109 0.9868 -0.1181
vn -0.9034 -0.2853 -0.3200
vn -0.9574 0.0562 0.2833
vn -0.6538 0.7558 -0.0363
vn -0.8661 0.3215 -0.3828
vn 0.6219 -0.0308 0.7825
vn 0.2853 -0.8370 -0.4670
vn -0.1041 0.0219 0.9943
vn 0.4901 -0.3201 0.8108
vn 0.5062 -0.6364 0.5821
vn 0.5440 -0.5723 0.6137
vn 0.4651 -0.6681 -0.5808
vn -0.2778 -0.7012 0.6567
vn 0.0617 -0.4525 0.8896
vn 0.0844 0.2634 0.9610
vn -0.0121 0.3773 0.9260
vn -0.0210 -0.3474 0.9375
vn -0.0775 -0.7998 0.5952
vn -0.0873 -0.8153 0.5725
vn -0.0308 -0.8078 0.5887
vn -0.0229 -0.7829 0.6217
vn 0.9120 0.1181 0.3928
vn 0.0128 -0.9415 0.3367
vn 0.0313 -0.9719 0.2334
vn 0.3928 -0.3668 0.8433
vn 0.7521 -0.6485 -0.1171
vn 0.9066 -0.3469 -0.2403
vn 0.9481 -0.0668 -0.3108
vn 0.6566 -0.7465 -0.1079
vn 0.5972 -0.6339 -0.4914
vn 0.3720 -0.9115 0.1753
vn 0.9201 -0.3709 0.1260
vn 0.6743 -0.4697 0.5698
vn 0.9749 0.1198 0.1879
vn 0.7857 -0.4653 -0.4078
vn 0.0573 -0.9438 0.3254
vn 0.6431 0.7221 -0.2548
vn 0.2707 -0.9614 0.0498
vn 0.2097 -0.9771 -0.0363
vn 0.5876 -0.8090 0.0129
vn 0.6361 -0.7692 0.0610
vn 0.3054 -0.9522 0.0100
vn 0.6951 0.6610 -0.2827
vn 0.5989 0.7413 -0.3029
vn 0.1701 0.9682 -0.1835
vn 0.2675 0.9489 -0.1675
vn 0.4688 0.8583 -0.2085
vn -0.5190 0.3975 0.7568
vn -0.1342 0.3411 0.9304
vn -0.5108 -0.1657 0.8436
vn -0.6449 0.3766 0.6650
vn -0.2291 0.8041 -0.5486
vn -0.0625 0.8108 0.5820
vn -0.1373 0.9820 0.1295
vn 0.9552 -0.0560 -0.2905
vn -0.4038 -0.4673 0.7865
vn -0.0316 -0.9954 0.0900
vn -0.0359 -0.9667 -0.2533
vn -0.1071 -0.5754 -0.8109
vn -0.3478 -0.9190 -0.1857
vn -0.1207 0.6877 -0.7158
vn -0.0186 -0.0158 0.9997
vn 0.0031 -0.9578 0.2875
vn 0.3210 0.7130 0.6234
vn 0.4361 0.5636 0.7016
vn 0.1352 0.7493 0.6483
vn 0.3815 0.8254 0.4161
vn -0.0505 0.9902 -0.1300
vn -0.0246 0.9873 -0.1572
vn -0.0204 0.9799 -0.1985
vn -0.0081 0.9820 -0.1890
vn -0.8264 -0.5035 -0.2520
vn -0.7711 -0.4454 -0.4550
vn -0.0748 -0.7733 -0.6296
vn -0.5228 -0.8520 -0.0262
vn 0.0197 -0.9994 -0.0285
vn -0.0487 -0.9517 -0.3032
vn -0.6030 -0.7503 -0.2710
vn -0.0405 -0.9992 -0.0020
vn 0.0825 -0.9789 -0.1869
vn 0.0852 -0.8660 -0.4927
vn -0.0345 -0.8485 -0.5280
vn 0.0020 -0.9953 -0.0969
vn 0.0563 -0.9969 -0.0544
vn 0.2564 -0.9231 -0.2867
vn -0.8617 -0.1817 0.4738
vn -0.2293 -0.5034 0.8331
vn -0.2383 -0.2873 0.9277
vn -0.5122 0.2904 0.8083
vn 0.9605 0.0687 -0.2696
vn -0.6702 0.4075 0.6204
vn -0.5132 0.0407 0.8573
vn -0.0794 0.8508 0.5195
vn -0.1494 0.8808 0.4493
vn -0.1715 0.8175 0.5498
vn -0.8427 0.4813 0.2414
vn -0.2955 0.8544 -0.4275
vn -0.6580 0.4148 -0.6285
vn -0.6816 0.4713 -0.5597
vn -0.2373 0.9315 -0.2757
vn -0.0045 -0.9997 0.0233
vn -0.0054 -0.9997 0.0235
vn 0.0058 -0.9999 0.0156
vn -0.0989 -0.9945 0.0335
vn 0.0058 -0.0322 -0.9995
vn -0.0963 0.3832 -0.9186
vn -0.0120 0.3309 -0.9436
vn -0.0783 0.9877 -0.1350
vn -0.1860 0.5592 0.8079
vn -0.1467 -0.1349 0.9799
vn -0.0382 0.4027 0.9145
vn 0.0335 0.6903 0.7228
vn -0.0519 0.6740 0.7369
vn -0.1619 0.8981 -0.4089
vn -0.2495 0.9683 0.0142
vn -0.1614 0.7684 0.6192
vn -0.0732 0.6530 -0.7538
vn -0.0284 0.8562 0.5158
vn -0.0446 0.5106 -0.8587
vn -0.1650 -0.8541 -0.4933
vn -0.0134 0.7318 0.6814
vn 0.0005 -0.8001 -0.5998
vn 0.0336 -0.4691 0.8825
vn 0.0136 -0.8052 -0.5929
vn 0.0313 -0.8340 -0.5508
vn 0.0510 0.0436 -0.9977
vn 0.0133 0.0658 -0.9977
vn -0.0890 -0.9845 0.1511
vn -0.1834 -0.6507 -0.7369
vn -0.1547 -0.7889 -0.5947
vn -0.0520 -0.9537 0.2963
vn -0.4119 -0.5923 0.6925
vn -0.6463 -0.2321 0.7269
vn -0.9355 -0.2681 0.2302
vn -0.5573 -0.7608 0.3325
vn 0.9206 -0.3003 0.2498
vn 0.7454 -0.6441 0.1718
vn 0.6187 -0.6556 0.4329
vn 0.6458 -0.7559 0.1075
vn -0.0898 -0.1523 -0.9843
vn -0.0132 -0.8242 -0.5661
vn -0.0311 -0.9810 -0.1914
vn -0.5119 -0.3827 -0.7691
vn -0.0374 -0.2757 -0.9605
vn -0.0856 -0.5177 -0.8513
vn -0.8799 -0.0595 -0.4714
vn -0.3632 -0.1791 -0.9143
vn -0.5523 -0.3132 -0.7726
vn -0.9885 -0.1005 -0.1131
vn 0.2187 -0.9625 -0.1604
vn 0.1114 -0.7451 0.6576
vn 0.7587 -0.3415 0.5548
vn 0.8081 -0.2452 0.5355
vn 0.1582 -0.7241 0.6713
vn -0.5119 0.2780 -0.8128
vn -0.5886 0.0812 -0.8043
vn -0.0537 0.1448 -0.9880
vn -0.0137 0.1156 -0.9932
vn 0.0108 0.9050 -0.4253
vn -0.0668 0.8113 -0.5808
vn -0.1328 0.9881 0.0771
vn 0.1265 0.9912 0.0387
vn 0.8467 -0.4813 0.2267
vn 0.9257 -0.2761 0.2585
vn 0.3927 -0.9163 0.0787
vn 0.3696 -0.9245 0.0928
vn -0.0503 0.7702 -0.6358
vn -0.0811 0.9189 -0.3861
vn -0.2087 0.7818 -0.5875
vn -0.1068 0.7763 -0.6212
vn 0.0076 0.9908 -0.1351
vn 0.0119 0.9929 -0.1184
vn -0.0425 0.9891 -0.1409
vn -0.0162 0.9869 -0.1604
vn 0.0135 0.9858 -0.1671
vn 0.0264 0.9875 -0.1555
vn -0.3273 -0.0177 0.9447
vn -0.1784 0.0175 0.9838
vn -0.1873 0.0499 0.9810
vn -0.1610 -0.1582 0.9742
vn -0.0610 0.7390 0.6709
vn -0.1394 0.8934 0.4271
vn -0.3434 0.6435 0.6841
vn -0.1861 0.6606 0.7273
vn -0.0488 0.7391 0.6718
vn -0.0354 0.7753 0.6306
vn -0.0258 0.7315 0.6813
vn 0.2014 -0.6997 -0.6854
vn 0.2567 -0.6785 -0.6883
vn 0.5228 -0.6015 -0.6040
vn 0.5033 -0.6055 -0.6165
vn -0.3342 -0.8673 -0.3689
vn -0.1167 -0.8135 -0.5698
vn -0.1252 -0.7844 -0.6075
vn -0.4952 -0.7672 -0.4076
vn -0.9869 0.1117 -0.1164
vn -0.7992 0.4356 -0.4142
vn -0.7758 0.4803 -0.4092
vn -0.9783 0.1420 -0.1507
vn 0.1320 -0.4456 0.8854
vn -0.1762 -0.3753 0.9100
vn 0.7878 -0.2818 0.5477
vn 0.4357 -0.5909 0.6790
vn -0.5363 0.5846 -0.6087
vn -0.1776 0.7421 -0.6463
vn -0.2351 0.0368 -0.9713
vn -0.5811 -0.1054 -0.8070
vn -0.5340 0.6594 0.5292
vn -0.9667 0.1793 0.1825
vn -0.1633 -0.8148 -0.5563
vn -0.5051 -0.4619 -0.7291
vn -0.5224 0.6605 -0.5394
vn -0.2366 0.0786 -0.9684
vn -0.6965 -0.3122 -0.6461
vn -0.5420 -0.2384 -0.8059
vn -0.7913 -0.2632 -0.5519
vn 0.0960 0.7523 -0.6518
vn -0.0971 0.8431 -0.5289
vn -0.0926 0.3106 -0.9460
vn 0.0838 0.3601 -0.9291
vn 0.6565 -0.7539 0.0246
vn 0.6713 -0.7324 -0.1141
vn 0.8416 -0.4170 -0.3432
vn 0.8831 -0.4652 -0.0612
vn -0.8742 -0.0662 -0.4811
vn -0.5526 -0.8167 -0.1663
vn -0.2102 -0.9745 -0.0784
vn -0.9752 0.0416 -0.2176
vn -0.2704 -0.3211 -0.9076
vn -0.3430 0.6743 0.6539
vn -0.5684 0.4079 -0.7146
vn -0.3293 -0.8641 0.3808
vn -0.7746 0.3821 -0.5040
vn -0.7240 0.6685 -0.1703
vn -0.0925 -0.9740 0.2067
vn -0.9881 -0.0020 0.1539
vn -0.5096 -0.1284 0.8507
vn -0.1519 -0.8485 0.5069
vn -0.4281 -0.8450 0.3205
vn -0.0260 -0.7458 0.6656
vn 0.2985 -0.6810 0.6687
vn 0.0848 -0.7610 0.6432
vn 0.0403 -0.7888 0.6133
vn -0.8449 -0.4934 -0.2067
vn -0.8961 0.2903 -0.3356
vn -0.0788 -0.5069 0.8584
vn -0.0633 -0.7307 0.6798
vn 0.0071 -0.6876 0.7260
vn -0.0232 -0.4214 0.9066
vn 0.2896 -0.9488 -0.1266
vn 0.4765 -0.8770 0.0625
vn 0.5174 -0.7819 0.3479
vn 0.4542 -0.7860 -0.4194
vn 0.2653 -0.9614 0.0724
vn 0.1837 -0.9289 0.3217
vn 0.3341 -0.7201 0.6082
vn 0.8091 -0.5820 0.0812
vn -0.0897 -0.9205 -0.3802
vn -0.1213 -0.7189 -0.6845
vn -0.1783 -0.7070 -0.6844
vn 0.1012 -0.8460 -0.5235
vn 0.4387 -0.7671 0.4681
vn 0.4682 -0.8078 0.3582
vn 0.1746 -0.9783 0.1119
vn 0.0781 -0.9836 0.1626
vn 0.0118 -0.9872 -0.1593
vn -0.0244 -0.9896 -0.1420
vn -0.3605 -0.7228 0.5896
vn 0.2025 -0.4531 0.8681
vn -0.2952 -0.2458 0.9233
vn 0.1736 -0.7554 0.6318
vn 0.0447 -0.9932 -0.1075
vn -0.0750 -0.9933 -0.0879
vn -0.0791 -0.9969 0.0014
vn 0.0824 -0.9965 -0.0163
vn 0.9314 -0.3518 -0.0935
vn 0.3284 -0.5231 -0.7865
vn -0.0385 -0.5455 0.8372
vn -0.0035 -0.4302 0.9027
vn -0.0028 -0.9069 0.4213
vn -0.0216 -0.9549 0.2962
vn -0.0215 -0.7036 -0.7102
vn -0.4489 -0.6341 -0.6297
vn -0.0987 -0.5307 -0.8418
vn 0.0922 -0.7351 -0.6717
vn -0.5953 -0.5085 -0.6221
vn -0.9652 -0.1153 0.2348
vn -0.7651 0.0368 -0.6429
vn -0.5831 0.3737 -0.7214
vn -0.2560 0.3469 -0.9023
vn -0.1215 0.4613 -0.8789
vn -0.0871 0.9686 -0.2328
vn -0.0841 0.9634 -0.2547
vn 0.0932 0.2566 -0.9620
vn 0.3670 0.1240 -0.9219
vn 0.5710 0.4456 -0.6895
vn 0.1732 0.3791 -0.9090
vn 0.2841 -0.6881 -0.6677
vn 0.1773 -0.7380 -0.6511
vn 0.0638 -0.8452 -0.5306
vn 0.1694 -0.8072 -0.5655
vn 0.0015 -0.1816 0.9834
vn -0.0043 -0.3310 0.9436
vn 0.0069 -0.3163 0.9486
vn 0.0156 -0.2132 0.9769
vn 0.0994 -0.9197 0.3799
vn 0.0200 -0.9836 -0.1790
vn 0.0251 -0.9933 -0.1128
vn 0.0853 -0.7899 0.6072
vn 0.1993 -0.8504 0.4869
vn 0.2460 -0.8556 0.4554
vn 0.0470 -0.6610 0.7489
vn 0.0258 -0.7107 0.7030
vn 0.0495 0.8688 0.4927
vn 0.0415 0.9596 0.2783
vn 0.0248 0.9649 0.2613
vn 0.0388 0.8883 0.4576
vn -0.3601 0.7233 0.5892
vn -0.6412 0.7539 0.1432
vn -0.6236 0.7811 0.0302
vn -0.4509 0.8028 0.3901
vn -0.1668 -0.6999 0.6945
vn -0.2534 -0.7808 0.5711
vn -0.0716 -0.5767 0.8138
vn 0.0249 -0.5338 0.8453
vn -0.0239 -0.5419 0.8401
vn -0.0125 -0.4191 0.9079
vn 0.1562 0.4864 -0.8596
vn 0.1796 -0.3821 -0.9065
vn 0.8039 -0.2692 -0.5304
vn 0.6675 0.4126 -0.6198
vn 0.9648 -0.1674 0.2027
vn 0.9915 0.1178 -0.0554
vn 0.9203 0.3053 0.2448
vn 0.8341 -0.0557 0.5487
vn 0.3537 0.9150 -0.1938
vn 0.1763 0.9362 -0.3040
vn 0.2832 0.9315 -0.2284
vn 0.5187 0.8501 -0.0911
vn -0.0393 0.6722 0.7393
vn -0.0706 -0.9287 0.3640
vn -0.0107 0.5225 0.8526
vn -0.0386 0.6301 0.7755
vn -0.1033 0.5229 0.8461
vn -0.1163 0.7255 0.6784
vn -0.1877 -0.0435 -0.9813
vn -0.9911 -0.0548 -0.1213
vn -0.5522 -0.7887 -0.2701
vn -0.1719 -0.4529 -0.8748
vn 0.5131 -0.4796 0.7118
vn 0.5226 -0.4900 0.6978
vn 0.9675 0.0250 -0.2516
vn 0.9691 -0.0165 -0.2462
vn 0.3396 -0.9393 0.0488
vn 0.3218 -0.9278 0.1889
vn -0.2064 0.3867 -0.8988
vn -0.2065 -0.5539 -0.8066
vn -0.4374 -0.3723 -0.8186
vn -0.5548 0.2811 -0.7830
vn 0.1098 -0.6758 0.7289
vn -0.1150 -0.5777 0.8081
vn -0.2610 -0.6687 0.6962
vn 0.0273 -0.7686 0.6392
vn 0.0595 -0.1426 -0.9880
vn 0.0196 -0.1613 -0.9867
vn 0.0228 -0.0047 -0.9997
vn 0.0406 0.0063 -0.9992
vn 0.0018 -0.8542 -0.5200
vn 0.1256 -0.9565 -0.2634
vn 0.5335 -0.7856 -0.3133
vn -0.0373 -0.6332 -0.7731
vn -0.0322 -0.7177 -0.6956
vn 0.0723 -0.6691 -0.7396
vn -0.1286 -0.8892 -0.4390
vn -0.0545 -0.9659 -0.2531
vn 0.9519 -0.0626 -0.3000
vn 0.5506 0.3454 -0.7599
vn 0.5192 0.2728 -0.8099
vn -0.1209 0.1701 -0.9780
vn 0.2592 0.9015 0.3466
vn 0.3818 0.9241 0.0162
vn 0.1793 0.9835 0.0232
vn 0.1656 0.9500 0.2649
vn -0.1105 0.9875 0.1120
vn -0.0946 0.8838 0.4581
vn -0.0792 0.9475 0.3097
vn -0.1433 0.8240 0.5482
vn 0.4183 0.3699 0.8296
vn 0.4563 0.3424 0.8213
vn 0.3579 0.3526 0.8646
vn 0.3619 0.3839 0.8495
vn 0.2639 0.9087 -0.3234
vn 0.1895 0.9775 -0.0922
vn -0.8048 0.2887 -0.5186
vn -0.6452 -0.5922 -0.4827
vn -0.3783 -0.0637 0.9235
vn -0.2624 -0.6945 0.6699
vn -0.8820 -0.3694 -0.2927
vn -0.9972 0.0720 -0.0212
vn -0.0214 -0.6138 -0.7892
vn 0.2646 -0.0645 -0.9622
vn -0.1847 -0.9724 0.1425
vn -0.1939 -0.9682 0.1581
vn -0.1871 -0.9823 -0.0107
vn -0.1175 -0.9930 -0.0143
vn -0.0445 0.9708 -0.2356
vn -0.0520 0.9874 -0.1497
vn 0.7527 -0.0965 -0.6512
vn 0.3619 0.8747 -0.3224
vn 0.9718 -0.0553 0.2294
vn 0.8809 -0.4692 -0.0618
vn 0.5444 0.5423 -0.6400
vn 0.5531 -0.0233 -0.8328
vn 0.1470 0.6938 -0.7050
vn 0.4923 0.6252 -0.6056
vn 0.7056 0.6341 -0.3163
vn 0.2380 0.7689 -0.5934
vn 0.0647 0.6113 -0.7887
vn -0.0045 0.4707 -0.8823
vn -0.0198 -0.4354 -0.9000
vn 0.0360 -0.3055 -0.9515
vn 0.7487 -0.3519 -0.5619
vn 0.1138 -0.7141 -0.6907
vn -0.2679 -0.6676 -0.6947
vn -0.3344 -0.6412 -0.6906
vn 0.0254 -0.3055 -0.9518
vn 0.2741 -0.1968 -0.9413
vn 0.3312 -0.2147 0.9188
vn 0.1511 -0.1441 0.9780
vn 0.6591 0.4601 0.5949
vn 0.9492 0.1295 0.2868
vn 0.0177 0.8392 -0.5435
vn 0.0288 0.9057 -0.4230
vn -0.0282 0.7573 -0.6524
vn -0.0169 0.7439 -0.6680
vn -0.0062 -0.2872 0.9578
vn -0.7427 -0.4680 0.4788
vn -0.6607 -0.5482 0.5129
vn -0.2497 -0.7421 0.6220
vn 0.6312 0.1979 0.7500
vn 0.2266 0.9413 0.2503
vn 0.2837 0.8829 -0.3741
vn 0.7563 0.6427 -0.1223
vn 0.0560 -0.5504 -0.8330
vn -0.0885 -0.2900 -0.9529
vn -0.1275 -0.4786 -0.8688
vn 0.1567 0.9829 -0.0966
vn 0.5250 0.8508 0.0222
vn 0.4757 0.8264 0.3012
vn 0.1579 0.9842 -0.0799
vn -0.0499 -0.8960 -0.4412
vn -0.1247 -0.7752 -0.6193
vn 0.0189 -0.9772 -0.2115
vn -0.0130 0.2350 -0.9719
vn 0.1423 0.8804 -0.4524
vn -0.2535 0.8114 -0.5266
vn 0.3464 -0.9381 0.0069
vn 0.4173 -0.9088 -0.0033
vn 0.7728 -0.6152 -0.1561
vn -0.0667 -0.9926 -0.1014
vn -0.2756 -0.8427 -0.4625
vn -0.1000 -0.9857 -0.1359
vn -0.0542 0.9912 0.1210
vn -0.3937 0.8697 0.2978
vn -0.4337 0.4393 0.7867
vn -0.0615 0.7853 0.6161
vn -0.0094 -0.9995 -0.0308
vn 0.2815 -0.2834 -0.9167
vn 0.9433 -0.2966 0.1492
vn 0.4719 -0.7483 -0.4663
vn -0.1842 -0.6266 -0.7572
vn -0.4172 -0.5371 -0.7331
vn -0.2196 -0.6154 -0.7571
vn -0.6510 -0.4594 -0.6042
vn -0.2704 -0.8835 -0.3825
vn -0.4252 -0.8069 -0.4101
vn 0.7732 0.6008 -0.2031
vn 0.9779 0.0853 -0.1910
vn -0.0953 -0.5592 -0.8235
vn -0.1423 -0.6512 -0.7454
vn -0.3293 -0.7608 0.5592
vn 0.0330 -0.1352 0.9903
vn 0.1122 -0.5726 0.8121
vn 0.0991 -0.5450 0.8326
vn 0.6584 0.3085 0.6865
vn 0.9034 -0.4058 -0.1388
vn -0.3234 -0.9219 0.2131
vn -0.7626 -0.2751 0.5855
vn -0.6843 -0.5154 0.5159
vn -0.2368 -0.9531 0.1884
vn -0.1216 -0.6896 -0.7139
vn -0.1716 0.1694 -0.9705
vn -0.4530 0.5295 -0.7172
vn -0.3456 -0.6492 -0.6776
vn -0.1239 -0.9879 -0.0930
vn -0.1198 -0.9872 -0.1056
vn -0.4643 -0.8080 -0.3626
vn -0.5522 -0.7242 -0.4131
vn -0.7243 -0.5251 -0.4469
vn 0.7284 0.0562 0.6828
vn 0.5008 0.6643 0.5550
vn 0.1554 0.9310 0.3303
vn 0.0452 -0.0613 0.9971
vn 0.0212 0.2775 -0.9605
vn 0.0340 0.2747 -0.9609
vn 0.0129 0.3076 -0.9514
vn -0.1866 -0.7389 -0.6475
vn 0.1467 -0.6991 -0.6998
vn 0.1333 -0.6682 -0.7320
vn 0.4155 -0.6168 -0.6685
vn -0.0878 -0.6277 -0.7735
vn -0.1456 -0.7996 -0.5826
vn -0.0855 -0.7864 -0.6117
vn 0.5253 0.8405 -0.1325
vn 0.5358 0.8403 0.0822
vn 0.7122 0.7001 0.0506
vn 0.7062 0.7053 -0.0624
vn 0.1050 0.7859 0.6094
vn 0.0499 0.8173 0.5740
vn -0.0784 -0.5800 -0.8108
vn -0.1569 -0.8491 -0.5044
vn -0.0774 -0.7158 -0.6940
vn -0.0129 -0.5879 -0.8089
vn 0.2073 -0.6468 -0.7339
vn 0.2678 -0.5811 -0.7685
vn 0.4704 0.8533 -0.2251
vn 0.0513 0.2212 0.9739
vn 0.8472 0.1058 0.5207
vn -0.1276 -0.4712 -0.8727
vn -0.1530 -0.6118 -0.7761
vn -0.0831 -0.6476 -0.7574
vn -0.0345 -0.9222 -0.3852
vn 0.4076 -0.4933 -0.7685
vn 0.0562 -0.9644 -0.2583
vn -0.0161 -0.5598 -0.8285
vn 0.0091 -0.7559 -0.6546
vn -0.0737 -0.9554 -0.2858
vn 0.0199 -0.9518 -0.3060
vn 0.9056 -0.1582 -0.3935
vn 0.3154 -0.5836 -0.7483
vn 0.4121 0.2730 -0.8693
vn 0.6368 0.7662 -0.0865
vn 0.2711 -0.9622 0.0246
vn 0.2501 -0.9671 0.0471
vn 0.5212 0.8300 -0.1989
vn 0.5158 0.8362 -0.1863
vn 0.5143 0.8490 0.1212
vn 0.5295 0.8418 0.1046
vn 0.3969 0.8973 0.1933
vn 0.4536 0.8586 0.2387
vn 0.1888 0.9627 0.1940
vn 0.1773 0.9740 0.1408
vn 0.2516 -0.8601 0.4437
vn 0.0641 -0.9943 0.0847
vn -0.0993 -0.5111 -0.8538
vn -0.4276 -0.6229 -0.6551
vn -0.2087 -0.7309 -0.6498
vn -0.2664 -0.7332 -0.6256
vn -0.8608 -0.3110 0.4029
vn -0.9232 -0.3782 -0.0685
vn -0.4081 -0.8352 -0.3686
vn -0.3085 -0.9000 0.3079
vn 0.2552 0.7566 0.6020
vn 0.2631 0.7745 0.5752
vn 0.0930 0.9957 0.0059
vn 0.0896 0.9402 0.3285
vn -0.0481 0.9776 0.2050
vn -0.0561 0.9981 -0.0267
vn -0.2706 0.9547 -0.1239
vn -0.3882 0.9183 0.0775
vn 0.3955 0.8467 0.3559
vn 0.8817 0.2570 0.3958
vn 0.7285 0.5876 0.3523
vn 0.3226 0.9046 0.2787
vn -0.0054 -0.3267 -0.9451
vn -0.0080 -0.5844 -0.8115
vn -0.0231 -0.5890 -0.8078
vn -0.0274 -0.2510 -0.9676
vn 0.0199 0.8401 -0.5420
vn 0.0815 0.7682 -0.6350
vn -0.3418 -0.5234 -0.7805
vn -0.6179 -0.5408 -0.5707
vn -0.3325 -0.5728 -0.7492
vn 0.2852 -0.9581 0.0262
vn 0.1795 -0.9838 0.0041
vn 0.2393 -0.9709 0.0030
vn 0.1023 0.2456 0.9639
vn -0.1095 0.7677 0.6314
vn -0.0305 0.7865 0.6168
vn -0.0131 -0.6791 0.7339
vn -0.0767 -0.8194 0.5680
vn -0.0766 -0.9421 0.3264
vn -0.0973 -0.8843 0.4567
vn 0.3580 0.8194 0.4477
vn 0.4535 0.8163 0.3578
vn 0.3367 0.6771 0.6543
vn 0.3138 0.6860 0.6564
vn 0.7255 -0.1806 0.6641
vn 0.9067 -0.2670 0.3265
vn 0.9140 -0.2079 0.3485
vn 0.7329 -0.1344 0.6669
vn -0.4103 -0.8996 0.1497
vn -0.6641 -0.7476 -0.0106
vn -0.0477 -0.9982 -0.0350
vn -0.1068 -0.9889 0.1035
vn 0.5340 0.8425 0.0710
vn 0.0099 -0.7545 -0.6563
vn 0.0107 -0.9627 -0.2703
vn 0.0653 -0.9611 -0.2682
vn 0.1046 -0.7235 -0.6823
vn 0.4991 0.8353 0.2307
vn 0.9469 -0.0186 -0.3210
vn 0.7354 0.2450 -0.6318
vn -0.0450 -0.7852 -0.6176
vn -0.0059 -0.7782 -0.6279
vn -0.0065 -0.7997 -0.6004
vn -0.0239 -0.7719 -0.6353
vn -0.1216 -0.8742 -0.4700
vn -0.0145 -0.9280 0.3722
vn 0.9426 -0.2248 -0.2468
vn 0.9490 -0.2821 -0.1404
vn 0.8347 -0.2553 -0.4879
vn 0.7587 -0.1619 -0.6310
vn 0.0010 0.8095 -0.5871
vn 0.0473 0.6255 -0.7788
vn 0.0554 0.5313 -0.8454
vn 0.0293 0.6637 -0.7474
vn -0.2327 0.0748 0.9697
vn -0.2237 -0.1772 0.9584
vn -0.2077 -0.3813 0.9008
vn -0.1669 -0.0687 0.9836
vn 0.2166 0.2725 0.9375
vn 0.0837 0.2372 0.9678
vn 0.1015 0.0956 0.9902
vn 0.1536 0.1065 0.9824
vn -0.1648 -0.9848 -0.0545
vn -0.0335 -0.9990 0.0308
vn -0.2462 -0.6095 -0.7536
vn -0.4474 -0.8369 -0.3152
vn -0.1370 0.9587 -0.2493
vn -0.0970 0.9051 -0.4141
vn -0.1659 0.7689 -0.6175
vn -0.0783 0.8860 -0.4569
vn -0.0127 0.8735 -0.4866
vn -0.0502 0.7776 -0.6268
vn -0.0201 0.9343 -0.3558
vn -0.1523 0.6885 0.7090
vn -0.0270 0.8930 -0.4492
vn -0.0516 0.8911 -0.4508
vn 0.0952 0.7869 -0.6097
vn 0.1052 0.8061 -0.5823
vn 0.0368 0.8811 -0.4715
vn 0.0510 0.8752 -0.4811
vn 0.8862 -0.4593 0.0611
vn 0.6233 -0.7674 -0.1506
vn 0.0961 -0.1239 -0.9876
vn -0.0701 0.7692 0.6352
vn -0.0593 0.7403 0.6697
vn -0.0347 0.8877 0.4592
vn -0.0492 0.9972 -0.0555
vn 0.3905 -0.6481 0.6538
vn 0.4491 -0.8852 -0.1210
vn 0.5946 -0.8038 0.0195
vn 0.4893 -0.5627 0.6663
vn 0.1125 -0.7890 -0.6040
vn 0.0960 -0.6983 -0.7093
vn -0.1772 0.7451 0.6430
vn -0.8772 0.2855 0.3860
vn 0.5049 0.8315 -0.2315
vn 0.4362 0.8404 -0.3217
vn 0.3551 0.7424 -0.5681
vn 0.3907 0.7482 -0.5362
vn 0.0831 0.6266 -0.7749
vn 0.0660 0.6191 -0.7826
vn 0.1171 0.7952 -0.5949
vn 0.1285 0.7798 -0.6128
vn 0.1711 0.8600 -0.4808
vn 0.1511 0.9678 -0.2013
vn 0.1078 0.9865 0.1230
vn 0.2575 0.6454 0.7191
vn 0.0487 0.6390 0.7677
vn 0.0019 0.9791 0.2035
vn 0.2735 -0.7808 0.5618
vn -0.1286 -0.8594 0.4949
vn -0.1385 -0.7374 0.6611
vn 0.4233 -0.2418 0.8731
vn 0.7427 -0.4812 0.4656
vn 0.0264 -0.9170 0.3980
vn 0.1896 -0.9276 0.3221
vn 0.9001 0.3135 0.3026
vn -0.0075 0.8825 -0.4703
vn -0.0079 0.9517 -0.3069
vn -0.0932 0.7627 -0.6399
vn -0.0585 0.9107 -0.4088
vn 0.5918 0.3103 -0.7439
vn 0.1586 -0.6746 -0.7209
vn 0.7544 -0.6466 -0.1135
vn 0.3631 -0.7326 -0.5757
vn 0.0975 0.2312 -0.9680
vn 0.1189 -0.2209 -0.9680
vn 0.0586 -0.4549 -0.8886
vn 0.0263 -0.7147 -0.6989
vn -0.0144 -0.6826 0.7307
vn -0.1456 -0.4762 0.8672
vn -0.8125 0.1185 0.5709
vn -0.0800 -0.5184 0.8514
vn 0.0761 -0.2404 0.9677
vn 0.1105 -0.1025 0.9886
vn 0.1552 -0.3521 0.9230
vn -0.2230 0.9675 0.1191
vn -0.2044 0.7311 0.6510
vn -0.0168 0.7932 0.6088
vn -0.0024 0.9861 0.1659
vn 0.0035 -0.4399 -0.8980
vn -0.0229 -0.5372 -0.8432
vn -0.0366 -0.9990 -0.0258
vn 0.0011 -0.9935 -0.1134
vn 0.4493 -0.8925 0.0395
vn 0.7363 -0.6316 0.2427
vn 0.7925 -0.5786 0.1928
vn 0.4703 -0.8820 0.0285
vn 0.0664 -0.2688 0.9609
vn -0.0846 -0.4317 0.8980
vn -0.0588 -0.6950 0.7166
vn 0.0348 -0.3611 0.9319
vn 0.0302 -0.7063 0.7073
vn 0.0469 -0.7418 0.6690
vn 0.0677 -0.7548 0.6525
vn 0.0485 -0.7210 0.6912
vn 0.3851 0.8335 -0.3963
vn 0.3267 0.7305 -0.5997
vn -0.0116 -0.8638 0.5037
vn 0.1451 -0.7988 0.5838
vn -0.2669 -0.7516 0.6032
vn 0.0662 -0.9167 0.3940
vn 0.9522 -0.2047 -0.2269
vn 0.4270 0.3120 -0.8487
vn 0.4005 -0.7900 -0.4642
vn 0.4265 -0.8541 0.2979
vn 0.6759 0.6452 -0.3561
vn 0.3047 0.8384 -0.4519
vn 0.5251 -0.6401 0.5608
vn 0.9661 -0.1880 0.1769
vn -0.8366 0.2270 -0.4985
vn -0.7306 -0.6495 0.2107
vn -0.6747 -0.7057 0.2162
vn -0.7969 0.1982 -0.5707
vn 0.9118 -0.2814 -0.2991
vn 0.8831 0.4472 -0.1418
vn 0.5867 -0.0355 -0.8090
vn -0.5529 0.7134 0.4304
vn -0.1735 0.7965 0.5793
vn -0.1797 0.8219 0.5406
vn 0.3127 0.8998 0.3042
vn 0.3711 0.1816 0.9107
vn 0.8612 0.3531 0.3656
vn 0.6649 0.6162 -0.4223
vn 0.3395 -0.3715 -0.8641
vn 0.0355 0.1540 -0.9874
vn 0.0166 -0.6965 0.7174
vn 0.2646 -0.8277 0.4948
vn 0.9185 -0.3112 0.2440
vn 0.3952 -0.6584 0.6405
vn 0.9844 -0.1162 -0.1317
vn -0.0273 -0.9640 0.2644
vn -0.0813 -0.8922 -0.4442
vn -0.0806 -0.9498 -0.3022
vn -0.0229 -0.9245 0.3805
vn 0.3795 -0.5770 0.7232
vn 0.7418 -0.4090 0.5315
vn 0.6788 0.0125 0.7342
vn 0.5049 0.0271 0.8628
vn -0.0412 0.5480 0.8354
vn -0.0024 0.6367 0.7711
vn -0.2785 0.7051 0.6521
vn -0.4170 0.3083 -0.8550
vn -0.4250 -0.1476 -0.8931
vn -0.0129 -0.5301 -0.8478
vn -0.0478 0.2681 -0.9622
vn 0.0048 -0.2716 0.9624
vn 0.0039 -0.2264 0.9740
vn -0.1236 -0.8121 -0.5703
vn 0.2021 -0.5933 -0.7792
vn 0.1146 -0.4749 -0.8725
vn 0.2757 -0.5102 -0.8146
vn 0.1209 0.9161 0.3823
vn 0.3385 0.9273 0.1597
vn 0.5781 0.5170 0.6312
vn 0.4679 0.5666 0.6782
vn 0.8323 -0.2310 0.5039
vn 0.9494 -0.2885 -0.1242
vn 0.0895 -0.9894 -0.1143
vn 0.2619 -0.8719 -0.4138
vn 0.4758 -0.7924 -0.3817
vn 0.0944 -0.3978 -0.9126
vn 0.4136 0.1076 -0.9041
vn 0.5838 -0.7878 -0.1963
vn 0.0653 -0.9958 -0.0640
vn 0.0722 -0.6373 -0.7672
vn 0.1362 0.4967 -0.8572
vn -0.4997 0.8519 -0.1565
vn -0.5935 0.7983 -0.1022
vn -0.6280 0.7779 0.0222
vn -0.4577 0.8673 0.1957
vn -0.0726 -0.5782 -0.8127
vn -0.0678 -0.6048 -0.7935
vn -0.0991 -0.6333 -0.7675
vn -0.0845 -0.5736 -0.8147
vn 0.6811 0.6619 0.3130
vn 0.9793 0.0683 -0.1905
vn -0.0136 0.1536 -0.9880
vn -0.0022 -0.7209 -0.6930
vn 0.0004 -1.0000 -0.0085
vn 0.0003 -1.0000 -0.0019
vn -0.0067 -0.9928 -0.1194
vn -0.0832 0.6524 -0.7533
vn -0.0411 0.6090 -0.7921
vn 0.4825 0.3189 -0.8158
vn 0.3870 0.3768 -0.8416
vn 0.3204 0.4090 -0.8544
vn 0.3628 0.3368 -0.8689
vn -0.1147 -0.2047 0.9721
vn -0.0372 -0.6339 0.7725
vn 0.3050 -0.7273 0.6148
vn 0.4415 -0.7100 0.5486
vn -0.2282 -0.5503 0.8032
vn 0.2958 -0.6085 0.7363
vn 0.1980 -0.7602 0.6187
vn -0.8791 -0.0877 -0.4685
vn -0.5042 0.3221 -0.8012
vn -0.2766 -0.2144 -0.9368
vn -0.3242 -0.4792 -0.8156
vn 0.7415 -0.6428 -0.1925
vn 0.5834 -0.8074 0.0881
vn 0.0221 0.9617 -0.2733
vn 0.0397 0.9627 -0.2675
vn -0.0950 -0.7654 0.6365
vn -0.1774 -0.9724 0.1516
vn -0.0390 -0.9957 0.0842
vn -0.0450 -0.7988 0.5999
vn -0.0218 -0.9962 0.0842
vn -0.1580 -0.9112 0.3805
vn -0.0040 -0.9704 0.2416
vn -0.0232 -0.9932 0.1137
vn 0.9351 -0.3541 -0.0133
vn 0.8963 -0.4401 0.0534
vn 0.9105 -0.3375 -0.2387
vn -0.7379 0.3484 -0.5781
vn -0.0340 0.5676 -0.8226
vn -0.1592 0.6059 -0.7795
vn -0.5004 0.7761 -0.3837
vn -0.1691 0.8416 -0.5130
vn 0.0043 -0.7688 0.6395
vn -0.0441 -0.7883 0.6138
vn -0.0532 -0.7928 0.6071
vn -0.0111 -0.7789 0.6271
vn 0.3413 0.3808 0.8594
vn 0.1264 0.3338 0.9341
vn -0.5365 0.8417 0.0603
vn -0.5117 0.8527 -0.1048
vn -0.6374 0.7701 0.0239
vn -0.6205 0.7837 0.0288
vn -0.3794 -0.6984 -0.6069
vn 0.2424 -0.7547 -0.6097
vn -0.0701 -0.6802 -0.7296
vn -0.1753 -0.7955 -0.5801
vn -0.0084 -0.8494 -0.5277
vn 0.0818 0.1433 -0.9863
vn 0.1031 -0.5489 -0.8295
vn 0.0638 -0.8496 -0.5236
vn 0.2774 -0.3190 0.9062
vn -0.0399 -0.0499 -0.9980
vn -0.0056 -0.7905 -0.6125
vn -0.0006 -0.8392 -0.5438
vn -0.0470 -0.1096 -0.9929
vn -0.2883 -0.6455 0.7072
vn -0.1036 0.2097 0.9723
vn -0.3205 0.1130 0.9405
vn 0.2852 0.6281 0.7240
vn 0.0051 0.7855 0.6189
vn 0.0324 0.3017 0.9529
vn 0.8261 -0.5180 0.2218
vn -0.2438 -0.6306 -0.7368
vn -0.0856 -0.5709 -0.8166
vn 0.0602 -0.5420 -0.8382
vn 0.0096 0.0131 -0.9999
vn -0.5090 -0.5973 -0.6198
vn -0.4129 -0.8819 0.2276
vn -0.2879 -0.9535 -0.0887
vn 0.1442 -0.6946 -0.7048
vn 0.3179 -0.5988 -0.7351
vn 0.5734 -0.5011 -0.6481
vn 0.5674 -0.5387 -0.6228
vn -0.0654 -0.8905 -0.4502
vn -0.1144 -0.5809 -0.8059
vn -0.3463 0.9344 -0.0840
vn -0.5472 0.8297 -0.1100
vn 0.0534 0.5437 0.8376
vn 0.0100 0.6354 0.7721
vn 0.0424 -0.6908 -0.7218
vn -0.0459 -0.7540 -0.6553
vn 0.1052 -0.9281 -0.3572
vn 0.6701 -0.7368 0.0907
vn 0.0776 -0.0666 -0.9948
vn 0.0227 0.7332 -0.6796
vn 0.4651 0.6488 -0.6022
vn 0.3222 -0.2582 -0.9108
vn -0.0955 0.8673 -0.4885
vn -0.1486 0.7892 -0.5960
vn -0.1376 0.2980 -0.9446
vn -0.1189 0.5725 -0.8112
vn 0.8075 -0.5142 0.2889
vn 0.8534 -0.4620 0.2413
vn -0.7522 0.2206 -0.6209
vn -0.4460 -0.0732 -0.8920
vn -0.4639 -0.6426 -0.6098
vn -0.8506 -0.3382 -0.4026
vn -0.6211 -0.7771 0.1014
vn -0.1925 -0.9405 0.2800
vn -0.1923 -0.9791 0.0656
vn -0.1020 -0.9371 0.3339
vn -0.0334 -0.9021 0.4303
vn 0.2963 -0.6781 0.6726
vn 0.4242 -0.6525 0.6279
vn 0.5947 -0.7150 -0.3676
vn 0.6117 -0.5943 0.5221
vn 0.5981 -0.4881 0.6357
vn 0.0586 0.0736 -0.9956
vn 0.1052 0.1579 -0.9818
vn 0.0818 0.1970 -0.9770
vn 0.0391 0.0742 -0.9965
vn 0.5953 0.6449 0.4793
vn 0.1484 0.8386 0.5242
vn 0.2144 0.2914 0.9323
vn 0.2242 0.5949 -0.7719
vn 0.5090 0.4237 -0.7493
vn 0.1110 0.5685 -0.8152
vn 0.0199 0.7371 -0.6755
vn 0.2897 -0.7553 0.5878
vn 0.7769 -0.4463 0.4442
vn 0.5754 0.2654 0.7736
vn 0.2735 0.2240 0.9354
vn 0.6822 0.4351 0.5876
vn 0.7773 0.6201 0.1060
vn 0.7154 0.6986 -0.0119
vn 0.3897 0.9204 -0.0323
vn 0.3573 0.9320 -0.0610
vn 0.0354 0.1288 -0.9910
vn 0.1865 0.7259 -0.6620
vn -0.0007 -0.1674 -0.9859
vn 0.3252 0.5114 -0.7955
vn 0.0196 -0.0518 -0.9985
vn 0.1445 -0.2695 -0.9521
vn 0.8253 0.3459 0.4464
vn 0.2058 -0.4727 0.8569
vn 0.0940 -0.4045 0.9097
vn 0.0399 0.2337 0.9715
vn 0.0977 0.9439 0.3154
vn -0.0103 0.9310 0.3648
vn -0.0053 0.9819 0.1892
vn 0.1145 0.9377 0.3280
vn -0.2493 -0.6002 -0.7600
vn 0.1941 0.9790 -0.0629
vn -0.2486 0.9346 0.2546
vn -0.6219 0.7800 0.0701
vn -0.4722 0.8811 0.0277
vn -0.1795 0.9806 0.0793
vn 0.2200 0.0850 0.9718
vn 0.1610 0.0276 0.9866
vn -0.1390 -0.6675 -0.7315
vn -0.2914 -0.4333 -0.8528
vn -0.0519 -0.5016 -0.8636
vn -0.4139 -0.8711 0.2644
vn 0.4002 -0.6105 0.6835
vn -0.5327 -0.6132 0.5833
vn -0.6142 -0.7150 0.3340
vn -0.1223 -0.9923 0.0213
vn -0.6126 -0.7842 -0.0990
vn -0.2717 -0.9508 0.1491
vn -0.9330 -0.2229 0.2827
vn -0.0877 -0.9961 0.0128
vn -0.1022 -0.9948 -0.0032
vn -0.4496 -0.8365 0.3133
vn -0.0285 -0.9995 0.0155
vn 0.3437 -0.6462 0.6814
vn -0.6577 -0.5719 0.4904
vn -0.5632 -0.6003 0.5678
vn 0.4296 -0.6400 0.6370
vn -0.5418 0.8035 0.2468
vn -0.2953 0.3801 0.8766
vn -0.0405 0.8381 0.5441
vn -0.1493 0.9851 0.0853
vn -0.1070 -0.3512 0.9302
vn -0.7006 -0.3276 0.6339
vn -0.8737 0.1530 0.4617
vn -0.3645 -0.0505 0.9298
vn -0.0785 -0.9967 0.0189
vn -0.1172 -0.9740 -0.1938
vn 0.1450 -0.4379 0.8873
vn -0.1922 -0.5899 0.7843
vn -0.1039 -0.6113 0.7846
vn -0.6571 -0.5957 0.4619
vn -0.0063 -0.5331 0.8460
vn -0.2015 -0.7356 0.6468
vn -0.6375 0.7590 0.1323
vn -0.6645 -0.6956 -0.2729
vn -0.2652 -0.9499 -0.1654
vn -0.9749 -0.2225 0.0108
vn -0.4240 -0.1646 0.8906
vn -0.5424 0.8391 -0.0423
vn 0.0416 0.9506 0.3077
vn -0.2863 0.6628 0.6919
vn -0.4709 -0.6283 0.6193
vn -0.4599 -0.5150 0.7233
vn 0.0382 -0.6146 0.7879
vn -0.0688 -0.5637 0.8231
vn -0.1184 -0.0049 -0.9930
vn -0.0445 -0.6137 -0.7883
vn -0.9449 -0.0962 0.3128
vn -0.4392 -0.4768 0.7614
vn -0.3321 0.9108 0.2452
vn -0.0268 -0.8509 -0.5246
vn 0.0730 -0.8586 -0.5074
vn 0.0886 -0.9954 0.0363
vn -0.0451 -0.9968 0.0664
vn -0.9508 -0.1511 0.2705
vn -0.8968 0.1890 0.3999
vn 0.0315 -0.9993 0.0211
vn -0.0144 -0.9800 0.1982
vn -0.1663 -0.9817 0.0931
vn -0.2031 -0.6531 0.7295
vn 0.0323 -0.7126 0.7008
vn 0.0281 -0.5965 0.8021
vn 0.0633 -0.9936 -0.0931
vn 0.0752 -0.9766 -0.2014
vn 0.4502 -0.8905 0.0660
vn 0.9570 -0.1154 0.2663
vn 0.0056 0.3985 -0.9171
vn 0.0169 0.7880 -0.6154
vn 0.1885 -0.6984 -0.6905
vn 0.2392 -0.5836 -0.7760
vn -0.0495 -0.9988 -0.0004
vn -0.0748 -0.9972 0.0021
vn 0.0654 -0.7093 0.7018
vn 0.3030 -0.6851 0.6625
vn -0.6444 -0.5451 0.5363
vn -0.7007 -0.4794 0.5284
vn -0.2792 0.9242 -0.2606
vn -0.1454 0.9592 0.2424
vn 0.0008 0.7541 0.6567
vn -0.9876 0.1367 -0.0774
vn -0.5855 -0.0564 0.8087
vn -0.9917 0.1266 0.0237
vn -0.9056 -0.4171 0.0770
vn -0.7281 -0.5047 0.4639
vn 0.6514 0.7511 0.1079
vn 0.6186 0.7615 0.1934
vn 0.9040 0.3933 -0.1679
vn 0.9284 0.3201 -0.1888
vn 0.4858 -0.7406 -0.4642
vn -0.1500 0.2023 -0.9678
vn -0.4681 0.2598 -0.8446
vn -0.7780 0.5171 -0.3569
vn 0.2707 -0.1811 -0.9455
vn 0.2463 0.6479 -0.7208
vn 0.2463 0.9360 0.2513
vn 0.0008 -0.8672 -0.4980
vn -0.0283 -0.1700 -0.9850
vn -0.6519 0.7583 -0.0068
vn -0.2921 0.9533 -0.0774
vn -0.1094 0.4792 -0.8709
vn -0.1800 -0.3103 -0.9334
vn -0.0125 -0.4205 -0.9072
vn -0.0820 0.1626 -0.9833
vn -0.0332 -0.0014 -0.9994
vn -0.0758 0.0621 -0.9952
vn -0.0465 -0.7253 -0.6869
vn -0.0126 -0.7495 -0.6619
vn -0.1336 0.9864 -0.0960
vn -0.0711 0.7932 0.6048
vn -0.8280 -0.5345 0.1696
vn -0.3025 -0.2777 -0.9118
vn -0.8721 -0.0550 0.4863
vn -0.5698 -0.2421 0.7853
vn 0.0906 0.5163 0.8516
vn 0.0786 0.0163 0.9968
vn 0.0314 -0.9987 0.0396
vn -0.0415 -0.9985 0.0354
vn -0.2807 -0.9597 -0.0107
vn -0.0208 -0.8663 0.4991
vn -0.0391 -0.9680 0.2477
vn -0.0662 -0.8778 0.4745
vn -0.0308 -0.9852 0.1684
vn 0.0014 -0.9991 0.0432
vn -0.1262 0.9432 0.3073
vn -0.6059 0.4295 0.6696
vn -0.7090 0.2614 -0.6550
vn -0.1351 0.2728 -0.9525
vn -0.1417 0.8853 -0.4429
vn -0.5037 -0.0225 0.8636
vn 0.7963 0.5273 -0.2964
vn -0.2113 0.9768 0.0360
vn -0.2076 0.9780 0.0200
vn -0.0162 0.9005 0.4345
vn -0.0111 0.9004 0.4350
vn -0.0418 0.9071 0.4189
vn 0.3016 -0.9518 -0.0557
vn 0.4902 -0.8706 -0.0412
vn 0.2794 -0.9598 -0.0262
vn -0.0265 0.9441 0.3286
vn 0.0209 0.8102 0.5858
vn -0.1400 -0.8421 0.5208
vn -0.1355 -0.9701 0.2014
vn -0.0651 -0.8435 0.5332
vn -0.2049 -0.7574 0.6200
vn 0.0748 0.9968 -0.0290
vn 0.1589 0.9839 0.0816
vn -0.0004 -0.2632 0.9647
vn 0.0039 0.0270 0.9996
vn -0.0011 0.6646 0.7472
vn -0.0000 0.1623 0.9867
vn 0.0496 -0.5074 -0.8603
vn 0.2985 -0.5468 -0.7822
vn -0.0344 0.5603 0.8276
vn -0.0637 0.7133 0.6979
vn -0.1599 -0.9773 -0.1392
vn 0.0721 -0.9140 -0.3992
vn 0.0725 -0.6000 -0.7967
vn 0.1495 -0.6759 -0.7217
vn 0.1452 -0.9105 -0.3873
vn -0.0846 0.9892 -0.1197
vn -0.2319 0.9225 -0.3085
vn -0.1294 -0.9906 -0.0437
vn -0.1459 -0.9886 -0.0384
vn 0.4790 0.4288 -0.7660
vn 0.0391 -0.9908 0.1296
vn -0.1240 -0.8295 0.5445
vn -0.2429 0.9386 0.2449
vn -0.5622 0.6618 0.4960
vn -0.3981 0.9171 0.0198
vn -0.4172 0.8998 0.1280
vn -0.2922 0.9476 -0.1295
vn -0.7316 0.5863 -0.3479
vn -0.5475 0.4521 0.7042
vn -0.7160 0.4398 0.5422
vn -0.0846 0.4200 -0.9036
vn -0.0934 0.3185 -0.9433
vn -0.1714 0.0187 -0.9850
vn -0.1481 0.6290 -0.7632
vn -0.2896 0.4650 -0.8366
vn -0.2653 -0.0661 -0.9619
vn 0.0432 -0.9807 0.1906
vn 0.3162 -0.8454 -0.4306
vn -0.9683 -0.0265 -0.2482
vn -0.6162 0.4440 -0.6506
vn -0.4960 0.8489 0.1828
vn 0.2847 -0.5391 0.7927
vn -0.0479 -0.4396 0.8969
vn -0.0128 -0.5496 0.8353
vn 0.4071 -0.6058 0.6836
vn -0.4007 0.5895 0.7014
vn -0.2520 0.8630 0.4379
vn -0.8072 -0.2856 0.5166
vn -0.9701 -0.0912 -0.2249
vn -0.4657 -0.6366 -0.6147
vn 0.0661 0.7177 -0.6932
vn -0.0221 -0.8991 -0.4371
vn 0.0295 -0.9174 -0.3968
vn -0.3992 -0.0512 0.9154
vn -0.7614 0.1659 -0.6267
vn -0.6567 0.1407 -0.7409
vn -0.1803 0.6911 -0.6999
vn -0.2632 0.6702 -0.6939
vn 0.4001 0.6213 -0.6737
vn 0.3314 0.2113 -0.9195
vn -0.0983 0.5422 -0.8345
vn -0.1707 0.8394 -0.5159
vn -0.0676 0.9976 0.0120
vn -0.4524 0.6613 0.5983
vn -0.4922 0.8651 -0.0969
vn -0.3823 0.9027 -0.1976
vn -0.0626 0.9639 -0.2590
vn -0.0582 0.9811 0.1846
vn -0.0453 0.9808 -0.1897
vn -0.9941 0.0562 -0.0926
vn -0.4043 -0.0289 0.9142
vn 0.1792 -0.6274 0.7578
vn -0.0425 -0.6536 0.7556
vn -0.2172 -0.8736 0.4354
vn -0.5776 -0.5225 0.6272
vn -0.4867 -0.6061 0.6291
vn -0.3585 -0.5835 0.7287
vn -0.2064 -0.9143 0.3485
vn -0.1739 -0.8595 -0.4806
vn 0.9969 0.0231 -0.0754
vn 0.6287 -0.1927 -0.7534
vn 0.4873 0.5262 -0.6969
vn 0.6934 0.7186 0.0538
vn -0.1101 0.2470 0.9627
vn 0.3506 -0.8925 -0.2839
vn -0.2068 -0.6042 0.7695
vn -0.5018 -0.1941 0.8430
vn -0.4795 -0.7511 0.4538
vn 0.4809 0.7268 -0.4904
vn 0.2058 0.8587 -0.4694
vn 0.0988 0.5410 -0.8352
vn 0.2643 0.6788 -0.6851
vn 0.7092 -0.6349 0.3064
vn 0.7370 0.1715 -0.6537
vn -0.0651 -0.9784 0.1963
vn -0.1790 -0.6181 0.7654
vn 0.1326 -0.7901 0.5985
vn -0.4404 -0.6941 0.5694
vn 0.8602 0.2975 0.4141
vn 0.9024 0.1771 0.3927
vn 0.0207 -0.9821 -0.1874
vn -0.3956 -0.6503 -0.6485
vn -0.6829 -0.2396 0.6901
vn 0.7146 0.5352 -0.4504
vn 0.7229 0.3993 -0.5639
vn -0.1265 -0.9919 0.0135
vn -0.1295 -0.9915 0.0138
vn -0.1325 -0.2370 0.9624
vn -0.5367 0.7038 -0.4654
vn -0.3742 0.8095 -0.4525
vn -0.0678 0.9543 -0.2911
vn -0.0604 0.9610 -0.2698
vn 0.0507 -0.5757 -0.8161
vn 0.0472 -0.2851 -0.9573
vn 0.6853 0.5862 -0.4321
vn 0.6103 0.7798 -0.1393
vn 0.0350 0.7909 -0.6109
vn -0.3233 0.7153 -0.6196
vn -0.5850 0.7766 -0.2339
vn -0.7944 -0.0456 -0.6057
vn -0.1111 -0.7756 -0.6214
vn -0.2119 -0.2948 -0.9318
vn -0.9725 -0.2268 -0.0532
vn 0.0299 -0.9770 -0.2110
vn 0.1910 -0.9411 -0.2791
vn 0.4967 -0.8622 -0.0998
vn -0.0625 -0.8254 -0.5610
vn -0.1405 -0.3112 -0.9399
vn -0.7729 -0.6189 -0.1397
vn -0.7889 -0.3851 0.4789
vn -0.6875 0.4461 0.5731
vn 0.5697 -0.7938 0.2128
vn -0.0807 -0.9785 -0.1900
vn 0.3043 -0.7686 0.5627
vn 0.9641 -0.2277 0.1366
vn 0.7182 0.2781 0.6378
vn -0.1809 0.9515 -0.2487
vn -0.0801 0.7822 -0.6179
vn -0.0690 0.7935 -0.6046
vn -0.1590 0.9740 -0.1614
vn 0.4014 0.8674 -0.2940
vn 0.0126 0.9093 0.4159
vn -0.0682 0.6725 0.7369
vn -0.0878 0.7824 0.6166
vn -0.3015 0.8840 -0.3574
vn -0.2157 0.6190 -0.7552
vn -0.1131 0.8913 0.4391
vn -0.1304 0.8912 0.4344
vn 0.1492 -0.8528 -0.5005
vn -0.7460 -0.0756 0.6616
vn -0.7562 -0.6464 0.1019
vn -0.2707 -0.6547 0.7058
vn -0.2318 0.0825 0.9693
vn -0.0075 -0.6699 0.7424
vn -0.0248 -0.6138 0.7891
vn -0.0448 -0.6005 0.7984
vn -0.0407 -0.6114 0.7903
vn -0.6590 -0.7513 0.0352
vn -0.7903 -0.5829 0.1889
vn -0.8526 0.2374 -0.4655
vn -0.8119 -0.2306 -0.5363
vn 0.3069 0.5035 -0.8076
vn 0.6983 0.2764 -0.6603
vn 0.7102 0.0803 -0.6994
vn -0.0346 -0.1676 0.9852
vn -0.9918 -0.0222 0.1260
vn -0.9936 0.1114 0.0207
vn -0.9196 0.0349 -0.3912
vn -0.8926 0.1939 -0.4069
vn -0.9922 0.1165 -0.0437
vn 0.9070 -0.3355 -0.2544
vn 0.4728 -0.8318 -0.2910
vn 0.2416 -0.0433 -0.9694
vn 0.7784 0.5103 -0.3656
vn 0.3046 0.9226 -0.2369
vn -0.2114 0.9735 -0.0869
vn -0.1660 0.9855 -0.0363
vn -0.3413 0.8168 0.4651
vn -0.3049 0.0728 0.9496
vn -0.1229 -0.9208 0.3701
vn 0.0500 -0.7854 0.6170
vn 0.0141 -0.9062 0.4227
vn -0.0204 -0.9970 0.0751
vn -0.4093 -0.7550 0.5122
vn -0.9113 -0.0878 -0.4023
vn -0.4634 -0.1963 -0.8642
vn 0.5913 0.7182 0.3668
vn -0.7036 -0.3122 0.6384
vn -0.8117 -0.5262 0.2535
vn -0.2886 -0.9574 -0.0056
vn -0.1293 -0.9557 -0.2643
vn -0.2006 -0.9720 -0.1225
vn 0.0696 0.5758 -0.8146
vn -0.0298 0.2806 -0.9594
vn 0.0744 -0.0061 -0.9972
vn 0.0547 0.0305 -0.9980
vn -0.0835 -0.9965 -0.0030
vn -0.0336 -0.6983 -0.7150
vn -0.0164 -0.7078 -0.7062
vn -0.1172 -0.8803 0.4597
vn -0.3511 -0.7225 0.5956
vn -0.5197 -0.6052 0.6030
vn -0.3091 -0.6714 0.6735
vn -0.0315 -0.8304 0.5563
vn 0.0020 -0.9596 0.2813
vn 0.6886 0.2431 0.6832
vn 0.5101 0.2167 0.8323
vn -0.4845 0.3910 0.7825
vn 0.0010 -0.6268 0.7792
vn -0.1700 -0.7055 0.6880
vn -0.2321 -0.3030 -0.9243
vn -0.2112 -0.3571 -0.9099
vn -0.1885 -0.6668 -0.7210
vn -0.2415 -0.5852 -0.7741
vn 0.0035 -0.9944 0.1052
vn -0.0305 -0.9296 -0.3674
vn -0.0105 -0.9216 -0.3881
vn -0.4505 -0.3893 -0.8034
vn -0.7473 0.1960 -0.6350
vn -0.3352 -0.9421 0.0129
vn -0.2783 -0.4885 -0.8270
vn -0.1898 0.0385 -0.9811
vn -0.9053 -0.1071 -0.4110
vn 0.8315 -0.2843 -0.4773
vn 0.8317 -0.5412 -0.1238
vn 0.4722 -0.7894 0.3923
vn 0.4450 -0.7236 0.5276
vn -0.2858 -0.3231 0.9022
vn -0.0086 0.8056 0.5924
vn -0.0291 0.7401 0.6718
vn 0.5646 0.0886 -0.8206
vn 0.7565 0.2322 -0.6114
vn 0.2835 -0.1979 -0.9383
vn 0.1204 0.3407 -0.9324
vn 0.4735 0.2067 0.8562
vn 0.6512 -0.0474 0.7574
vn 0.8003 -0.1430 -0.5823
vn -0.6744 0.7383 0.0098
vn -0.0802 0.8366 -0.5419
vn -0.1435 0.9771 -0.1569
vn -0.9238 0.3501 -0.1552
vn -0.9256 -0.2167 0.3103
vn -0.3820 0.0460 0.9230
vn -0.5353 0.4502 -0.7147
vn 0.0867 0.8081 0.5826
vn 0.0627 0.8278 0.5575
vn -0.0789 0.9275 0.3653
vn 0.1152 0.0284 0.9929
vn 0.1855 0.9101 0.3704
vn -0.7419 0.0890 -0.6645
vn 0.0761 -0.9856 0.1511
vn -0.1593 -0.7282 0.6666
vn -0.2347 -0.9537 0.1882
vn -0.3585 -0.9310 -0.0686
vn 0.6318 0.7314 0.2568
vn -0.3162 -0.7218 -0.6157
vn -0.4119 -0.6711 -0.6164
vn -0.1077 -0.9393 0.3257
vn -0.5043 0.4716 -0.7234
vn 0.0135 -0.9947 -0.1023
vn -0.1974 0.3859 0.9012
vn 0.0882 0.7333 0.6742
vn 0.1322 0.1816 0.9744
vn -0.1485 0.9022 0.4048
vn 0.0687 0.7607 0.6454
vn -0.0512 -0.4636 0.8845
vn -0.4717 -0.8430 0.2586
vn -0.0330 -0.9947 -0.0979
vn -0.0262 -0.9979 0.0598
vn -0.0295 -0.7234 -0.6898
vn 0.8167 -0.4079 -0.4081
vn 0.6542 0.3244 -0.6833
vn 0.4994 0.4519 -0.7392
vn 0.0461 -0.6404 0.7667
vn 0.1188 -0.6099 0.7836
vn 0.1123 -0.5949 0.7959
vn 0.0845 -0.6087 0.7889
vn -0.1082 -0.9799 0.1678
vn 0.3773 0.5688 -0.7308
vn 0.5926 -0.1253 -0.7957
vn 0.0977 -0.9875 -0.1240
vn -0.1290 0.0395 0.9909
vn -0.1988 0.2288 0.9529
vn 0.0044 -0.9867 -0.1623
vn 0.1172 -0.9869 -0.1108
vn -0.0240 -0.9799 0.1983
vn -0.5082 -0.3744 0.7756
vn -0.3116 -0.3040 0.9003
vn -0.2460 0.0988 0.9642
vn -0.5984 -0.0462 0.7999
vn -0.1012 -0.7057 -0.7013
vn -0.7022 -0.5158 0.4908
vn 0.2509 -0.7056 0.6627
vn 0.1772 -0.5920 -0.7862
vn 0.0171 -0.6383 -0.7696
vn 0.2960 0.8359 -0.4623
vn 0.0353 0.8085 -0.5875
vn 0.0162 0.7549 -0.6556
vn 0.0112 -0.0575 0.9983
vn 0.0167 -0.2747 0.9614
vn 0.0296 -0.5640 0.8253
vn 0.0151 -0.5523 0.8335
vn -0.1882 -0.9761 -0.1087
vn -0.0294 -0.7993 0.6002
vn -0.0686 -0.9966 -0.0452
vn 0.0003 -0.5950 0.8037
vn -0.3092 -0.9364 0.1660
vn -0.3459 -0.6977 0.6274
vn -0.7552 -0.6362 0.1578
vn -0.5538 -0.7528 -0.3558
vn 0.8151 0.5706 -0.1006
vn -0.9740 -0.0985 0.2040
vn -0.6515 -0.2398 0.7197
vn -0.6480 -0.1998 0.7350
vn -0.9680 -0.0463 0.2465
vn 0.0405 -0.9566 0.2886
vn -0.2272 0.9695 -0.0920
vn 0.3139 -0.5950 0.7399
vn 0.0344 -0.7210 0.6920
vn -0.5918 -0.3979 0.7010
vn 0.3435 -0.7020 0.6238
vn 0.6148 -0.6502 0.4464
vn 0.0865 -0.6876 0.7209
vn -0.9858 0.0511 -0.1600
vn -0.5703 0.8157 -0.0964
vn -0.5898 0.7951 -0.1416
vn 0.7642 0.2858 0.5782
vn 0.5354 0.8446 0.0021
vn 0.0642 -0.8022 -0.5935
vn 0.0152 -0.9717 0.2359
vn -0.0240 0.4406 -0.8974
vn -0.3475 -0.5478 0.7610
vn -0.6856 0.4888 0.5394
vn 0.9522 -0.0894 -0.2921
vn -0.6172 -0.4778 0.6251
vn -0.0246 -0.1420 0.9896
vn -0.0162 0.5932 0.8049
vn 0.8492 -0.1733 0.4988
vn 0.8999 0.3100 0.3068
vn -0.7352 0.3585 0.5752
vn -0.6704 0.5382 0.5108
vn -0.2374 0.9534 0.1864
vn -0.2650 0.9403 0.2134
vn -0.4730 -0.6432 0.6021
vn -0.3755 -0.6457 0.6648
vn 0.0410 0.0850 -0.9955
vn 0.0096 0.8835 -0.4683
vn 0.9809 0.0203 0.1932
vn -0.1215 0.2348 0.9644
vn -0.6586 0.1613 0.7350
vn 0.8383 0.2706 -0.4734
vn 0.6131 -0.3636 0.7013
vn 0.3542 -0.4890 0.7971
vn 0.3526 -0.6258 0.6957
vn 0.1028 -0.1526 0.9829
vn 0.0775 -0.0230 0.9967
vn 0.0392 -0.9832 -0.1785
vn 0.0133 -0.9623 -0.2718
vn -0.1844 -0.9780 0.0977
vn -0.0841 -0.9853 0.1485
vn -0.1949 -0.9525 -0.2341
vn -0.2004 -0.9557 -0.2155
vn -0.1822 -0.8144 -0.5510
vn -0.1924 -0.9282 -0.3185
vn -0.2147 -0.8951 -0.3908
vn -0.2399 -0.8014 -0.5479
vn -0.2002 -0.6810 0.7043
vn -0.0869 -0.9772 0.1935
vn -0.0059 -0.5523 0.8337
vn 0.0711 -0.7493 0.6584
vn -0.3751 -0.6706 0.6400
vn -0.4987 -0.5968 0.6286
vn -0.5455 -0.4838 0.6844
vn -0.2977 -0.9540 -0.0354
vn -0.0673 -0.9895 0.1279
vn -0.0430 -0.4812 0.8756
vn 0.2133 -0.9756 -0.0512
vn 0.6919 -0.7006 -0.1745
vn 0.0720 -0.9969 -0.0302
vn -0.1174 -0.7701 0.6270
vn -0.0510 -0.7446 0.6655
vn 0.1559 -0.7744 0.6132
vn 0.6792 -0.4886 0.5477
vn 0.8950 0.1805 -0.4078
vn -0.9538 -0.1810 0.2400
vn -0.8801 -0.2851 -0.3795
vn -0.5250 -0.3912 0.7559
vn 0.7937 -0.5998 -0.1015
vn 0.9113 -0.4057 -0.0698
vn 0.9006 -0.4153 0.1285
vn 0.7629 -0.6462 0.0191
vn -0.1185 -0.8471 -0.5181
vn -0.1251 -0.8291 -0.5449
vn -0.9959 0.0101 -0.0895
vn -0.9702 0.0725 0.2313
vn 0.5650 0.1966 0.8013
vn 0.5424 -0.5345 0.6482
vn 0.9831 -0.1211 0.1375
vn 0.5881 0.6924 0.4180
vn -0.0549 -0.8295 0.5559
vn -0.0792 -0.7409 0.6670
vn -0.0545 -0.7742 0.6306
vn -0.0370 -0.7936 0.6073
vn -0.3564 0.6348 -0.6856
vn -0.9987 0.0245 -0.0446
vn 0.3415 -0.6551 0.6739
vn -0.0858 0.9716 -0.2204
vn 0.0213 0.4197 -0.9074
vn 0.0743 0.1826 -0.9804
vn -0.3681 0.2882 -0.8840
vn -0.1020 0.1232 -0.9871
vn -0.0674 -0.1658 -0.9839
vn 0.8226 -0.3538 0.4451
vn -0.0233 0.3445 0.9385
vn 0.0097 0.2642 0.9644
vn 0.0388 0.7733 0.6329
vn 0.5191 0.5879 -0.6204
vn 0.0806 0.6328 -0.7701
vn -0.6246 0.6310 -0.4602
vn -0.2349 0.9210 -0.3107
vn 0.0058 0.6650 -0.7468
vn -0.0546 0.9012 -0.4299
vn -0.0666 0.3532 0.9332
vn -0.0066 0.8754 0.4833
vn -0.5525 0.5093 -0.6598
vn -0.6693 -0.3992 -0.6266
vn -0.8893 0.3412 0.3045
vn -0.3194 0.6493 0.6902
vn -0.1970 0.8443 0.4983
vn -0.3785 0.8394 -0.3902
vn -0.4440 -0.6570 -0.6093
vn -0.3931 -0.9079 -0.1456
vn -0.7157 -0.6952 -0.0673
vn -0.9824 -0.1845 -0.0308
vn 0.2449 0.2199 -0.9443
vn 0.4681 -0.2800 -0.8381
vn -0.0054 -0.8300 0.5578
vn -0.0365 -0.8722 0.4878
vn -0.4629 -0.1844 -0.8670
vn -0.0308 -0.5092 0.8601
vn -0.0088 -0.5360 0.8442
vn -0.0110 -0.9213 0.3887
vn -0.0173 -0.8989 0.4379
vn 0.3821 -0.9238 -0.0238
vn 0.5665 -0.2876 -0.7722
vn -0.1175 -0.9496 -0.2908
vn 0.2480 -0.6755 -0.6944
vn -0.1646 -0.2852 0.9442
vn -0.1800 -0.3107 -0.9333
vn -0.8099 0.5032 -0.3015
vn -0.0077 0.2283 0.9736
vn -0.1408 0.0496 -0.9888
vn -0.2433 0.8853 0.3963
vn -0.2612 0.7180 0.6452
vn -0.2336 0.6590 0.7149
vn -0.2302 0.8906 0.3922
vn 0.3632 0.6594 0.6582
vn 0.4637 0.7867 0.4075
vn 0.4289 0.0676 0.9008
vn 0.4961 0.3603 0.7900
vn 0.8614 0.1299 0.4910
vn 0.6274 -0.0026 0.7787
vn -0.0669 -0.9773 -0.2012
vn -0.0649 -0.5502 -0.8325
vn 0.0137 -0.7821 -0.6230
vn 0.0153 -0.9806 -0.1953
vn 0.0044 0.9663 0.2575
vn 0.0458 0.9629 0.2659
vn 0.0388 0.9597 0.2782
vn 0.0044 0.9627 0.2707
vn -0.0522 0.1204 0.9914
vn -0.2295 -0.5136 0.8267
vn -0.0667 -0.7218 0.6889
vn -0.0062 -0.0931 0.9956
vn 0.1542 0.2490 -0.9562
vn 0.0235 0.1217 -0.9923
vn -0.9802 0.1214 0.1567
vn -0.2316 0.9422 0.2421
vn -0.1418 0.9887 0.0485
vn -0.5585 0.1647 -0.8130
vn -0.7095 -0.6068 0.3584
vn -0.5506 0.4581 -0.6979
vn 0.0228 0.9396 -0.3414
vn -0.0162 0.4619 -0.8868
vn -0.0515 -0.4581 -0.8874
vn -0.0927 -0.3453 -0.9339
vn 0.0603 0.0374 0.9975
vn 0.0619 0.0438 0.9971
vn 0.0748 0.0821 0.9938
vn 0.0748 0.0656 0.9950
vn -0.3002 0.6586 -0.6900
vn -0.1092 0.1250 -0.9861
vn -0.1036 0.1675 -0.9804
vn -0.0144 -0.1105 -0.9938
vn 0.0623 -0.8028 -0.5929
vn 0.0717 -0.7873 -0.6124
vn -0.7689 -0.5763 0.2768
vn -0.9889 -0.1333 0.0659
vn -0.9677 -0.2065 -0.1447
vn -0.9953 -0.0582 0.0768
vn -0.9851 -0.0705 -0.1570
vn -0.2563 0.8306 -0.4944
vn -0.3755 0.8300 -0.4124
vn -0.7267 0.4150 -0.5474
vn -0.2217 0.5237 -0.8225
vn -0.1516 -0.8621 0.4835
vn -0.1288 -0.8353 0.5345
vn -0.2437 -0.2566 0.9353
vn -0.2448 -0.3415 0.9074
vn -0.1230 0.8680 -0.4811
vn -0.1463 0.9239 -0.3537
vn -0.8227 0.1216 0.5553
vn -0.0717 0.9503 0.3028
vn -0.0028 0.6205 -0.7842
vn -0.3549 -0.9298 0.0979
vn -0.4999 -0.4003 -0.7680
vn -0.1873 -0.7930 -0.5797
vn -0.1527 -0.7429 -0.6518
vn -0.1596 -0.2066 -0.9653
vn -0.9622 0.0777 -0.2609
vn -0.7654 -0.5330 -0.3606
vn -0.0566 0.2523 0.9660
vn 0.0124 0.6177 0.7863
vn -0.1874 0.3660 -0.9115
vn -0.2168 -0.0414 -0.9753
vn -0.1923 0.4535 -0.8703
vn -0.5575 0.6294 0.5413
vn -0.9474 0.2916 0.1321
vn -0.9090 -0.3421 0.2380
vn -0.9755 0.0804 0.2050
vn -0.9742 0.0275 0.2241
vn -0.6894 0.0196 0.7241
vn -0.7953 0.1689 0.5822
vn -0.2532 0.9658 -0.0566
vn -0.2384 0.8868 -0.3959
vn -0.2333 0.9042 -0.3578
vn -0.2401 0.9698 -0.0427
vn -0.9838 0.0601 0.1686
vn -0.9857 0.0793 0.1484
vn -0.5356 0.5689 -0.6241
vn -0.4949 0.5268 -0.6911
vn -0.1813 -0.7250 -0.6644
vn -0.1397 -0.9849 -0.1018
vn -0.4301 -0.8879 -0.1635
vn -0.0755 -0.7159 0.6941
vn -0.0741 -0.9936 -0.0852
vn -0.2702 -0.9615 -0.0499
vn -0.5090 -0.6248 -0.5921
vn -0.2692 0.3968 -0.8775
vn -0.0072 0.6940 -0.7199
vn -0.3256 -0.6712 0.6659
vn -0.1254 -0.7079 0.6951
vn -0.3861 -0.6388 0.6655
vn -0.1787 -0.6803 0.7108
vn -0.0136 -0.5783 -0.8157
vn 0.0206 0.0533 -0.9984
vn 0.0660 0.0410 -0.9970
vn 0.1098 -0.5587 -0.8221
vn 0.3168 0.9473 0.0468
vn 0.0311 0.9914 0.1274
vn -0.1315 0.9503 -0.2822
vn -0.0253 0.8161 -0.5773
vn -0.0446 0.7752 -0.6302
vn -0.0316 0.6657 -0.7456
vn -0.0211 -0.0440 -0.9988
vn -0.0128 0.0637 -0.9979
vn -0.3455 -0.9053 -0.2472
vn -0.2754 0.9409 -0.1973
vn -0.2113 0.9252 -0.3153
vn -0.2031 0.7955 -0.5709
vn -0.2365 0.6705 -0.7032
vn 0.1823 -0.5869 -0.7888
vn 0.5308 -0.6993 -0.4787
vn 0.4128 -0.8712 -0.2656
vn 0.1829 -0.8214 -0.5402
vn 0.3651 0.9042 -0.2217
vn 0.0299 -0.4992 -0.8660
vn -0.3517 0.9253 -0.1417
vn 0.0311 -0.7713 -0.6357
vn 0.0341 -0.8705 -0.4909
vn 0.0311 -0.6949 -0.7184
vn 0.0988 -0.7055 -0.7018
vn -0.1072 -0.6725 -0.7322
vn -0.0770 0.9970 -0.0057
vn 0.0522 -0.0680 -0.9963
vn 0.0549 0.0104 -0.9984
vn -0.0753 0.5505 -0.8315
vn -0.0581 0.5589 -0.8272
vn -0.0133 0.9932 -0.1153
vn -0.2448 0.8634 0.4411
vn -0.1093 0.9686 0.2234
vn -0.0162 -0.9934 -0.1136
vn -0.0288 -0.9775 0.2088
vn -0.0022 -0.9953 -0.0968
vn 0.6745 -0.7357 -0.0609
vn 0.0011 0.7008 -0.7134
vn -0.7974 -0.5855 0.1463
vn -0.2053 -0.2402 0.9488
vn -0.1752 0.0637 0.9825
vn -0.6661 -0.2935 0.6857
vn -0.5866 0.2559 0.7684
vn -0.2138 -0.2214 0.9514
vn -0.1325 -0.8374 -0.5302
vn -0.0347 0.6912 0.7219
vn -0.0767 0.6218 0.7794
vn 0.1523 -0.9882 -0.0129
vn 0.1775 -0.9836 0.0315
vn -0.2267 0.9074 0.3539
vn -0.4897 0.4758 0.7306
vn -0.1190 0.7483 0.6526
vn -0.0578 0.9561 0.2873
vn -0.0808 -0.3890 0.9177
vn -0.0864 -0.3546 0.9310
vn -0.0274 -0.6133 0.7894
vn -0.0301 -0.5263 0.8498
vn -0.0215 -0.4043 0.9144
vn -0.0331 -0.7371 0.6750
vn -0.0088 -0.8538 0.5206
vn 0.0007 -0.4553 0.8903
vn 0.3173 -0.2807 -0.9058
vn 0.4037 -0.3750 -0.8345
vn 0.1787 -0.8835 -0.4330
vn -0.6292 -0.7608 0.1590
vn -0.1808 -0.5907 0.7864
vn -0.8300 -0.2137 0.5152
vn -0.9486 -0.3015 -0.0967
vn -0.0375 0.8241 0.5652
vn -0.2256 -0.8553 -0.4664
vn -0.1115 -0.9909 0.0754
vn -0.1098 -0.1513 0.9824
vn -0.1074 -0.2436 0.9639
vn 0.3861 -0.6296 0.6742
vn 0.5513 -0.4248 0.7180
vn 0.6536 -0.5196 0.5503
vn 0.3649 -0.6480 0.6685
vn 0.0362 -0.9708 0.2370
vn -0.0113 -0.9810 -0.1934
vn -0.3235 0.4436 0.8358
vn -0.6113 0.3463 0.7116
vn -0.5124 0.7374 0.4401
vn -0.0923 -0.0068 0.9957
vn -0.3775 0.2417 0.8939
vn -0.5200 -0.5913 0.6164
vn 0.1653 -0.2872 0.9435
vn -0.1532 0.9227 0.3538
vn -0.2085 -0.1909 0.9592
vn -0.1709 0.3782 0.9098
vn -0.1611 -0.0330 0.9864
vn -0.1712 -0.5969 0.7839
vn -0.1851 -0.8536 0.4870
vn -0.6270 0.2166 0.7483
vn -0.1624 -0.7197 0.6750
vn -0.9348 -0.0750 0.3471
vn -0.4841 0.0479 0.8737
vn -0.6700 -0.6950 0.2609
vn -0.9809 -0.1620 0.1075
vn 0.0805 -0.3076 0.9481
vn 0.0045 0.7959 0.6054
vn -0.0185 0.8017 0.5974
vn 0.0001 0.9928 0.1200
vn -0.0435 0.9941 0.0998
vn -0.0571 0.9611 0.2702
vn -0.6759 -0.6795 0.2853
vn -0.1906 -0.9813 -0.0266
vn -0.1851 -0.9707 0.1532
vn -0.2027 -0.2155 0.9552
vn -0.5659 0.2288 0.7921
vn -0.9385 -0.3304 -0.1009
vn -0.5548 0.5028 0.6629
vn -0.2243 -0.5197 0.8244
vn -0.2240 -0.2281 0.9475
vn -0.1936 -0.6107 0.7678
vn 0.0301 0.4454 -0.8948
vn 0.0666 0.8545 -0.5152
vn 0.0312 0.7980 -0.6019
vn 0.0276 0.3470 -0.9375
vn -0.0447 -0.5459 0.8367
vn -0.0822 0.9966 0.0037
vn 0.0347 0.9984 -0.0447
vn -0.0421 0.8691 0.4929
vn -0.0954 0.8713 0.4813
vn -0.0792 0.9936 0.0799
vn -0.0428 0.9962 0.0762
vn -0.0376 0.4088 0.9119
vn 0.0957 0.2938 0.9511
vn 0.0599 0.9586 -0.2783
vn -0.0465 0.9579 -0.2832
vn -0.0496 0.9891 -0.1388
vn -0.0583 0.6310 0.7736
vn -0.1558 0.8943 -0.4195
vn -0.0203 0.0859 0.9961
vn 0.5768 0.6398 0.5079
vn -0.0160 -0.6323 0.7746
vn 0.0042 0.1085 0.9941
vn 0.0048 0.4068 0.9135
vn 0.0152 -0.3914 0.9201
vn 0.0567 0.1131 -0.9920
vn 0.5290 0.6878 -0.4971
vn 0.4183 0.7383 -0.5291
vn 0.3497 0.5749 -0.7397
vn 0.6744 0.4278 -0.6018
vn 0.4086 -0.6647 0.6254
vn 0.2506 0.5466 -0.7990
vn 0.6102 0.6795 -0.4073
vn -0.0302 0.5839 -0.8113
vn -0.0334 0.1472 0.9885
vn 0.3446 -0.6268 0.6988
vn -0.7155 -0.4706 0.5163
vn -0.1278 0.9787 -0.1607
vn -0.4342 0.8349 -0.3382
vn -0.6571 -0.6309 0.4126
vn -0.0089 0.1851 0.9827
vn -0.0154 0.6773 0.7356
vn -0.9804 0.1104 0.1631
vn -0.9696 -0.0232 0.2437
vn 0.9223 -0.2703 -0.2762
vn 0.8547 -0.4663 -0.2281
vn 0.0634 -0.5688 -0.8200
vn 0.0601 -0.0563 -0.9966
vn 0.0641 -0.0403 -0.9971
vn 0.0055 -0.7793 0.6267
vn 0.0406 -0.7359 0.6759
vn 0.0035 -0.9968 0.0798
vn -0.0021 -0.9984 0.0573
vn -0.0836 0.9879 -0.1303
vn -0.0275 0.9885 -0.1487
vn 0.0051 0.9901 -0.1401
vn -0.0183 0.9907 -0.1350
vn -0.1504 0.8904 -0.4297
vn -0.1248 0.9029 -0.4114
vn -0.1324 0.8580 -0.4963
vn -0.1624 0.8374 -0.5218
vn 0.0005 0.9646 0.2635
vn 0.0005 0.9689 0.2473
vn -0.0431 -0.9991 0.0028
vn -0.0092 -0.9996 -0.0270
vn -0.1759 -0.9262 -0.3334
vn -0.1490 -0.9857 0.0785
vn -0.1753 -0.9833 0.0496
vn -0.1868 -0.9088 -0.3731
vn -0.1044 -0.9657 -0.2379
vn -0.0819 -0.9143 -0.3966
vn -0.1294 -0.8838 -0.4496
vn -0.2041 -0.7491 -0.6302
vn -0.1912 -0.7618 -0.6190
vn -0.1824 -0.8410 -0.5093
vn -0.1882 -0.8283 -0.5278
vn 0.9328 -0.3520 -0.0777
vn 0.8794 -0.1608 -0.4482
vn 0.8197 -0.2225 -0.5278
vn 0.9432 -0.3173 -0.0980
vn -0.2139 -0.6487 -0.7303
vn -0.2045 -0.8211 -0.5328
vn -0.1847 -0.8366 -0.5158
vn -0.2057 -0.7284 -0.6536
vn 0.1478 -0.9443 0.2939
vn 0.3359 -0.8774 0.3425
vn 0.0605 -0.8597 0.5072
vn 0.9747 -0.2236 0.0065
vn 0.9671 -0.2072 -0.1480
vn 0.9469 -0.2302 -0.2244
vn 0.9769 -0.2132 -0.0125
vn -0.0666 -0.7866 0.6139
vn -0.0693 0.0471 -0.9965
vn -0.1791 -0.8163 -0.5491
vn -0.0913 -0.7737 -0.6270
vn -0.9080 0.4088 -0.0914
vn -0.0329 -0.5175 0.8550
vn 0.2179 -0.9727 0.0795
vn 0.9883 0.0649 -0.1379
vn 0.3418 -0.7449 -0.5730
vn 0.9906 0.0706 -0.1167
vn 0.4687 0.8826 0.0368
vn 0.0690 -0.6082 -0.7908
vn -0.0457 -0.6271 -0.7776
vn -0.6193 -0.1161 -0.7766
vn -0.0074 0.9658 -0.2593
vn -0.1364 -0.7725 0.6202
vn -0.0095 -0.9464 0.3229
vn -0.6251 -0.7574 0.1887
vn -0.7636 0.0994 -0.6380
vn -0.2000 -0.4664 -0.8617
vn -0.2213 -0.2529 -0.9418
vn -0.2320 0.0536 -0.9712
vn -0.1636 -0.1317 -0.9777
vn 0.3181 0.5713 -0.7566
vn 0.3777 0.4558 -0.8059
vn 0.4336 0.4637 -0.7726
vn 0.0069 0.9795 0.2013
vn -0.0000 0.9740 0.2266
vn 0.0001 0.9663 0.2576
vn 0.0016 0.9684 0.2496
vn 0.7751 -0.5739 -0.2643
vn 0.8855 -0.4647 -0.0044
vn 0.0909 -0.9809 -0.1718
vn 0.0388 -0.8715 -0.4889
vn -0.7800 -0.4770 0.4050
vn 0.3137 -0.6586 0.6840
vn 0.2817 -0.6719 0.6850
vn 0.3570 0.6788 0.6417
vn 0.6360 0.5713 0.5188
vn 0.4188 0.8342 0.3587
vn 0.0238 0.8031 0.5954
vn 0.0256 0.8028 0.5956
vn -0.0416 0.8453 0.5326
vn -0.0245 0.8068 0.5903
vn 0.0088 -0.4880 0.8728
vn 0.1624 -0.5148 0.8418
vn 0.1393 -0.5538 0.8209
vn -0.0031 -0.5234 0.8521
vn -0.0687 -0.9955 0.0655
vn -0.2568 -0.9643 -0.0643
vn 0.8595 -0.0112 -0.5110
vn 0.0369 -0.2700 0.9622
vn -0.1728 0.9633 -0.2052
vn -0.3065 0.9059 -0.2924
vn 0.2112 0.6628 0.7184
vn -0.0576 -0.5915 0.8043
vn -0.0509 -0.5558 0.8298
vn 0.0078 -0.5788 0.8154
vn 0.0157 0.9909 0.1336
vn -0.0018 0.9924 0.1231
vn 0.0335 0.9747 0.2210
vn 0.0164 0.9707 0.2399
vn -0.9942 -0.0145 0.1064
vn -0.9037 0.3662 -0.2220
vn -0.9409 0.2522 -0.2262
vn -0.2030 0.7874 -0.5820
vn -0.2317 0.7459 -0.6244
vn -0.2009 0.8813 -0.4278
vn -0.2284 0.4671 -0.8542
vn -0.2175 0.2160 -0.9519
vn -0.2172 0.2296 -0.9487
vn -0.2264 0.4646 -0.8561
vn 0.0676 -0.2363 0.9693
vn 0.0706 0.2956 0.9527
vn 0.0478 0.2892 0.9561
vn 0.0476 -0.2067 0.9772
vn -0.0564 -0.3092 -0.9493
vn 0.0003 -0.8392 -0.5438
vn 0.0161 -0.8533 -0.5212
vn -0.0000 -0.3043 -0.9526
vn -0.0123 -0.8093 0.5873
vn -0.0099 -0.7913 0.6114
vn -0.0039 -0.9881 -0.1539
vn -0.0132 -0.9881 -0.1530
vn 0.0123 -0.9991 -0.0401
vn -0.0217 -0.9997 0.0063
vn -0.0348 -0.8763 -0.4806
vn -0.2094 -0.6491 0.7313
vn -0.2270 -0.2114 0.9507
vn -0.2244 -0.2375 0.9451
vn -0.2100 -0.6318 0.7462
vn -0.1830 -0.9106 -0.3704
vn -0.1856 -0.9188 -0.3484
vn -0.4006 0.9162 -0.0041
vn -0.3985 0.9172 -0.0061
vn 0.1154 0.9930 -0.0264
vn 0.1116 0.9937 0.0125
vn -0.1092 -0.0258 0.9937
vn -0.0317 0.0431 0.9986
vn -0.0223 -0.3515 0.9359
vn -0.2495 0.9674 -0.0436
vn -0.2512 0.9097 -0.3307
vn -0.2192 0.9750 -0.0370
vn -0.1918 0.9056 -0.3782
vn -0.1448 0.9298 -0.3383
vn -0.1539 0.8199 -0.5514
vn -0.1799 0.8224 -0.5397
vn 0.0090 -0.9956 0.0937
vn 0.0113 -0.9942 0.1071
vn 0.0011 -1.0000 0.0067
vn -0.1318 -0.9891 0.0657
vn -0.0554 -0.9967 0.0590
vn -0.0942 0.8952 0.4355
vn -0.0937 0.9658 0.2419
vn -0.1228 0.9600 0.2515
vn -0.1494 0.9065 0.3949
vn 0.0026 0.9317 0.3632
vn 0.0001 0.9676 0.2526
vn 0.0265 0.9316 -0.3625
vn 0.2505 -0.9672 -0.0418
vn -0.0014 -0.7076 0.7066
vn 0.8905 -0.4509 0.0600
vn -0.2821 -0.6406 -0.7142
vn -0.2102 -0.6864 -0.6962
vn 0.0621 -0.6233 -0.7795
vn 0.0002 -0.6493 -0.7605
vn 0.6190 -0.7750 0.1275
vn -0.1547 0.9347 0.3199
vn 0.4167 0.0189 0.9088
vn 0.4669 0.3643 0.8058
vn 0.0401 -0.9991 -0.0162
vn 0.7385 0.6101 0.2870
vn 0.0026 0.6982 0.7159
vn 0.0399 0.8127 0.5813
vn -0.1873 -0.6477 -0.7385
vn -0.1076 -0.6873 -0.7184
vn -0.1220 -0.1471 -0.9816
vn -0.2149 -0.0828 -0.9731
vn -0.3473 0.9376 -0.0181
vn -0.6987 0.7153 0.0082
vn -0.6904 0.7234 0.0009
vn 0.0003 -0.9997 -0.0245
vn 0.0012 -0.9998 -0.0217
vn 0.0005 -0.9999 0.0103
vn -0.0003 -1.0000 0.0098
vn 0.1483 0.9888 -0.0186
vn 0.1217 0.9914 -0.0491
vn 0.1546 0.9876 0.0279
vn 0.0969 -0.9944 0.0418
vn -0.1204 -0.9900 0.0731
vn -0.1188 -0.9670 -0.2252
vn 0.0824 -0.9854 -0.1488
vn 0.0802 0.9660 -0.2459
vn 0.0223 0.9927 0.1182
vn 0.0367 0.9883 0.1483
vn -0.0018 -1.0000 0.0093
vn -0.0003 -0.9995 -0.0301
vn 0.2241 0.0547 0.9730
vn 0.2681 -0.6298 0.7290
vn -0.0168 -0.9764 -0.2155
vn -0.0698 -0.8159 -0.5740
vn -0.1967 -0.8089 -0.5541
vn -0.0412 0.2369 0.9707
vn -0.1396 0.2969 0.9447
vn 0.1215 -0.1157 0.9858
vn -0.1086 -0.7948 0.5971
vn 0.0577 0.9911 -0.1197
vn 0.0315 0.9924 -0.1192
vn -0.4386 0.7680 -0.4667
vn -0.1192 0.6654 -0.7369
vn -0.1049 0.0686 -0.9921
vn -0.1574 -0.6695 -0.7260
vn -0.0262 0.9896 0.1413
vn -0.0002 0.9870 0.1606
vn 0.0110 0.9889 0.1483
vn 0.0755 -0.7576 0.6483
vn 0.0625 -0.7529 0.6552
vn 0.0707 -0.7580 0.6484
vn 0.0775 -0.7580 0.6477
vn -0.1303 0.3705 0.9196
vn -0.2741 0.4777 0.8347
vn -0.1620 -0.5989 0.7843
vn -0.0823 -0.6492 0.7562
vn 0.0024 -0.9480 0.3181
vn 0.0444 -0.8329 -0.5517
vn 0.0647 -0.7502 -0.6580
vn 0.0816 -0.7500 -0.6563
vn 0.0687 -0.7723 -0.6315
vn -0.2380 0.3126 0.9196
vn -0.2016 0.6756 0.7091
vn -0.2116 0.6335 0.7443
vn -0.2194 0.2992 0.9286
vn 0.0396 -0.9234 -0.3817
vn 0.0016 -0.9841 0.1775
vn 0.0092 -0.9860 0.1663
vn 0.0437 -0.8629 -0.5035
vn 0.0006 -0.9999 -0.0143
vn 0.0003 -0.9999 -0.0132
vn -0.2282 0.5994 0.7673
vn -0.2227 0.8568 0.4651
vn 0.9404 -0.3349 0.0595
vn 0.0210 -0.7491 -0.6621
vn 0.3402 -0.6656 -0.6643
vn 0.5064 -0.3847 0.7717
vn 0.8877 -0.3060 -0.3439
vn 0.8332 0.1670 -0.5271
vn -0.0846 -0.9960 -0.0276
vn -0.1379 -0.9903 -0.0182
vn -0.1299 -0.9798 0.1521
vn -0.0773 -0.9914 0.1055
vn 0.2838 0.5423 -0.7908
vn 0.3022 0.5616 -0.7702
vn -0.2226 0.5257 -0.8210
vn -0.2231 0.2335 -0.9464
vn -0.1263 -0.5843 0.8016
vn -0.1361 -0.2625 0.9553
vn -0.0443 -0.3086 0.9501
vn -0.0398 -0.5152 0.8561
vn -0.0836 0.7388 0.6688
vn -0.0863 0.1281 0.9880
vn 0.5185 0.3804 -0.7659
vn 0.4408 0.3946 -0.8062
vn 0.4703 0.3773 -0.7978
vn -0.0864 -0.8852 -0.4571
vn -0.1360 -0.9688 -0.2074
vn -0.0878 -0.9733 -0.2121
vn -0.0233 -0.9995 -0.0223
vn -0.0265 -0.7588 -0.6508
vn -0.0028 -0.7988 -0.6016
vn -0.0109 -0.9994 0.0321
vn -0.2376 0.2503 -0.9386
vn -0.2130 0.6043 -0.7678
vn -0.1816 0.6156 -0.7668
vn -0.1946 0.1580 -0.9681
vn 0.0681 0.2426 0.9677
vn 0.0413 0.2787 0.9595
vn 0.0155 0.4876 -0.8730
vn -0.0063 -0.1170 -0.9931
vn -0.1264 -0.1540 -0.9800
vn -0.0280 0.5613 -0.8272
vn 0.0658 -0.8962 -0.4388
vn 0.0471 -0.9229 -0.3820
vn 0.0425 -0.6319 -0.7739
vn 0.0448 -0.2980 0.9535
vn 0.4355 -0.4260 0.7930
vn 0.0450 -0.2904 0.9558
vn -0.0540 0.9924 0.1103
vn -0.0630 0.9101 0.4096
vn -0.1440 0.8346 0.5318
vn -0.0855 0.9893 0.1183
vn -0.0069 -0.1201 0.9927
vn 0.0195 -0.0511 0.9985
vn 0.0066 0.9036 0.4284
vn 0.0139 -0.9897 0.1422
vn 0.1287 -0.5590 0.8191
vn 0.9632 -0.2531 0.0905
vn -0.0314 -0.4499 0.8925
vn -0.1759 0.7894 -0.5882
vn -0.4707 0.6751 -0.5681
vn -0.0790 -0.1265 -0.9888
vn -0.0450 -0.5835 -0.8109
vn 0.8354 -0.2414 0.4938
vn 0.9305 -0.3543 0.0931
vn -0.0166 -0.9150 -0.4032
vn -0.0296 -0.5063 -0.8619
vn -0.1233 -0.4615 -0.8786
vn -0.0601 -0.9098 -0.4107
vn 0.5876 0.3029 0.7503
vn 0.5847 0.1961 0.7872
vn 0.9224 -0.3530 0.1569
vn 0.0059 -0.4244 0.9055
vn 0.2974 -0.2602 -0.9186
vn 0.3205 -0.3339 -0.8865
vn -0.2317 0.9320 0.2788
vn -0.2412 0.9416 0.2351
vn -0.1631 0.6862 -0.7089
vn 0.3249 0.6578 -0.6796
vn -0.6301 -0.6002 -0.4927
vn -0.0973 -0.7514 -0.6527
vn -0.0020 -0.9573 0.2891
vn -0.0035 -0.9573 0.2892
vn 0.0035 0.1670 -0.9860
vn 0.0029 0.1537 -0.9881
vn 0.0082 -0.0156 -0.9998
vn -0.0027 0.0094 -1.0000
vn 0.5573 -0.8221 -0.1162
vn 0.0257 0.1452 -0.9891
vn 0.0337 -0.4094 -0.9117
vn 0.4730 -0.6200 -0.6260
vn 0.0743 -0.7580 -0.6480
vn 0.0517 0.0493 0.9974
vn 0.0581 0.0770 0.9953
vn 0.0147 0.0480 0.9987
vn 0.0161 0.0514 0.9986
vn -0.2041 0.8192 0.5360
vn 0.3013 -0.7654 -0.5687
vn 0.1459 -0.6735 -0.7247
vn 0.2086 -0.8364 -0.5070
vn 0.4561 -0.6296 -0.6289
vn 0.5351 -0.6360 -0.5560
vn 0.4104 0.8898 -0.1994
vn 0.1727 0.9745 -0.1434
vn 0.1529 -0.2090 0.9659
vn 0.4841 -0.5930 -0.6434
vn 0.6366 0.7696 -0.0485
vn 0.0610 -0.7615 -0.6453
vn 0.0623 -0.7827 -0.6193
vn 0.0332 -0.7859 -0.6175
vn -0.0000 -0.9994 0.0338
vn -0.0055 -0.9986 0.0522
vn -0.0640 -0.7307 -0.6797
vn -0.0040 -0.9000 -0.4360
vn -0.1170 -0.8500 -0.5136
vn 0.4642 0.8555 -0.2296
vn 0.3736 0.8624 -0.3416
vn -0.3621 -0.0606 0.9302
vn -0.1587 -0.1883 0.9692
vn -0.1371 -0.6588 0.7397
vn 0.0708 -0.6480 -0.7583
vn -0.0001 -0.9952 -0.0979
vn 0.1013 0.3272 -0.9395
vn 0.7110 -0.3941 -0.5823
vn -0.0741 -0.9811 -0.1790
vn -0.0438 -0.6840 -0.7281
vn -0.0193 -0.5884 -0.8083
vn -0.0179 -0.9443 -0.3287
vn 0.5121 0.3657 0.7772
vn 0.9658 0.0117 0.2589
vn -0.2305 -0.3934 -0.8900
vn -0.5724 -0.3773 -0.7280
vn -0.4928 0.1803 -0.8513
vn -0.1411 0.1566 -0.9775
vn 0.7773 0.1213 0.6173
vn 0.4432 0.5303 0.7227
vn 0.2995 -0.0828 0.9505
vn 0.0121 -0.9491 0.3149
vn -0.0049 -0.9585 0.2849
vn -0.1529 -0.9833 0.0986
vn -0.1557 -0.8962 0.4155
vn -0.1513 -0.8871 0.4360
vn -0.1437 -0.9844 0.1016
vn 0.0224 -0.5612 -0.8274
vn 0.5100 -0.5092 -0.6933
vn 0.7327 -0.4861 -0.4763
vn 0.0548 -0.6349 -0.7706
vn -0.6800 0.7332 0.0095
vn -0.3502 0.9362 0.0312
vn -0.7747 -0.2062 0.5978
vn -0.8491 -0.0026 0.5283
vn 0.0576 -0.9914 -0.1172
vn 0.0470 -0.9975 -0.0519
vn 0.9589 0.2093 0.1918
vn -0.0940 0.9866 0.1337
vn -0.1372 0.9843 0.1108
vn -0.8988 0.3523 0.2610
vn -0.0564 -0.2179 0.9743
vn -0.1626 -0.0824 0.9832
vn 0.0152 0.6974 0.7165
vn 0.0452 0.9807 0.1901
vn -0.1771 0.7013 0.6905
vn -0.0609 0.4512 0.8904
vn -0.0703 0.8075 -0.5857
vn -0.0895 0.9724 -0.2154
vn -0.0783 0.9911 0.1080
vn -0.0812 0.8003 -0.5941
vn -0.2380 -0.3642 -0.9004
vn -0.2410 -0.2941 -0.9249
vn -0.2029 -0.7461 -0.6342
vn -0.6955 0.7185 -0.0086
vn -0.0693 0.9952 -0.0690
vn -0.0783 0.9960 -0.0431
vn -0.1062 0.9226 -0.3708
vn -0.0704 0.9288 -0.3638
vn -0.1529 -0.9337 -0.3237
vn -0.1494 -0.9499 -0.2744
vn -0.0067 -0.8458 -0.5334
vn -0.0166 -0.1361 -0.9906
vn -0.0013 -0.8677 -0.4971
vn 0.9171 -0.2971 0.2657
vn 0.7940 -0.2275 0.5637
vn 0.9183 -0.2071 0.3375
vn -0.0242 -0.9642 0.2643
vn -0.0538 -0.9680 0.2451
vn 0.0118 -0.9965 0.0833
vn -0.0194 -0.9961 0.0865
vn 0.0627 -0.7530 -0.6550
vn 0.0627 -0.7598 -0.6472
vn 0.3168 0.4530 0.8334
vn -0.0569 0.9421 0.3304
vn -0.0845 0.9460 0.3131
vn -0.5903 0.6583 0.4672
vn -0.1762 0.9263 0.3330
vn -0.1028 0.9491 0.2977
vn -0.1302 0.0791 0.9883
vn -0.1154 0.7894 0.6030
vn -0.1030 0.8433 0.5275
vn -0.1186 0.1119 0.9866
vn 0.0167 -0.7280 -0.6854
vn 0.0061 -0.1123 0.9937
vn 0.0042 -0.2811 0.9597
vn 0.0042 -0.9964 -0.0851
vn 0.0029 -0.9706 -0.2408
vn 0.0020 -0.9683 -0.2496
vn 0.0024 -0.9943 -0.1065
vn 0.4539 0.3842 0.8040
vn 0.4692 0.3690 0.8023
vn 0.0285 -0.8298 0.5573
vn 0.0341 -0.8283 0.5592
vn -0.0110 -0.8294 0.5586
vn 0.5468 0.7551 -0.3616
vn 0.1799 0.1259 -0.9756
vn 0.2595 -0.7408 -0.6196
vn -0.0920 -0.9955 -0.0245
vn 0.9466 -0.3215 0.0235
vn 0.9423 -0.2256 -0.2473
vn 0.9789 -0.1047 -0.1755
vn -0.1424 -0.6215 -0.7704
vn 0.9948 -0.0999 0.0209
vn 0.3597 -0.6783 -0.6407
vn -0.1031 -0.1897 -0.9764
vn -0.0171 -0.2797 -0.9599
vn -0.0067 0.3046 -0.9525
vn -0.0685 0.4080 -0.9104
vn -0.4920 -0.6153 -0.6159
vn -0.5020 -0.6071 -0.6160
vn 0.3133 -0.6789 -0.6641
vn 0.2599 -0.6963 -0.6690
vn -0.1650 0.9855 -0.0384
vn -0.1386 0.9899 0.0294
vn -0.2089 0.4584 0.8638
vn -0.1987 0.5217 0.8296
vn -0.0435 0.4722 0.8804
vn -0.1174 -0.8568 -0.5021
vn 0.2929 -0.5041 0.8125
vn 0.9477 0.1767 0.2657
vn -0.0383 -0.5764 0.8163
vn 0.7087 -0.7039 -0.0470
vn -0.0526 -0.7296 -0.6818
vn -0.1660 -0.8184 -0.5502
vn -0.1527 -0.7501 -0.6435
vn -0.1495 -0.1771 -0.9728
vn -0.1926 0.5226 -0.8305
vn -0.1703 0.6003 -0.7814
vn -0.1404 -0.1088 -0.9841
vn 0.0641 0.9579 -0.2799
vn -0.0861 0.9958 -0.0296
vn 0.2589 0.3089 -0.9152
vn -0.0030 -0.6851 -0.7285
vn -0.6257 -0.5226 0.5791
vn 0.4311 0.9023 -0.0063
vn 0.0637 -0.9564 -0.2850
vn -0.1768 -0.9791 0.1007
vn -0.1391 -0.8670 0.4785
vn 0.0158 -0.5250 0.8510
vn 0.0303 0.1682 0.9853
vn 0.0656 -0.8071 -0.5867
vn 0.0541 -0.5679 -0.8214
vn 0.0937 0.0367 -0.9949
vn -0.0296 0.9620 0.2715
vn 0.0196 -0.8083 0.5884
vn 0.5968 -0.5679 0.5668
vn 0.6678 -0.5288 0.5239
vn 0.0030 0.5128 -0.8585
vn 0.0492 0.5241 -0.8503
vn 0.3873 0.4046 0.8285
vn 0.4459 0.3764 0.8121
vn 0.0415 -0.9988 -0.0256
vn 0.0748 -0.9970 0.0201
vn 0.0332 -0.1897 0.9813
vn 0.0626 -0.1162 0.9913
vn 0.1626 0.8785 -0.4492
vn 0.8693 0.4067 0.2810
vn -0.1492 0.7504 -0.6439
vn -0.0748 0.5818 -0.8099
vn 0.0759 -0.9925 0.0958
vn 0.3258 -0.6617 0.6753
vn -0.0752 -0.9972 -0.0032
vn 0.5296 0.7314 0.4297
vn 0.6462 0.4978 0.5784
vn 0.3693 0.6422 0.6717
vn -0.5081 -0.6029 -0.6151
vn 0.0241 -0.7391 -0.6732
vn 0.4556 0.7743 0.4392
vn -0.1414 -0.1219 -0.9824
vn -0.1543 -0.2022 -0.9671
vn 0.7769 0.0413 -0.6283
vn 0.8348 0.4648 -0.2952
vn 0.9794 -0.1948 0.0540
vn -0.0419 -0.7302 0.6820
vn -0.4986 0.8070 -0.3164
vn 0.7143 -0.6834 0.1511
vn 0.9371 0.3478 -0.0314
vn 0.8461 0.2480 0.4718
vn -0.0350 -0.1485 0.9883
vn -0.0292 -0.2079 -0.9777
vn -0.0292 -0.7401 -0.6719
vn -0.1020 -0.7644 -0.6366
vn -0.0759 -0.2444 -0.9667
vn -0.0508 -0.7105 0.7019
vn -0.1469 -0.8648 0.4802
vn -0.0929 -0.8610 0.5001
vn 0.5644 0.8081 -0.1688
vn 0.5091 -0.6537 0.5599
vn -0.1099 -0.9562 -0.2711
vn -0.4118 -0.9086 -0.0698
vn -0.3047 -0.6770 -0.6699
vn -0.8573 -0.3818 -0.3454
vn 0.4553 -0.6301 0.6290
vn -0.2465 0.0297 0.9687
vn -0.7220 0.6533 0.2280
vn 0.0657 -0.7286 0.6817
vn 0.0740 -0.7501 0.6572
vn 0.1035 0.8433 -0.5274
vn 0.9714 0.0407 0.2341
vn 0.4921 -0.4806 -0.7259
vn 0.9197 0.2630 -0.2914
vn -0.2117 0.2655 0.9406
vn -0.2253 0.6018 0.7662
vn -0.6153 -0.7097 -0.3430
vn -0.5975 -0.5866 0.5467
vn -0.1722 0.7012 0.6918
vn -0.1561 0.8110 0.5638
vn 0.1127 0.9785 -0.1729
vn 0.1376 0.9153 -0.3786
vn 0.0813 0.6280 -0.7740
vn 0.0851 0.7453 -0.6613
vn 0.0717 -0.7524 -0.6548
vn 0.5385 -0.5038 -0.6754
vn -0.7730 -0.5897 -0.2341
vn -0.1481 -0.9843 -0.0955
vn -0.1350 -0.9420 -0.3074
vn 0.0696 0.1266 -0.9895
vn -0.0277 0.8072 -0.5897
vn -0.0190 0.8038 -0.5945
vn 0.0677 -0.7844 0.6166
vn 0.0763 -0.7580 0.6477
vn 0.0956 -0.7755 0.6241
vn -0.3779 0.1399 0.9152
vn -0.2546 0.2876 0.9233
vn 0.3306 0.7403 -0.5854
vn 0.5232 0.7631 -0.3794
vn 0.2506 0.7353 -0.6297
vn 0.0508 -0.5775 0.8148
vn 0.2021 0.5556 0.8065
vn 0.2791 -0.9601 0.0207
vn 0.0924 -0.9957 0.0053
vn 0.1765 -0.9511 0.2536
vn -0.0189 -0.6336 -0.7735
vn 0.0122 -0.6077 -0.7941
vn -0.3645 0.8373 0.4075
vn -0.2322 0.9351 0.2679
vn -0.3487 0.9333 0.0852
vn -0.7784 -0.4357 0.4520
vn -0.9594 -0.2799 -0.0351
vn -0.9963 -0.0387 0.0761
vn -0.0278 -0.9550 -0.2954
vn -0.8862 -0.2598 0.3835
vn 0.0781 -0.7462 -0.6611
vn 0.0590 -0.7475 -0.6616
vn -0.1024 -0.9844 0.1429
vn -0.4121 -0.5813 -0.7017
vn -0.0917 -0.7494 -0.6557
vn 0.6929 -0.4908 0.5283
vn -0.3565 -0.6391 0.6815
vn -0.0386 -0.9598 0.2780
vn 0.7046 -0.4964 0.5071
vn -0.0565 -0.7046 -0.7074
vn -0.2094 -0.9005 0.3810
vn -0.1261 -0.6654 0.7358
vn -0.0586 0.3838 0.9216
vn -0.2580 -0.0140 0.9660
vn -0.2740 -0.6770 0.6831
vn -0.0166 -0.7057 -0.7083
vn 0.4507 -0.7486 0.4862
vn 0.4491 -0.6552 0.6074
vn -0.0774 0.9735 -0.2152
vn 0.0022 -0.9662 -0.2576
vn 0.0022 -0.9643 -0.2647
vn -0.0039 -0.8052 -0.5930
vn 0.0122 -0.9997 -0.0203
vn 0.0041 -0.9998 0.0178
vn 0.0121 -0.9994 0.0315
vn 0.3099 0.4788 0.8214
vn -0.5205 -0.5910 0.6163
vn 0.0662 -0.6172 0.7840
vn 0.0352 -0.5346 0.8444
vn 0.0200 -0.4998 0.8659
vn 0.0297 -0.5719 0.8198
vn 0.0087 -0.2836 0.9589
vn 0.0059 -0.2877 0.9577
vn 0.0307 -0.9879 -0.1518
vn -0.0407 0.5497 0.8344
vn -0.0146 -0.8434 0.5371
vn -0.0145 -0.9939 0.1095
vn 0.0006 -0.9977 0.0680
vn 0.4605 -0.6156 0.6395
vn 0.0638 -0.5394 0.8396
vn 0.1323 -0.5725 0.8091
vn -0.0238 -0.9813 -0.1911
vn 0.0014 -0.9999 0.0100
vn 0.0069 -1.0000 0.0019
vn -0.6911 -0.5650 -0.4507
vn 0.0028 0.9673 0.2537
vn 0.0005 0.9302 0.3670
vn 0.3728 0.0219 0.9276
vn -0.6747 -0.1238 0.7276
vn -0.0888 0.9934 0.0730
vn -0.2931 0.7450 0.5993
vn -0.0197 -0.1938 0.9808
vn 0.0042 -0.1864 0.9825
vn -0.2885 -0.6015 0.7449
vn -0.4249 -0.3761 0.8234
vn -0.0450 -0.6696 0.7414
vn -0.1491 -0.7010 0.6974
vn -0.9422 -0.3073 0.1332
vn 0.8475 0.2996 0.4382
vn -0.7822 -0.4266 -0.4541
vn -0.8701 0.4037 0.2828
vn 0.6225 -0.6133 -0.4861
vn 0.0423 -0.7191 -0.6936
vn 0.0591 -0.6678 -0.7420
vn 0.0211 -0.4400 -0.8977
vn 0.0020 -0.3186 -0.9479
vn -0.0847 0.1597 0.9835
vn -0.0810 0.1166 0.9899
vn 0.0190 -0.9969 -0.0768
vn 0.0055 -0.9987 0.0510
vn -0.0013 -0.9999 -0.0134
vn -0.0042 -0.9999 -0.0127
vn -0.0026 -0.9961 0.0882
vn -0.1008 0.9247 0.3671
vn -0.1107 0.9054 0.4098
vn -0.1629 0.0750 0.9838
vn 0.0201 -0.1921 0.9812
vn 0.0070 -0.1266 0.9919
vn -0.1867 -0.8353 -0.5171
vn -0.1817 -0.8899 -0.4185
vn -0.1887 -0.8933 -0.4080
vn -0.0716 0.4108 0.9089
vn -0.0024 0.9585 0.2850
vn -0.0044 0.5854 0.8107
vn -0.0051 -0.9078 0.4193
vn 0.0050 -0.9205 0.3906
vn 0.2831 0.1516 -0.9470
vn 0.0074 -1.0000 -0.0064
vn -0.6218 0.7826 -0.0303
vn -0.1766 -0.8916 0.4170
vn -0.0182 0.3574 -0.9338
vn 0.0188 0.7170 -0.6968
vn 0.0627 -0.7444 0.6647
vn 0.0754 -0.7606 0.6448
vn 0.0694 -0.7835 0.6175
vn 0.1016 -0.7525 0.6507
vn 0.0178 -0.9997 -0.0166
vn -0.0310 -0.9994 -0.0149
vn -0.0033 -0.9921 0.1254
vn 0.2957 0.9550 0.0234
vn -0.1487 -0.9825 -0.1122
vn -0.2501 -0.3092 -0.9175
vn 0.2804 -0.6380 0.7171
vn 0.6724 0.6999 0.2410
vn 0.8037 0.5288 0.2728
vn -0.4911 -0.5842 -0.6462
vn -0.2892 -0.6140 -0.7345
vn 0.8671 0.4825 -0.1236
vn -0.3127 0.9367 0.1575
vn -0.7284 0.6838 -0.0422
vn 0.0164 0.3784 0.9255
vn 0.6668 -0.4714 -0.5772
vn -0.0332 0.9863 0.1615
vn -0.0333 0.9874 0.1546
vn -0.0135 0.9924 0.1223
vn -0.0316 0.9913 0.1281
vn 0.0344 0.9878 0.1517
vn -0.0138 0.9753 0.2205
vn 0.0312 0.9748 0.2208
vn 0.0507 0.9915 0.1197
vn 0.0757 0.9901 0.1183
vn -0.1619 -0.9689 -0.1872
vn -0.0544 0.7139 -0.6981
vn -0.0226 0.7346 -0.6781
vn -0.0073 0.9723 0.2336
vn 0.0659 -0.8448 0.5310
vn -0.0435 -0.9776 -0.2059
vn -0.0643 -0.9791 -0.1931
vn 0.0274 -0.7737 0.6329
vn -0.0097 -0.8614 0.5079
vn -0.0175 -0.9996 -0.0233
vn -0.4901 -0.8713 -0.0234
vn 0.0488 -0.5669 -0.8223
vn -0.0539 -0.7944 0.6050
vn -0.1221 -0.7843 0.6082
vn -0.1274 -0.9197 0.3713
vn 0.0283 -0.9530 0.3017
vn 0.1617 -0.4630 0.8715
vn 0.5577 0.3825 0.7367
vn 0.0556 -0.7864 0.6153
vn -0.2075 -0.8017 0.5605
vn -0.1972 -0.7499 0.6314
vn -0.2224 -0.5773 0.7857
vn -0.5847 -0.6783 0.4449
vn -0.0345 -0.8671 -0.4969
vn 0.0556 -0.2791 -0.9587
vn -0.0143 0.9698 0.2433
vn 0.1048 -0.0820 -0.9911
vn -0.4316 -0.6378 0.6379
vn -0.0379 -0.2418 -0.9696
vn 0.3609 0.8514 0.3807
vn -0.0503 -0.9852 -0.1638
vn -0.0606 0.8469 -0.5283
vn -0.0166 0.9989 0.0427
vn -0.0043 -0.9957 -0.0927
vn -0.9954 0.0939 -0.0184
vn -0.0094 0.9859 0.1670
vn -0.0674 0.9752 0.2108
vn -0.1338 0.6512 0.7470
vn 0.0368 -0.2604 -0.9648
vn 0.1681 -0.0652 -0.9836
vn 0.0730 0.1587 -0.9846
vn 0.0069 -0.9962 0.0867
vn 0.0033 -0.9994 -0.0342
vn -0.0217 -0.4135 0.9103
vn 0.0498 -0.7974 0.6013
vn -0.6170 -0.7651 0.1845
vn -0.9530 -0.3014 0.0320
vn 0.9677 -0.2512 -0.0191
vn 0.8593 -0.5106 -0.0298
vn -0.0621 0.6438 0.7626
vn -0.0630 0.7442 0.6650
vn 0.0002 0.1662 -0.9861
vn -0.0320 0.7066 -0.7069
vn 0.0102 0.6675 -0.7445
vn -0.1195 -0.9756 0.1842
vn -0.4188 -0.8864 0.1973
vn -0.4089 -0.8826 -0.2319
vn 0.5979 -0.7530 -0.2749
vn 0.0681 0.8463 0.5283
vn 0.0038 0.7205 0.6934
vn 0.0018 0.9654 0.2606
vn 0.0318 -0.9575 -0.2867
vn -0.0003 -0.9802 0.1978
vn -0.3317 0.2873 0.8986
vn 0.0039 0.9638 0.2666
vn 0.0317 0.9631 0.2673
vn 0.4607 0.3182 -0.8286
vn -0.0026 0.0101 0.9999
vn 0.0094 -0.7642 0.6449
vn 0.9420 -0.0718 0.3279
vn 0.5143 0.7694 0.3788
vn 0.0601 -0.3476 -0.9357
vn 0.0492 0.1646 -0.9851
vn -0.0350 -0.9527 0.3020
vn 0.1226 0.4005 0.9080
vn 0.0930 0.2661 0.9595
vn 0.0764 0.2930 0.9530
vn -0.5310 -0.8474 -0.0004
vn -0.9442 -0.3271 -0.0381
vn -0.2481 0.4883 -0.8367
vn -0.2390 0.2464 -0.9392
vn -0.2011 0.1217 -0.9720
vn -0.1985 0.4706 -0.8597
vn -0.0879 -0.9896 -0.1140
vn 0.2418 -0.9620 0.1268
vn -0.2123 0.2463 0.9457
vn -0.2156 0.2490 0.9442
vn 0.5216 0.8421 0.1370
vn 0.0433 0.2382 0.9703
vn 0.0613 0.1822 0.9813
vn 0.0740 0.0138 0.9972
vn 0.0557 0.0657 0.9963
vn -0.9866 -0.0536 -0.1542
vn 0.1689 0.9829 0.0728
vn 0.0058 -0.3747 0.9271
vn -0.1670 -0.7407 -0.6508
vn 0.2072 0.5932 0.7780
vn 0.2401 0.6465 0.7242
vn 0.0044 -0.9893 -0.1458
vn -0.1866 -0.9136 -0.3613
vn 0.2252 0.9368 0.2676
vn 0.1699 0.9582 0.2301
vn 0.0604 0.9286 -0.3662
vn 0.4113 0.9028 -0.1254
vn 0.8131 -0.5509 -0.1880
vn -0.2497 0.7619 -0.5976
vn -0.0346 0.9812 -0.1900
vn 0.0206 0.9887 -0.1485
vn -0.0747 0.7562 -0.6500
vn 0.2859 0.9465 0.1500
vn 0.4148 0.9002 0.1322
vn -0.0131 0.9902 0.1389
vn 0.0113 -0.9993 -0.0355
vn 0.0119 -0.9866 -0.1627
vn 0.8219 0.5681 -0.0410
vn -0.0572 0.5581 -0.8278
vn -0.0374 0.6072 -0.7937
vn -0.0586 0.7195 -0.6921
vn -0.0722 0.6913 -0.7189
vn 0.1482 0.9889 0.0117
vn 0.2481 -0.9658 -0.0753
vn -0.0581 0.9900 0.1282
vn -0.1282 0.9868 0.0985
vn 0.0035 0.7142 0.6999
vn -0.0431 -0.6077 -0.7930
vn -0.0437 -0.6330 -0.7729
vn 0.8973 -0.0403 -0.4396
vn -0.0499 -0.6332 0.7724
vn -0.0032 0.9091 0.4166
vn 0.0166 0.9973 -0.0717
vn -0.1361 -0.7941 0.5924
vn -0.0942 -0.2160 0.9718
vn 0.4948 -0.8591 -0.1311
vn 0.1372 -0.5429 0.8285
vn 0.1951 -0.5612 0.8044
vn -0.0494 0.6594 -0.7502
vn -0.0260 0.1283 -0.9914
vn -0.2555 0.7483 -0.6121
vn -0.1071 -0.6363 0.7640
vn -0.1295 -0.1260 0.9835
vn -0.0499 -0.0418 0.9979
vn 0.2773 -0.6505 0.7071
vn -0.0019 0.2107 -0.9775
vn -0.0496 0.0151 -0.9987
vn 0.0012 -0.9627 -0.2705
vn -0.1004 -0.8806 0.4631
vn -0.0365 -0.9975 0.0600
vn -0.1313 0.9709 -0.2005
vn -0.1387 0.9842 -0.1103
vn -0.0760 0.7645 -0.6401
vn 0.1505 -0.8953 0.4193
vn 0.4249 -0.8942 -0.1413
vn 0.8171 -0.5735 0.0581
vn 0.8781 -0.3394 0.3372
vn 0.0470 -0.8961 -0.4413
vn -0.0178 -0.4981 -0.8669
vn -0.0260 0.3222 0.9463
vn 0.0380 -0.9989 -0.0269
vn 0.5882 -0.5724 0.5713
vn 0.5566 -0.5815 0.5934
vn -0.0419 0.1287 0.9908
vn -0.0016 0.0056 1.0000
vn -0.2377 -0.6281 -0.7409
vn -0.0185 -0.8033 0.5952
vn 0.8105 -0.1965 -0.5518
vn 0.8312 0.4521 -0.3234
vn -0.1836 -0.9616 -0.2038
vn 0.0391 0.2839 -0.9580
vn 0.0301 0.3685 -0.9291
vn -0.6660 0.7457 0.0195
vn 0.1825 0.9339 0.3075
vn 0.1438 0.9442 0.2963
vn -0.1917 -0.5954 -0.7802
vn 0.6630 -0.5262 0.5325
vn 0.5587 0.8280 -0.0472
vn -0.2200 0.0427 0.9746
vn -0.2339 -0.2579 0.9374
vn -0.2146 0.0829 0.9732
vn 0.0657 0.1009 0.9927
vn -0.1001 0.7279 -0.6783
vn -0.0239 0.2026 -0.9790
vn -0.0507 0.1218 -0.9913
vn -0.0211 0.8542 -0.5195
vn 0.0026 0.9125 -0.4090
vn -0.0567 0.8011 0.5958
vn -0.0132 0.6295 -0.7769
vn -0.0969 -0.7520 0.6520
vn -0.0479 -0.6827 0.7292
vn -0.0707 -0.6533 0.7538
vn -0.0333 -0.9685 -0.2468
vn -0.0001 -0.9557 0.2942
vn 0.0334 -0.9048 0.4246
vn -0.0677 -0.9964 0.0512
vn -0.0193 -0.9992 -0.0355
vn 0.0264 -0.6953 -0.7182
vn -0.0172 -0.6986 -0.7153
vn -0.3345 -0.6587 -0.6740
vn 0.0170 0.4232 0.9059
vn 0.7739 -0.3620 0.5197
vn 0.1219 -0.7941 0.5954
vn 0.9139 -0.3139 0.2574
vn -0.0064 -0.9995 0.0312
vn -0.7832 0.3391 -0.5212
vn -0.1545 0.8075 -0.5693
vn 0.0167 -0.6650 0.7467
vn 0.0054 -0.6373 0.7706
vn 0.0133 -0.9423 0.3344
vn 0.0373 0.9993 -0.0013
vn 0.0534 0.8498 0.5243
vn 0.0042 0.8963 0.4434
vn 0.0165 0.9988 -0.0470
vn -0.2289 0.3456 0.9100
vn 0.2703 -0.9440 -0.1890
vn -0.1673 0.9728 0.1603
vn -0.1313 0.9777 0.1638
vn 0.0002 0.9633 0.2683
vn 0.0183 0.9770 -0.2125
vn 0.0119 0.9807 -0.1953
vn -0.0064 0.7769 -0.6296
vn -0.1651 -0.0819 -0.9829
vn 0.0732 -0.7687 0.6354
vn 0.1206 0.9757 -0.1829
vn 0.0530 0.9818 -0.1822
vn -0.0113 -0.9086 0.4175
vn 0.0010 -0.9992 0.0388
vn -0.0019 -0.7985 0.6020
vn 0.5398 0.2591 -0.8010
vn 0.4697 0.3118 -0.8259
vn 0.0741 0.0971 0.9925
vn 0.0886 0.0173 0.9959
vn -0.2277 -0.9227 0.3111
vn 0.4454 0.0547 0.8937
vn 0.3847 -0.8945 -0.2280
vn -0.0329 -0.8368 -0.5465
vn -0.3484 -0.8348 -0.4262
vn -0.0664 0.7542 -0.6533
vn -0.0494 0.7688 -0.6375
vn 0.9241 0.1701 0.3423
vn -0.2101 0.0269 -0.9773
vn -0.2086 -0.2322 -0.9500
vn -0.5753 0.4430 -0.6876
vn -0.3773 0.4590 -0.8043
vn -0.1786 0.8690 0.4614
vn 0.0231 0.6314 0.7751
vn 0.0548 -0.7961 -0.6026
vn -0.0008 -0.9990 -0.0439
vn -0.0916 -0.9955 0.0258
vn -0.0048 0.9942 0.1078
vn -0.0402 0.9243 -0.3796
vn 0.0155 0.9559 -0.2933
vn 0.0328 0.5206 0.8532
vn 0.4410 -0.8973 0.0203
vn 0.0930 -0.9922 0.0830
vn 0.2882 -0.8883 0.3577
vn -0.2320 0.7424 -0.6285
vn -0.6477 0.7618 -0.0129
vn 0.0010 0.9855 -0.1699
vn -0.2263 -0.5982 0.7687
vn -0.3178 -0.2293 0.9200
vn -0.1782 -0.5737 0.7994
vn 0.4972 -0.8676 -0.0105
vn -0.0810 -0.5335 0.8419
vn -0.0674 -0.6008 0.7965
vn -0.0536 -0.5341 0.8437
vn 0.0082 0.2537 0.9672
vn -0.0439 -0.9767 0.2099
vn 0.0120 0.0347 0.9993
vn 0.0161 -0.2067 0.9783
vn -0.0047 -0.0498 0.9987
vn 0.0157 -0.3616 0.9322
vn 0.0001 -0.1780 0.9840
vn 0.4603 0.4888 0.7411
vn 0.8960 -0.1404 0.4214
vn 0.7015 -0.6695 0.2443
vn 0.1034 -0.8491 0.5181
vn 0.0190 -0.9845 -0.1743
vn 0.0223 -0.9740 -0.2256
vn -0.0046 0.2132 -0.9770
vn -0.0046 -0.2230 -0.9748
vn -0.0177 -0.0999 -0.9948
vn -0.0182 0.9748 0.2222
vn 0.0565 0.5648 0.8233
vn -0.0603 0.9888 -0.1362
vn -0.0200 -0.5944 0.8039
vn -0.0034 0.1708 0.9853
vn -0.0247 0.1173 0.9928
vn -0.0911 -0.3180 0.9437
vn -0.0170 -0.3312 0.9434
vn 0.3833 0.5140 0.7674
vn -0.0395 -0.9605 -0.2754
vn 0.0005 -0.9578 -0.2875
vn -0.0049 -0.9555 -0.2949
vn -0.0746 0.9924 0.0980
vn -0.0932 0.9929 0.0740
vn -0.1972 -0.7049 -0.6813
vn -0.6502 -0.5169 -0.5568
vn -0.6543 -0.5341 -0.5355
vn -0.0736 0.9467 0.3135
vn -0.0315 0.9976 -0.0616
vn -0.0328 0.9738 0.2250
vn -0.0801 0.8145 -0.5746
vn -0.0875 0.8204 -0.5651
vn -0.0943 0.9411 -0.3248
vn -0.0458 0.9198 -0.3897
vn 0.0125 -0.9997 -0.0212
vn 0.0323 -0.5977 0.8011
vn -0.4869 -0.8251 -0.2866
vn 0.0241 0.9663 -0.2562
vn -0.0788 0.6887 -0.7208
vn -0.0792 0.7475 -0.6595
vn -0.0532 0.3639 -0.9299
vn -0.0833 0.9096 -0.4071
vn 0.0286 0.3272 -0.9445
vn -0.1883 -0.8865 0.4226
vn 0.0228 -0.0244 0.9994
vn 0.0323 -0.2444 0.9691
vn 0.7826 0.5992 -0.1689
vn 0.7022 0.7063 -0.0901
vn 0.0061 0.8479 0.5301
vn -0.0348 0.4328 0.9008
vn 0.0368 -0.2452 0.9688
vn 0.3851 -0.3145 0.8676
vn -0.0055 -0.2783 0.9605
vn 0.1303 0.2551 0.9581
vn -0.0052 0.9681 -0.2506
vn 0.0203 0.9834 -0.1803
vn 0.0015 0.9729 -0.2313
vn -0.0821 0.4518 0.8883
vn -0.1061 0.7514 0.6513
vn -0.0363 0.6492 0.7597
vn -0.1393 -0.7747 0.6168
vn -0.4047 -0.6884 0.6020
vn -0.0099 0.7223 0.6916
vn -0.3646 0.6052 0.7077
vn -0.7100 0.1724 -0.6828
vn -0.4396 0.8760 0.1986
vn -0.3952 0.6228 0.6752
vn -0.0456 0.7422 -0.6687
vn 0.1447 -0.5588 0.8166
vn -0.3011 0.8725 -0.3848
vn -0.1719 -0.8108 -0.5595
vn 0.4270 -0.7249 -0.5405
vn 0.8129 -0.2132 -0.5420
vn 0.8165 -0.2860 -0.5015
vn 0.0872 -0.1707 -0.9815
vn -0.0008 0.9630 0.2696
vn 0.0387 -0.1431 -0.9890
vn 0.0129 -0.8788 0.4769
vn 0.0105 -0.8419 0.5395
vn -0.0105 -0.2833 0.9590
vn -0.0044 -0.2920 0.9564
vn 0.3593 -0.5939 0.7199
vn 0.1616 -0.6687 0.7257
vn -0.1633 -0.9784 0.1271
vn 0.8247 0.5614 -0.0680
vn -0.4193 0.6626 -0.6206
vn -0.4146 0.7520 -0.5125
vn -0.0353 -0.9981 0.0496
vn -0.0002 -0.1774 0.9841
vn -0.0078 -0.2810 0.9597
vn -0.0210 -0.1513 0.9883
vn 0.0745 -0.2862 -0.9553
vn 0.0650 0.1856 -0.9805
vn 0.7819 -0.6182 0.0802
vn 0.8155 -0.5761 0.0559
vn -0.7769 0.1985 -0.5975
vn -0.1991 -0.9798 0.0203
vn -0.1908 -0.9797 0.0616
vn 0.7763 -0.6124 0.1492
vn 0.6775 -0.5020 0.5376
vn 0.1343 0.9824 0.1300
vn 0.0594 0.3968 -0.9160
vn 0.0623 0.4308 -0.9003
vn 0.4728 -0.8811 -0.0079
vn -0.0695 0.9875 0.1412
vn -0.1576 0.6831 0.7131
vn -0.2833 0.6821 0.6741
vn 0.2395 0.9269 0.2890
vn 0.3851 0.8793 0.2802
vn -0.0429 -0.3119 -0.9491
vn -0.0208 -0.3065 -0.9516
vn 0.0762 -0.7806 0.6204
vn -0.0598 0.9652 -0.2545
vn -0.0473 0.9689 -0.2427
vn -0.0891 -0.7015 0.7071
vn -0.0524 0.1511 0.9871
vn -0.8321 -0.3419 -0.4367
vn -0.8280 0.4170 -0.3748
vn 0.3382 0.5069 0.7929
vn 0.3267 0.4945 0.8054
vn -0.0256 -0.5761 0.8170
vn 0.9269 -0.3309 -0.1770
vn 0.1117 0.9913 0.0700
vn 0.1516 0.9883 0.0140
vn -0.9130 0.4056 0.0427
vn -0.9784 0.2068 0.0080
vn 0.0068 -0.9988 -0.0476
vn 0.0139 -0.1411 -0.9899
vn 0.0080 -0.9697 0.2440
vn 0.7763 0.6171 0.1287
vn 0.5329 0.8407 -0.0960
vn 0.0041 -0.9921 -0.1250
vn 0.0019 -0.9902 -0.1398
vn 0.0469 -0.7366 0.6747
vn 0.1290 -0.6675 -0.7334
vn 0.1020 -0.7018 -0.7050
vn 0.7734 -0.3481 0.5298
vn 0.1542 0.1555 -0.9757
vn -0.1761 0.2135 0.9609
vn 0.0788 0.1926 -0.9781
vn 0.0858 -0.1927 -0.9775
vn 0.6621 0.1748 0.7288
vn -0.0002 -1.0000 0.0066
vn -0.1557 -0.4414 0.8837
vn -0.9885 0.0804 0.1283
vn -0.3477 -0.8993 0.2653
vn -0.0898 -0.9896 0.1125
vn 0.9846 -0.0794 -0.1555
vn 0.0407 -0.8116 0.5828
vn 0.3433 0.9232 0.1725
vn 0.0970 0.9834 0.1533
vn -0.3980 0.5351 0.7452
vn -0.3158 0.2725 0.9088
vn 0.0713 -0.0863 -0.9937
vn -0.4298 0.9022 -0.0364
vn -0.0019 0.9801 -0.1987
vn 0.2999 0.9351 0.1887
vn -0.0448 -0.1905 -0.9807
vn 0.3737 0.9215 -0.1060
vn -0.6969 -0.7141 -0.0664
vn 0.4602 0.3714 -0.8064
vn 0.4303 0.3834 -0.8172
vn -0.2111 -0.6839 -0.6984
vn 0.4164 -0.5914 0.6905
vn 0.4435 -0.5382 0.7167
vn 0.9893 0.1349 0.0549
vn -0.0035 0.2915 0.9566
vn -0.2383 -0.4295 -0.8711
vn -0.1865 -0.8231 0.5365
vn -0.1829 -0.8788 0.4407
vn -0.1523 0.8643 0.4794
vn 0.0362 -0.7147 0.6985
vn 0.0526 -0.7149 0.6972
vn 0.0323 0.9935 0.1090
vn 0.0975 -0.7039 0.7036
vn 0.0301 -0.7016 0.7120
vn -0.0131 -0.9999 0.0066
vn -0.0101 -0.9999 0.0037
vn -0.0847 0.8194 0.5670
vn -0.1565 0.8164 0.5559
vn 0.0491 -0.6822 0.7296
vn 0.0001 -0.1359 0.9907
vn 0.0341 -0.6094 0.7921
vn 0.0477 -0.6219 0.7816
vn -0.1716 0.4722 -0.8647
vn 0.2868 -0.8522 0.4375
vn -0.4561 0.8254 -0.3326
vn 0.0360 0.3267 -0.9445
vn -0.3813 -0.0937 0.9197
vn -0.1504 -0.4036 0.9025
vn -0.1558 -0.0989 -0.9828
vn 0.8860 -0.1974 0.4195
vn 0.4280 -0.6543 0.6234
vn 0.0100 -0.9999 -0.0030
vn -0.0509 -0.9936 -0.1013
vn -0.3630 0.5933 0.7185
vn 0.4822 0.5880 0.6494
vn 0.0816 -0.6535 0.7525
vn -0.2248 -0.5753 0.7864
vn 0.0149 0.0977 0.9951
vn 0.0585 0.1384 0.9886
vn -0.1938 -0.7842 -0.5894
vn -0.5624 -0.5145 0.6473
vn -0.9837 -0.0127 0.1793
vn -0.0811 0.9517 -0.2961
vn -0.1819 -0.4565 -0.8709
vn -0.0829 -0.9290 -0.3608
vn -0.0880 -0.9810 -0.1728
vn 0.1088 0.9676 0.2280
vn 0.9905 0.1350 -0.0266
vn -0.1558 0.9073 0.3907
vn -0.1564 0.8545 0.4953
vn 0.0499 -0.7098 0.7026
vn 0.0640 -0.7450 0.6640
vn -0.2414 0.9196 0.3098
vn -0.2049 0.9168 0.3429
vn -0.2164 0.9739 -0.0685
vn -0.1104 0.9112 -0.3969
vn -0.1051 0.9193 -0.3792
vn -0.3587 0.7505 0.5551
vn -0.6021 0.7983 -0.0165
vn 0.1775 -0.9688 -0.1731
vn -0.0111 0.1014 0.9948
vn -0.0763 0.9470 -0.3121
vn -0.0912 0.9695 -0.2275
vn -0.1141 0.9578 -0.2637
vn -0.0908 0.9294 -0.3577
vn -0.0917 0.5982 -0.7961
vn -0.9023 -0.3925 -0.1786
vn -0.8591 -0.3500 -0.3733
vn -0.2965 -0.7694 -0.5658
vn -0.9521 0.0808 -0.2949
vn -0.0034 0.0760 0.9971
vn -0.0579 0.5596 0.8268
vn 0.0124 -0.9201 0.3914
vn -0.9208 -0.3381 -0.1944
vn -0.9578 0.2392 0.1595
vn -0.0002 -0.3486 0.9373
vn -0.5980 -0.5803 -0.5529
vn -0.2740 -0.3895 -0.8793
vn -0.2111 -0.7373 -0.6417
vn -0.3133 0.9471 -0.0698
vn 0.0802 0.4206 -0.9037
vn 0.0281 0.9719 -0.2335
vn -0.0632 -0.6881 -0.7228
vn -0.0968 -0.8549 -0.5096
vn 0.0113 0.1462 0.9892
vn -0.0006 0.1980 0.9802
vn -0.2201 -0.0242 -0.9752
vn -0.1688 0.7227 -0.6702
vn -0.0657 0.9149 0.3984
vn 0.0324 -0.0236 -0.9992
vn 0.0771 0.1738 -0.9818
vn -0.6496 -0.1864 0.7371
vn 0.1923 0.8473 -0.4950
vn -0.8794 0.3485 0.3244
vn -0.2844 -0.6698 -0.6859
vn -0.1503 -0.1949 -0.9692
vn -0.0370 0.6390 0.7683
vn 0.0537 0.9875 0.1480
vn -0.0453 -0.5401 0.8404
vn 0.0010 -0.9756 0.2194
vn 0.0860 -0.8145 0.5737
vn -0.0840 0.8151 0.5732
vn 0.9614 -0.1457 -0.2336
vn 0.4536 0.6527 -0.6069
vn 0.3549 0.1815 -0.9171
vn 0.7703 0.1762 -0.6129
vn 0.6696 0.2877 -0.6848
vn 0.5617 0.1559 0.8125
vn 0.0892 0.1695 -0.9815
vn -0.3690 0.3662 0.8542
vn -0.0221 -0.8935 0.4486
vn -0.0224 -0.9997 -0.0023
vn -0.0076 -0.2438 0.9698
vn -0.0152 -0.8344 0.5509
vn 0.3725 -0.7277 0.5759
vn 0.0861 0.9370 0.3385
vn 0.1317 0.8713 0.4727
vn -0.1986 -0.9702 0.1390
vn -0.0445 0.4008 0.9151
vn -0.2594 0.9605 0.1012
vn -0.2148 0.1158 0.9698
vn -0.1256 -0.2391 0.9628
vn -0.1927 0.8890 0.4154
vn -0.1006 0.4663 -0.8789
vn -0.0704 0.9969 -0.0351
vn 0.0648 0.9648 0.2549
vn -0.5214 -0.0264 -0.8529
vn -0.0243 -0.8092 0.5871
vn 0.8086 -0.0790 -0.5830
vn -0.0206 -0.9997 0.0141
vn -0.0213 -0.9812 -0.1916
vn -0.0180 -0.9998 -0.0039
vn -0.0846 -0.6592 -0.7472
vn -0.0398 -0.2320 -0.9719
vn -0.1977 -0.9301 -0.3094
vn -0.0101 0.4091 -0.9124
vn 0.3059 -0.2538 -0.9176
vn 0.0084 0.9510 -0.3091
vn 0.1032 -0.8492 -0.5179
vn -0.0439 0.8791 -0.4746
vn -0.1231 0.8256 0.5507
vn -0.1914 0.0683 0.9791
vn 0.0154 0.9715 0.2367
vn -0.0530 0.9192 0.3902
vn 0.0277 0.8766 0.4805
vn -0.0524 0.5201 -0.8525
vn -0.1691 0.4697 -0.8665
vn -0.0749 -0.5528 -0.8299
vn -0.1251 -0.2177 -0.9680
vn -0.0861 0.2977 -0.9508
vn -0.1397 -0.7726 0.6194
vn 0.0842 -0.9604 0.2655
vn 0.6295 -0.5015 -0.5935
vn 0.0243 -0.7629 0.6461
vn -0.2580 0.7629 0.5928
vn -0.1723 0.9840 0.0446
vn 0.0197 -0.7577 0.6523
vn -0.0049 -0.1615 -0.9869
vn -0.0086 -0.2213 -0.9752
vn -0.0063 -0.8257 -0.5641
vn 0.0840 0.1907 0.9781
vn -0.0297 0.1022 0.9943
vn -0.8427 0.4874 -0.2286
vn -0.1920 -0.9812 0.0203
vn -0.0809 -0.5659 0.8205
vn -0.0961 -0.6223 0.7768
vn 0.0225 0.9832 -0.1813
vn -0.0361 -0.2082 0.9774
vn 0.0138 -0.9914 0.1303
vn -0.2268 -0.6586 -0.7175
vn -0.9948 -0.0940 0.0405
vn 0.2444 0.1270 -0.9613
vn -0.0059 0.0398 0.9992
vn 0.0060 0.0950 0.9955
vn -0.7613 -0.5274 0.3773
vn -0.7516 0.6006 0.2728
vn -0.0006 0.5053 -0.8629
vn 0.8496 -0.4911 0.1925
vn 0.4808 0.4172 0.7712
vn -0.5074 -0.2476 0.8254
vn 0.0804 0.9964 -0.0271
vn -0.1991 -0.9673 0.1574
vn -0.1972 -0.9731 0.1195
vn -0.1100 0.9917 0.0670
vn -0.1176 0.9912 0.0612
vn -0.1068 -0.0602 0.9925
vn 0.0071 -0.3795 -0.9252
vn -0.0070 -0.0482 0.9988
vn -0.0436 0.2669 0.9627
vn -0.0763 -0.9352 -0.3458
vn 0.0380 -0.9890 0.1432
vn -0.0367 -0.7083 -0.7049
vn -0.1412 0.9141 -0.3800
vn 0.0657 -0.7023 0.7089
vn -0.1415 -0.1684 -0.9755
vn 0.5138 -0.8107 -0.2807
vn 0.3543 0.4366 -0.8269
vn 0.0439 -0.7716 0.6346
vn 0.0191 -0.7482 0.6632
vn 0.0818 -0.6326 0.7701
vn 0.3004 -0.9330 -0.1982
vn -0.0180 -0.6663 0.7454
vn -0.0114 -0.3394 0.9406
vn -0.2262 0.8377 0.4970
vn 0.0266 0.9952 0.0937
vn 0.0328 0.9757 0.2169
vn -0.0067 0.9942 0.1071
vn -0.0231 -0.3450 -0.9383
vn -0.1904 -0.8486 0.4935
vn -0.1820 -0.8757 0.4473
vn -0.1883 -0.8074 0.5591
vn -0.2025 -0.7565 0.6218
vn -0.0183 0.1931 0.9810
vn -0.0284 0.9203 -0.3902
vn -0.0294 0.4175 -0.9082
vn -0.0187 0.8489 0.5282
vn 0.8931 0.3422 0.2920
vn 0.0786 0.0696 -0.9945
vn 0.0447 -0.8362 -0.5465
vn 0.4056 0.4214 0.8111
vn -0.0272 0.9985 -0.0485
vn -0.0388 0.9653 -0.2584
vn 0.0146 0.9606 -0.2776
vn 0.0167 0.9973 -0.0720
vn -0.0242 0.5053 -0.8626
vn -0.0064 -0.3303 0.9438
vn 0.0241 -0.9536 0.3002
vn -0.0360 0.3657 0.9300
vn -0.4567 -0.0996 -0.8840
vn 0.0723 -0.2906 0.9541
vn -0.0857 0.0499 0.9951
vn 0.0292 0.9981 0.0543
vn 0.0035 -0.9688 -0.2477
vn -0.1717 0.0890 0.9811
vn -0.1847 -0.8806 0.4363
vn -0.0047 0.9531 -0.3026
vn -0.0490 0.9673 -0.2489
vn -0.0006 -0.3254 0.9456
vn -0.0395 0.1465 0.9884
vn -0.0256 0.4218 -0.9063
vn 0.0119 0.1740 0.9847
vn -0.2176 0.0238 -0.9757
vn -0.2387 0.0092 -0.9711
vn 0.0036 0.0903 0.9959
vn -0.0427 0.1039 0.9937
vn -0.0977 -0.2846 0.9537
vn -0.2196 -0.4242 -0.8786
vn 0.0147 -0.1806 0.9834
vn -0.2380 -0.1909 0.9523
vn -0.2259 0.1362 0.9646
vn -0.4936 0.6451 0.5832
vn -0.4264 0.6983 0.5750
vn -0.0811 -0.9309 0.3561
vn 0.0222 0.9016 0.4320
vn -0.1246 0.4133 -0.9020
vn -0.0486 -0.6956 -0.7168
vn -0.0096 -0.8790 0.4766
vn -0.1834 -0.8287 0.5287
vn -0.2254 0.0629 -0.9722
vn -0.2309 0.1120 -0.9665
vn -0.0334 0.8754 0.4823
vn -0.1414 -0.8209 0.5533
vn -0.0370 -0.9285 0.3695
vn -0.0900 -0.7026 -0.7059
vn -0.1940 -0.9029 0.3836
vn -0.1820 -0.8751 0.4483
vn -0.1399 -0.8092 0.5706
vn 0.1841 -0.8204 0.5414
vn -0.7279 -0.6030 0.3264
vn -0.4882 -0.6553 0.5764
vn 0.0249 0.6654 0.7460
vn -0.3624 0.8793 0.3092
vn -0.5034 0.8618 -0.0622
vn -0.2137 -0.9729 -0.0886
vn 0.9961 0.0242 -0.0844
vn -0.2132 -0.8832 0.4177
vn 0.7890 0.5935 0.1589
vn 0.7890 0.5934 0.1590
vn 0.7891 0.5934 0.1589
vn -0.6302 0.2618 0.7310
vn 0.0070 -0.7913 -0.6113
vn -0.1954 0.8379 0.5096
vn -0.2136 -0.0551 -0.9754
vn -0.0269 0.3928 0.9192
vn 0.0124 0.2929 0.9561
vn 0.3550 0.8916 -0.2812
vn 0.7722 0.6128 -0.1679
vn 0.9570 0.2808 -0.0732
vn 0.6127 0.4068 0.6777
vn 0.9974 0.0719 0.0068
vn 0.3516 0.5771 0.7371
vn 0.2944 0.0928 0.9512
vn 0.2699 0.4651 0.8431
vn 0.2296 -0.2434 0.9424
vn -0.1260 -0.5389 0.8329
vn 0.0633 -0.3105 0.9485
vn 0.0136 -0.4038 0.9147
vn -0.0465 -0.3677 0.9288
vn -0.1965 0.9736 -0.1164
vn -0.3464 -0.8350 -0.4275
vn 0.3505 -0.8925 -0.2840
vn -0.1963 0.9736 -0.1163
vn -0.1784 -0.5737 0.7994
vn -0.1149 -0.4480 0.8866
vn -0.0892 -0.7517 0.6534
vn 0.1364 -0.9624 0.2349
vn 0.2055 -0.3018 -0.9310
vn 0.2501 -0.3575 -0.8998
vn 0.2380 -0.1259 -0.9631
vn 0.2553 -0.2894 -0.9225
vn -0.0542 -0.3702 -0.9274
vn 0.0244 0.2968 0.9546
vn -0.8098 0.5032 -0.3016
vn 0.9522 -0.0895 -0.2920
vn -0.1172 0.6274 0.7698
vn -0.1025 0.9815 -0.1618
vn 0.0074 0.1211 -0.9926
vn -0.5239 -0.5019 -0.6882
vn -0.1856 -0.8196 0.5420
vn -0.0128 0.7517 0.6593
vn 0.0601 0.9881 0.1415
vn 0.9090 -0.3201 -0.2670
vn 0.0896 0.9666 0.2401
vn 0.0296 -0.6552 -0.7549
vn -0.0504 -0.6565 0.7526
vn -0.0855 0.3468 0.9340
vn 0.3108 -0.6077 0.7309
vn 0.1607 -0.0477 0.9858
vn -0.9591 0.1649 -0.2299
vn -0.2155 -0.6474 0.7311
vn -0.8091 -0.5402 0.2312
vn 0.5768 -0.5081 -0.6396
vn 0.7822 0.2042 -0.5886
vn -0.0766 0.9958 0.0504
vn -0.0832 0.8715 -0.4834
vn -0.3359 0.8985 0.2825
vn -0.1723 0.9650 -0.1975
vn -0.1224 0.9911 -0.0522
vn -0.0958 0.7142 -0.6934
vn -0.1748 0.2513 -0.9520
vn -0.0854 0.9629 -0.2561
vn -0.0186 0.8040 -0.5944
vn 0.1461 0.8615 -0.4862
vn 0.0764 -0.0363 -0.9964
vn 0.2532 0.9103 0.3274
vn 0.6477 0.5039 0.5715
vn -0.1287 -0.2163 0.9678
vn -0.0552 0.9917 0.1159
vt 0.761846 0.887209
vt 0.764510 0.883898
vt 0.763300 0.891675
vt 0.764877 0.882756
vt 0.759085 0.894607
vt 0.758852 0.883393
vt 0.760494 0.873985
vt 0.761427 0.873467
vt 0.945987 0.609714
vt 0.950552 0.600183
vt 0.950552 0.616329
vt 0.949059 0.619162
vt 0.920713 0.761932
vt 0.924897 0.768959
vt 0.920933 0.760611
vt 0.923364 0.770080
vt 0.036272 0.525581
vt 0.046958 0.523518
vt 0.041278 0.568929
vt 0.030968 0.565535
vt 0.704464 0.843046
vt 0.704464 0.848187
vt 0.702458 0.847183
vt 0.703057 0.841305
vt 0.079436 0.889726
vt 0.080039 0.895156
vt 0.078630 0.895147
vt 0.077980 0.893386
vt 0.898437 0.627530
vt 0.899822 0.626847
vt 0.902444 0.626811
vt 0.902444 0.630833
vt 0.631073 0.916665
vt 0.631073 0.937096
vt 0.627211 0.931653
vt 0.627604 0.915116
vt 0.875868 0.922201
vt 0.880535 0.921204
vt 0.880545 0.933707
vt 0.874823 0.934691
vt 0.798914 0.444399
vt 0.815423 0.441563
vt 0.808932 0.464971
vt 0.796908 0.458026
vt 0.930867 0.797051
vt 0.923917 0.801982
vt 0.927148 0.779123
vt 0.930446 0.779367
vt 0.244786 0.907897
vt 0.241452 0.903951
vt 0.244352 0.902509
vt 0.247279 0.906739
vt 0.107111 0.793552
vt 0.105852 0.796556
vt 0.102995 0.796030
vt 0.104085 0.792197
vt 0.306295 0.912048
vt 0.304193 0.923127
vt 0.302598 0.924960
vt 0.305683 0.898590
vt 0.826992 0.925549
vt 0.826991 0.932673
vt 0.821444 0.928951
vt 0.826992 0.932948
vt 0.066671 0.848908
vt 0.070209 0.853964
vt 0.051805 0.866822
vt 0.048405 0.862545
vt 0.245273 0.913186
vt 0.245600 0.919736
vt 0.244957 0.922899
vt 0.243892 0.921253
vt 0.305976 0.919103
vt 0.306165 0.918652
vt 0.307793 0.926661
vt 0.927535 0.818188
vt 0.924506 0.816633
vt 0.922828 0.808598
vt 0.906788 0.630833
vt 0.907992 0.638633
vt 0.899073 0.638534
vt 0.896866 0.631166
vt 0.898437 0.317744
vt 0.905924 0.318995
vt 0.906751 0.343541
vt 0.898437 0.339184
vt 0.930017 0.498706
vt 0.932846 0.481763
vt 0.936293 0.481243
vt 0.933162 0.499120
vt 0.742216 0.762818
vt 0.742881 0.756755
vt 0.745994 0.755427
vt 0.745507 0.761150
vt 0.673361 0.727352
vt 0.654592 0.727156
vt 0.655466 0.722036
vt 0.674833 0.723249
vt 0.941734 0.637012
vt 0.941675 0.645761
vt 0.937240 0.642513
vt 0.941531 0.635766
vt 0.565592 0.916919
vt 0.567015 0.909714
vt 0.570676 0.910808
vt 0.570755 0.919867
vt 0.653484 0.649807
vt 0.647009 0.661886
vt 0.639654 0.656902
vt 0.646129 0.650562
vt 0.339635 0.275162
vt 0.313224 0.283883
vt 0.310641 0.278140
vt 0.336477 0.269498
vt 0.774304 0.923403
vt 0.773878 0.927632
vt 0.769740 0.925388
vt 0.770987 0.922162
vt 0.245600 0.926756
vt 0.243592 0.925321
vt 0.704323 0.860382
vt 0.705770 0.863137
vt 0.705399 0.865718
vt 0.704518 0.864570
vt 0.930224 0.899147
vt 0.931095 0.907504
vt 0.922800 0.905269
vt 0.924106 0.896952
vt 0.307824 0.920121
vt 0.308315 0.924174
vt 0.307632 0.923936
vt 0.833792 0.432237
vt 0.839251 0.428600
vt 0.839284 0.461681
vt 0.833901 0.463999
vt 0.632262 0.846781
vt 0.629238 0.846107
vt 0.629768 0.842757
vt 0.633164 0.843247
vt 0.694656 0.726386
vt 0.688337 0.723559
vt 0.686680 0.718537
vt 0.691166 0.718637
vt 0.694562 0.726816
vt 0.691247 0.733475
vt 0.668074 0.732240
vt 0.724715 0.732117
vt 0.734121 0.735336
vt 0.722779 0.732505
vt 0.732093 0.738745
vt 0.080314 0.923362
vt 0.078675 0.922852
vt 0.079879 0.916408
vt 0.084590 0.917440
vt 0.720128 0.727541
vt 0.724716 0.729367
vt 0.710099 0.735622
vt 0.708284 0.730019
vt 0.911256 0.226717
vt 0.906611 0.228129
vt 0.895318 0.216740
vt 0.899037 0.213157
vt 0.414302 0.125904
vt 0.428094 0.138124
vt 0.422259 0.142568
vt 0.398394 0.123278
vt 0.393986 0.113326
vt 0.411421 0.123112
vt 0.861566 0.911925
vt 0.862939 0.908815
vt 0.862939 0.930859
vt 0.858624 0.928002
vt 0.765084 0.861772
vt 0.765120 0.855217
vt 0.768041 0.855124
vt 0.767540 0.862427
vt 0.424853 0.889951
vt 0.419938 0.875782
vt 0.424096 0.875614
vt 0.651621 0.732346
vt 0.924312 0.853064
vt 0.927380 0.850818
vt 0.928738 0.863694
vt 0.922930 0.857546
vt 0.922961 0.856663
vt 0.922332 0.858299
vt 0.923138 0.834796
vt 0.925284 0.835750
vt 0.194371 0.014405
vt 0.197212 0.017891
vt 0.190320 0.022810
vt 0.184170 0.015879
vt 0.420145 0.177906
vt 0.420650 0.154400
vt 0.435315 0.165560
vt 0.428918 0.192634
vt 0.691683 0.838346
vt 0.689895 0.837917
vt 0.691220 0.834195
vt 0.694407 0.835759
vt 0.897059 0.024282
vt 0.881164 0.019886
vt 0.878651 0.013821
vt 0.900286 0.017999
vt 0.644312 0.690505
vt 0.640789 0.682374
vt 0.642327 0.673357
vt 0.656987 0.688036
vt 0.638635 0.703388
vt 0.636280 0.691200
vt 0.816053 0.656679
vt 0.813804 0.651188
vt 0.819018 0.649367
vt 0.822931 0.652441
vt 0.391205 0.107442
vt 0.399306 0.112093
vt 0.427354 0.840304
vt 0.427604 0.840073
vt 0.427339 0.846322
vt 0.425753 0.843409
vt 0.423054 0.843942
vt 0.423703 0.839838
vt 0.389961 0.260704
vt 0.387912 0.264739
vt 0.366764 0.271489
vt 0.367027 0.267482
vt 0.925582 0.037666
vt 0.929826 0.024441
vt 0.953707 0.035784
vt 0.937470 0.050537
vt 0.942331 0.700281
vt 0.942872 0.703773
vt 0.942242 0.707573
vt 0.944480 0.706406
vt 0.827190 0.632530
vt 0.822423 0.631421
vt 0.912543 0.374278
vt 0.901290 0.370601
vt 0.187616 0.066723
vt 0.192054 0.071896
vt 0.184494 0.090040
vt 0.177351 0.088893
vt 0.946348 0.701790
vt 0.945483 0.709282
vt 0.944730 0.708820
vt 0.941800 0.704793
vt 0.944843 0.701670
vt 0.279114 0.922279
vt 0.278123 0.926287
vt 0.277182 0.926372
vt 0.276217 0.918930
vt 0.891136 0.839744
vt 0.892578 0.819479
vt 0.896788 0.819015
vt 0.896070 0.839509
vt 0.937092 0.419041
vt 0.939771 0.419620
vt 0.939354 0.425533
vt 0.935684 0.426222
vt 0.708822 0.888710
vt 0.713556 0.886370
vt 0.712636 0.891743
vt 0.706525 0.893279
vt 0.785357 0.111107
vt 0.780666 0.101336
vt 0.784921 0.099368
vt 0.788679 0.111361
vt 0.941804 0.461394
vt 0.939663 0.480617
vt 0.938557 0.461229
vt 0.939325 0.754057
vt 0.938233 0.735985
vt 0.941163 0.744551
vt 0.303283 0.873967
vt 0.309488 0.870616
vt 0.309335 0.882051
vt 0.299763 0.886165
vt 0.625144 0.698026
vt 0.635594 0.744727
vt 0.637843 0.741004
vt 0.642410 0.742249
vt 0.640341 0.745849
vt 0.926898 0.752084
vt 0.922270 0.749555
vt 0.925343 0.741305
vt 0.929877 0.741924
vt 0.659535 0.866797
vt 0.660315 0.882143
vt 0.657326 0.880798
vt 0.656819 0.867918
vt 0.822687 0.165974
vt 0.805696 0.141595
vt 0.809367 0.141391
vt 0.827458 0.165045
vt 0.644004 0.901832
vt 0.638492 0.903075
vt 0.637801 0.897973
vt 0.640554 0.897041
vt 0.349053 0.175125
vt 0.354281 0.129504
vt 0.394909 0.148842
vt 0.386187 0.163952
vt 0.401801 0.185405
vt 0.378545 0.189408
vt 0.268811 0.923963
vt 0.265366 0.923344
vt 0.264325 0.918851
vt 0.268584 0.919240
vt 0.411594 0.844155
vt 0.407301 0.835797
vt 0.409427 0.833018
vt 0.413125 0.838196
vt 0.415846 0.847333
vt 0.417058 0.857003
vt 0.413391 0.855900
vt 0.863337 0.936085
vt 0.862967 0.923707
vt 0.868326 0.922107
vt 0.868331 0.934801
vt 0.678820 0.840659
vt 0.678385 0.835519
vt 0.683204 0.833369
vt 0.683312 0.837946
vt 0.315465 0.877018
vt 0.320706 0.878680
vt 0.320898 0.884918
vt 0.316856 0.884646
vt 0.927658 0.932844
vt 0.924302 0.928823
vt 0.925695 0.916282
vt 0.932728 0.918834
vt 0.691519 0.848506
vt 0.692472 0.854675
vt 0.687952 0.854119
vt 0.687454 0.848637
vt 0.119704 0.847619
vt 0.127059 0.846283
vt 0.128758 0.852492
vt 0.122795 0.852979
vt 0.747521 0.929709
vt 0.747521 0.926361
vt 0.750854 0.926277
vt 0.750512 0.929091
vt 0.737173 0.913520
vt 0.735396 0.909613
vt 0.737907 0.899770
vt 0.741200 0.900778
vt 0.839284 0.393454
vt 0.841180 0.374380
vt 0.842727 0.375522
vt 0.842317 0.396493
vt 0.017237 0.864880
vt 0.013748 0.847567
vt 0.021692 0.837392
vt 0.024455 0.856955
vt 0.751798 0.624828
vt 0.758726 0.633267
vt 0.757550 0.636655
vt 0.750516 0.631168
vt 0.918596 0.925858
vt 0.918596 0.932068
vt 0.913942 0.929712
vt 0.918088 0.931697
vt 0.886258 0.903409
vt 0.889891 0.899406
vt 0.889891 0.911642
vt 0.889741 0.911812
vt 0.768690 0.645500
vt 0.756757 0.644518
vt 0.752068 0.642299
vt 0.912477 0.753582
vt 0.916798 0.749433
vt 0.920707 0.749885
vt 0.918851 0.754057
vt 0.491052 0.766230
vt 0.485669 0.763801
vt 0.483546 0.751868
vt 0.492229 0.754448
vt 0.734620 0.896886
vt 0.734387 0.909213
vt 0.730331 0.911804
vt 0.730531 0.904020
vt 0.646259 0.850550
vt 0.643082 0.850415
vt 0.644321 0.845474
vt 0.647266 0.845492
vt 0.609749 0.716208
vt 0.594489 0.718313
vt 0.593439 0.711765
vt 0.599254 0.709337
vt 0.975720 0.270992
vt 0.984314 0.277677
vt 0.980702 0.284260
vt 0.972863 0.276897
vt 0.657280 0.636487
vt 0.653886 0.638889
vt 0.654339 0.631730
vt 0.655489 0.622096
vt 0.856400 0.136906
vt 0.856972 0.150534
vt 0.844158 0.149660
vt 0.841053 0.133316
vt 0.667810 0.630010
vt 0.665320 0.649099
vt 0.051651 0.914817
vt 0.051651 0.926306
vt 0.039829 0.927866
vt 0.045339 0.915362
vt 0.659978 0.424287
vt 0.658724 0.439231
vt 0.643222 0.437967
vt 0.636262 0.419033
vt 0.520700 0.932842
vt 0.520700 0.925025
vt 0.522913 0.923795
vt 0.525376 0.928409
vt 0.606367 0.468795
vt 0.601532 0.481576
vt 0.599005 0.480570
vt 0.603131 0.467314
vt 0.641865 0.631755
vt 0.643853 0.627643
vt 0.653084 0.637081
vt 0.639471 0.635209
vt 0.533308 0.923795
vt 0.533308 0.930173
vt 0.529399 0.929940
vt 0.529355 0.925790
vt 0.210352 0.784625
vt 0.215839 0.785462
vt 0.215628 0.789908
vt 0.210531 0.788739
vt 0.609982 0.848994
vt 0.609648 0.851620
vt 0.600937 0.852793
vt 0.599745 0.851249
vt 0.592808 0.670447
vt 0.574889 0.671034
vt 0.577443 0.663873
vt 0.590113 0.666526
vt 0.752891 0.826845
vt 0.746869 0.827318
vt 0.745538 0.811106
vt 0.750897 0.812890
vt 0.793864 0.080119
vt 0.790234 0.077395
vt 0.795593 0.071326
vt 0.799183 0.073822
vt 0.119658 0.799600
vt 0.110536 0.797624
vt 0.111155 0.794882
vt 0.116254 0.795212
vt 0.125914 0.245613
vt 0.142728 0.255003
vt 0.135683 0.295190
vt 0.104513 0.286559
vt 0.191149 0.195428
vt 0.193948 0.197745
vt 0.184396 0.206398
vt 0.180618 0.205077
vt 0.820420 0.302661
vt 0.822099 0.304741
vt 0.817578 0.307380
vt 0.815960 0.306625
vt 0.115330 0.792160
vt 0.112121 0.790729
vt 0.901750 0.759087
vt 0.897772 0.758886
vt 0.899537 0.754057
vt 0.902839 0.754747
vt 0.070697 0.770871
vt 0.074181 0.766504
vt 0.081772 0.776444
vt 0.078111 0.780319
vt 0.305552 0.090302
vt 0.298142 0.117065
vt 0.280949 0.111743
vt 0.290423 0.079736
vt 0.695396 0.848506
vt 0.700013 0.849237
vt 0.700516 0.856583
vt 0.695818 0.854711
vt 0.261374 0.922961
vt 0.259850 0.918377
vt 0.683641 0.918666
vt 0.683067 0.923062
vt 0.679498 0.922883
vt 0.679098 0.918635
vt 0.283144 0.863295
vt 0.284054 0.879986
vt 0.280240 0.878564
vt 0.279725 0.862719
vt 0.978985 0.263212
vt 0.988051 0.269969
vt 0.432670 0.935985
vt 0.435335 0.935988
vt 0.435023 0.938528
vt 0.432802 0.938883
vt 0.822542 0.296804
vt 0.822277 0.293110
vt 0.825556 0.290561
vt 0.826767 0.293901
vt 0.938308 0.692322
vt 0.938063 0.701133
vt 0.933607 0.702313
vt 0.933683 0.694040
vt 0.595674 0.651056
vt 0.586102 0.646154
vt 0.590846 0.644370
vt 0.598053 0.645218
vt 0.660258 0.524518
vt 0.670582 0.496800
vt 0.676854 0.505685
vt 0.666742 0.528098
vt 0.393731 0.838875
vt 0.394817 0.848118
vt 0.390966 0.846818
vt 0.390252 0.838163
vt 0.432974 0.929422
vt 0.435931 0.931086
vt 0.219174 0.109379
vt 0.244199 0.113821
vt 0.227704 0.150224
vt 0.216520 0.149127
vt 0.169728 0.123045
vt 0.137938 0.168805
vt 0.127378 0.163711
vt 0.162872 0.117262
vt 0.159300 0.810167
vt 0.159724 0.802589
vt 0.170829 0.813823
vt 0.166178 0.819999
vt 0.263371 0.126171
vt 0.241857 0.153579
vt 0.544612 0.906531
vt 0.548933 0.907103
vt 0.548207 0.911582
vt 0.544612 0.911723
vt 0.590006 0.932244
vt 0.593439 0.931395
vt 0.590998 0.936159
vt 0.589284 0.937037
vt 0.016232 0.892261
vt 0.023350 0.888435
vt 0.025797 0.893420
vt 0.493502 0.602170
vt 0.499840 0.583660
vt 0.534780 0.601015
vt 0.520380 0.623130
vt 0.392064 0.255508
vt 0.366941 0.262187
vt 0.853843 0.907557
vt 0.858152 0.904151
vt 0.860322 0.906812
vt 0.857855 0.908815
vt 0.877395 0.884643
vt 0.885106 0.890800
vt 0.882092 0.895161
vt 0.876097 0.888265
vt 0.454607 0.743120
vt 0.455914 0.740097
vt 0.460533 0.738289
vt 0.458785 0.741759
vt 0.431084 0.838072
vt 0.430442 0.851453
vt 0.427604 0.848412
vt 0.428120 0.837505
vt 0.028298 0.887682
vt 0.029901 0.889737
vt 0.624483 0.647707
vt 0.632313 0.652183
vt 0.632106 0.659199
vt 0.623687 0.654601
vt 0.457723 0.176481
vt 0.447987 0.202555
vt 0.109324 0.779622
vt 0.108203 0.787892
vt 0.105255 0.786784
vt 0.108348 0.780162
vt 0.457834 0.820023
vt 0.457738 0.826185
vt 0.453301 0.827415
vt 0.454297 0.820107
vt 0.114443 0.784669
vt 0.325817 0.879056
vt 0.325372 0.869227
vt 0.331449 0.871783
vt 0.332749 0.879930
vt 0.321687 0.085548
vt 0.317360 0.095173
vt 0.311174 0.098542
vt 0.314324 0.085095
vt 0.018395 0.901207
vt 0.026629 0.898916
vt 0.016232 0.912463
vt 0.180727 0.304851
vt 0.182033 0.298653
vt 0.199164 0.293941
vt 0.201585 0.299721
vt 0.579404 0.651135
vt 0.573119 0.638025
vt 0.580318 0.639615
vt 0.478954 0.832533
vt 0.475384 0.834670
vt 0.465034 0.829487
vt 0.468587 0.821439
vt 0.966584 0.254087
vt 0.951403 0.245122
vt 0.950957 0.237027
vt 0.967179 0.244101
vt 0.675389 0.594312
vt 0.657793 0.594410
vt 0.667083 0.583345
vt 0.257258 0.754815
vt 0.260757 0.755806
vt 0.260408 0.759032
vt 0.256531 0.757739
vt 0.682869 0.569748
vt 0.021673 0.931389
vt 0.018878 0.929058
vt 0.020075 0.922739
vt 0.024301 0.925524
vt 0.598889 0.641223
vt 0.598022 0.633747
vt 0.600539 0.636038
vt 0.651875 0.589375
vt 0.653453 0.596815
vt 0.064854 0.897727
vt 0.054244 0.897935
vt 0.056280 0.890356
vt 0.056183 0.887682
vt 0.765489 0.922689
vt 0.768690 0.922978
vt 0.768130 0.926008
vt 0.765571 0.925395
vt 0.062074 0.907651
vt 0.056275 0.910997
vt 0.778824 0.431229
vt 0.785968 0.410098
vt 0.810253 0.401250
vt 0.803090 0.423613
vt 0.021070 0.915824
vt 0.024583 0.918157
vt 0.903357 0.007733
vt 0.903907 0.004755
vt 0.934963 0.006655
vt 0.933227 0.011532
vt 0.441405 0.827215
vt 0.445233 0.826963
vt 0.445434 0.832905
vt 0.441390 0.831533
vt 0.715233 0.575729
vt 0.698369 0.551476
vt 0.703225 0.547292
vt 0.719080 0.571086
vt 0.455907 0.927875
vt 0.455907 0.914275
vt 0.462874 0.923564
vt 0.460511 0.937231
vt 0.095863 0.763917
vt 0.096291 0.758688
vt 0.099920 0.755388
vt 0.101408 0.759780
vt 0.617949 0.849631
vt 0.609223 0.844358
vt 0.617290 0.842695
vt 0.604893 0.633335
vt 0.604133 0.620714
vt 0.618412 0.621478
vt 0.614229 0.625193
vt 0.572499 0.676858
vt 0.586785 0.676885
vt 0.670909 0.832429
vt 0.674880 0.830920
vt 0.673525 0.837964
vt 0.716850 0.765762
vt 0.716861 0.785030
vt 0.712564 0.784527
vt 0.713483 0.768427
vt 0.208212 0.151934
vt 0.205034 0.123437
vt 0.224300 0.902225
vt 0.213917 0.922045
vt 0.215442 0.903127
vt 0.223079 0.891841
vt 0.228483 0.888828
vt 0.234442 0.891081
vt 0.275521 0.895070
vt 0.276256 0.907317
vt 0.273668 0.908226
vt 0.273668 0.889814
vt 0.910691 0.622517
vt 0.911008 0.617192
vt 0.914757 0.615544
vt 0.913625 0.622018
vt 0.223101 0.881705
vt 0.214007 0.877368
vt 0.570564 0.632750
vt 0.589290 0.625501
vt 0.568676 0.632550
vt 0.581807 0.632843
vt 0.064854 0.911751
vt 0.067233 0.911924
vt 0.071564 0.917918
vt 0.068034 0.922567
vt 0.562012 0.641363
vt 0.541547 0.642683
vt 0.551869 0.630830
vt 0.074074 0.887682
vt 0.075319 0.890623
vt 0.071941 0.891874
vt 0.069670 0.890588
vt 0.964913 0.263102
vt 0.950136 0.252912
vt 0.727358 0.762861
vt 0.731094 0.763861
vt 0.729246 0.786987
vt 0.725363 0.786139
vt 0.139288 0.012973
vt 0.166174 0.014735
vt 0.167164 0.020221
vt 0.137653 0.017863
vt 0.856444 0.166933
vt 0.839495 0.158391
vt 0.619597 0.582334
vt 0.625883 0.585372
vt 0.624270 0.590197
vt 0.613955 0.595455
vt 0.222516 0.867154
vt 0.213917 0.844683
vt 0.635288 0.861659
vt 0.631907 0.868832
vt 0.623964 0.864577
vt 0.632317 0.858837
vt 0.302450 0.135115
vt 0.301256 0.137689
vt 0.303205 0.123104
vt 0.294868 0.146470
vt 0.273314 0.800321
vt 0.273380 0.796038
vt 0.278421 0.796253
vt 0.280011 0.798969
vt 0.062135 0.006067
vt 0.063793 0.003252
vt 0.074518 0.004122
vt 0.072651 0.007329
vt 0.849347 0.432868
vt 0.854836 0.433773
vt 0.855782 0.471096
vt 0.850964 0.472803
vt 0.272450 0.141240
vt 0.260752 0.141938
vt 0.039829 0.887682
vt 0.054244 0.888456
vt 0.046060 0.908132
vt 0.054244 0.914817
vt 0.948795 0.258602
vt 0.929009 0.244002
vt 0.931268 0.240752
vt 0.177704 0.745070
vt 0.169044 0.737397
vt 0.192473 0.737575
vt 0.185662 0.743073
vt 0.488336 0.525956
vt 0.507603 0.497412
vt 0.519404 0.500522
vt 0.496375 0.535823
vt 0.714587 0.813411
vt 0.720278 0.805831
vt 0.723828 0.825172
vt 0.715510 0.824015
vt 0.058055 0.788207
vt 0.056918 0.777274
vt 0.066964 0.776296
vt 0.071829 0.784636
vt 0.576520 0.425750
vt 0.602787 0.435196
vt 0.601914 0.440671
vt 0.575630 0.431147
vt 0.720300 0.784873
vt 0.776774 0.077390
vt 0.780194 0.081126
vt 0.777378 0.083745
vt 0.774698 0.079303
vt 0.714618 0.799674
vt 0.428077 0.831774
vt 0.431488 0.830655
vt 0.684964 0.827102
vt 0.688554 0.816827
vt 0.692842 0.816149
vt 0.689548 0.826950
vt 0.939556 0.441636
vt 0.935005 0.440903
vt 0.071349 0.834101
vt 0.062659 0.840807
vt 0.060442 0.828612
vt 0.074693 0.823576
vt 0.533308 0.857062
vt 0.518905 0.890696
vt 0.511185 0.884494
vt 0.522694 0.856161
vt 0.804924 0.769791
vt 0.797349 0.769484
vt 0.790310 0.727253
vt 0.797685 0.726012
vt 0.754889 0.742543
vt 0.754373 0.747365
vt 0.750053 0.747542
vt 0.750211 0.744018
vt 0.683968 0.527796
vt 0.676648 0.536520
vt 0.679159 0.500623
vt 0.688539 0.523539
vt 0.280055 0.178768
vt 0.307873 0.138382
vt 0.307042 0.143732
vt 0.265744 0.204488
vt 0.238797 0.237789
vt 0.242312 0.220282
vt 0.268643 0.176999
vt 0.296015 0.155492
vt 0.416828 0.841659
vt 0.260843 0.287096
vt 0.264100 0.300887
vt 0.257080 0.316564
vt 0.251930 0.313712
vt 0.232167 0.334898
vt 0.236380 0.291939
vt 0.444364 0.859798
vt 0.444273 0.875844
vt 0.441025 0.872874
vt 0.441309 0.852005
vt 0.940915 0.692021
vt 0.417939 0.920732
vt 0.416588 0.916025
vt 0.421484 0.916258
vt 0.423481 0.919553
vt 0.889892 0.914727
vt 0.893477 0.914453
vt 0.894938 0.928810
vt 0.892362 0.927985
vt 0.069102 0.926443
vt 0.075689 0.922566
vt 0.075689 0.933331
vt 0.070743 0.931768
vt 0.420165 0.843221
vt 0.420826 0.839632
vt 0.721755 0.760270
vt 0.718194 0.751022
vt 0.724390 0.739769
vt 0.728638 0.740789
vt 0.518824 0.831488
vt 0.523552 0.825900
vt 0.516616 0.854145
vt 0.511163 0.852192
vt 0.256622 0.143199
vt 0.255683 0.145556
vt 0.244366 0.162027
vt 0.516177 0.830878
vt 0.516740 0.828355
vt 0.214765 0.283506
vt 0.209065 0.280182
vt 0.217346 0.264633
vt 0.224745 0.263713
vt 0.405712 0.830170
vt 0.390860 0.829692
vt 0.404864 0.817444
vt 0.411487 0.821950
vt 0.835668 0.926597
vt 0.836873 0.910933
vt 0.839284 0.908991
vt 0.839284 0.926138
vt 0.830034 0.917292
vt 0.834412 0.911474
vt 0.246028 0.254854
vt 0.233324 0.260612
vt 0.296319 0.177586
vt 0.270754 0.242489
vt 0.171020 0.932495
vt 0.176279 0.915908
vt 0.178762 0.932495
vt 0.176575 0.917003
vt 0.466832 0.881538
vt 0.470663 0.874927
vt 0.473140 0.900407
vt 0.464787 0.901283
vt 0.881375 0.192325
vt 0.865083 0.203167
vt 0.859595 0.193820
vt 0.866761 0.189569
vt 0.819425 0.299495
vt 0.815021 0.299811
vt 0.814119 0.297389
vt 0.818753 0.296508
vt 0.117892 0.779908
vt 0.123617 0.775358
vt 0.127729 0.778510
vt 0.121914 0.784587
vt 0.260040 0.820340
vt 0.260389 0.823909
vt 0.250982 0.823351
vt 0.251165 0.819407
vt 0.737173 0.652422
vt 0.742429 0.639394
vt 0.746518 0.640026
vt 0.741120 0.652442
vt 0.913738 0.207272
vt 0.922075 0.206480
vt 0.926364 0.218458
vt 0.921272 0.221034
vt 0.753463 0.852911
vt 0.753090 0.859245
vt 0.751735 0.859169
vt 0.751881 0.853524
vt 0.653877 0.756503
vt 0.649429 0.757095
vt 0.650449 0.749922
vt 0.654912 0.748262
vt 0.715108 0.745037
vt 0.716327 0.738745
vt 0.134327 0.866654
vt 0.149476 0.849954
vt 0.148496 0.854388
vt 0.140611 0.870810
vt 0.192349 0.920783
vt 0.191960 0.924600
vt 0.188574 0.923277
vt 0.188574 0.914776
vt 0.739640 0.935372
vt 0.732490 0.934793
vt 0.732819 0.930149
vt 0.737594 0.930934
vt 0.473712 0.927470
vt 0.479302 0.925630
vt 0.477526 0.936195
vt 0.475039 0.937346
vt 0.399998 0.933920
vt 0.397746 0.933844
vt 0.397546 0.929503
vt 0.400348 0.929973
vt 0.478841 0.905918
vt 0.474002 0.910578
vt 0.472011 0.911931
vt 0.024590 0.485013
vt 0.018274 0.482537
vt 0.023463 0.464350
vt 0.028772 0.469072
vt 0.007336 0.912215
vt 0.008836 0.912429
vt 0.006967 0.915041
vt 0.004228 0.913230
vt 0.435290 0.833389
vt 0.433696 0.839019
vt 0.367306 0.810600
vt 0.364283 0.829921
vt 0.360731 0.827469
vt 0.362838 0.809672
vt 0.077854 0.837062
vt 0.545326 0.429395
vt 0.540925 0.428074
vt 0.543361 0.421526
vt 0.549151 0.422514
vt 0.152168 0.787378
vt 0.158386 0.786432
vt 0.159497 0.790671
vt 0.156015 0.793080
vt 0.200907 0.856361
vt 0.194998 0.859902
vt 0.195301 0.856140
vt 0.199515 0.853228
vt 0.895969 0.878722
vt 0.891961 0.877961
vt 0.889986 0.872587
vt 0.896097 0.872734
vt 0.135214 0.769863
vt 0.118627 0.770618
vt 0.131575 0.766054
vt 0.593044 0.640739
vt 0.593158 0.632012
vt 0.251182 0.846367
vt 0.256779 0.846261
vt 0.254486 0.853232
vt 0.247872 0.853908
vt 0.207608 0.099413
vt 0.222774 0.082116
vt 0.870779 0.888875
vt 0.865893 0.894298
vt 0.865459 0.885960
vt 0.869787 0.885168
vt 0.517104 0.929705
vt 0.517089 0.927842
vt 0.520700 0.928495
vt 0.519711 0.930959
vt 0.618771 0.706552
vt 0.609559 0.699155
vt 0.622091 0.690844
vt 0.148708 0.896755
vt 0.149476 0.900420
vt 0.146956 0.904479
vt 0.143581 0.899009
vt 0.738069 0.917072
vt 0.740307 0.925523
vt 0.736326 0.923488
vt 0.735501 0.913924
vt 0.209920 0.248443
vt 0.216689 0.234649
vt 0.222985 0.234979
vt 0.217169 0.248831
vt 0.863651 0.567596
vt 0.870319 0.567573
vt 0.878220 0.606985
vt 0.870538 0.607097
vt 0.528185 0.928540
vt 0.526035 0.929460
vt 0.526035 0.926572
vt 0.527511 0.923795
vt 0.895757 0.859273
vt 0.889892 0.858922
vt 0.686911 0.657011
vt 0.682782 0.677407
vt 0.661393 0.669274
vt 0.449230 0.827336
vt 0.450163 0.819998
vt 0.371289 0.850972
vt 0.376038 0.858775
vt 0.375068 0.876038
vt 0.367066 0.873398
vt 0.903206 0.742596
vt 0.900323 0.751560
vt 0.895048 0.749891
vt 0.895496 0.742207
vt 0.493702 0.804929
vt 0.487862 0.794876
vt 0.495671 0.799709
vt 0.496322 0.806764
vt 0.818969 0.925549
vt 0.821444 0.927066
vt 0.821444 0.935930
vt 0.817499 0.932164
vt 0.950820 0.912680
vt 0.946356 0.918223
vt 0.945794 0.900214
vt 0.949875 0.901220
vt 0.867743 0.630833
vt 0.862728 0.626949
vt 0.866717 0.623822
vt 0.871282 0.625496
vt 0.576687 0.727605
vt 0.574899 0.724307
vt 0.581159 0.718377
vt 0.583111 0.723550
vt 0.204654 0.321350
vt 0.220665 0.287628
vt 0.951182 0.072522
vt 0.944203 0.069778
vt 0.964215 0.047969
vt 0.966169 0.052868
vt 0.903052 0.061006
vt 0.914752 0.069166
vt 0.903059 0.079131
vt 0.887277 0.072962
vt 0.044465 0.856478
vt 0.028846 0.870752
vt 0.040131 0.841597
vt 0.341995 0.279446
vt 0.505236 0.895480
vt 0.508657 0.900058
vt 0.506449 0.901722
vt 0.502624 0.895321
vt 0.641051 0.845056
vt 0.639771 0.849201
vt 0.635911 0.847861
vt 0.637151 0.844137
vt 0.898767 0.306333
vt 0.902663 0.299615
vt 0.908926 0.300393
vt 0.908395 0.305834
vt 0.186580 0.229634
vt 0.176699 0.226432
vt 0.189617 0.208074
vt 0.197520 0.211160
vt 0.605953 0.647567
vt 0.600349 0.640366
vt 0.607803 0.639997
vt 0.879547 0.568089
vt 0.886570 0.611000
vt 0.889519 0.896601
vt 0.886258 0.899406
vt 0.886258 0.886383
vt 0.889738 0.888859
vt 0.473712 0.916556
vt 0.476719 0.918308
vt 0.446885 0.797620
vt 0.443507 0.796641
vt 0.444148 0.783853
vt 0.447159 0.784612
vt 0.325264 0.932782
vt 0.319615 0.931189
vt 0.318909 0.922785
vt 0.325264 0.920010
vt 0.931958 0.528033
vt 0.927194 0.527647
vt 0.926591 0.527286
vt 0.931958 0.520890
vt 0.924831 0.288109
vt 0.927652 0.305419
vt 0.922790 0.305459
vt 0.920876 0.291206
vt 0.888623 0.408539
vt 0.880334 0.419230
vt 0.877519 0.402044
vt 0.889032 0.397521
vt 0.692900 0.923062
vt 0.692900 0.933656
vt 0.687011 0.925709
vt 0.687095 0.923637
vt 0.541560 0.891035
vt 0.544363 0.905774
vt 0.535520 0.912713
vt 0.533941 0.896270
vt 0.663140 0.453072
vt 0.665177 0.440359
vt 0.669688 0.439382
vt 0.200798 0.256868
vt 0.207549 0.235582
vt 0.198066 0.888434
vt 0.206683 0.891309
vt 0.200920 0.927977
vt 0.192473 0.899434
vt 0.681366 0.401305
vt 0.670325 0.424711
vt 0.669481 0.396437
vt 0.020342 0.876612
vt 0.493299 0.903244
vt 0.498240 0.898221
vt 0.502624 0.915239
vt 0.502427 0.916556
vt 0.302598 0.915282
vt 0.302146 0.923792
vt 0.299608 0.923688
vt 0.300439 0.913443
vt 0.498165 0.915345
vt 0.493718 0.913283
vt 0.354548 0.861921
vt 0.352926 0.867716
vt 0.350108 0.866675
vt 0.352799 0.861282
vt 0.656833 0.456463
vt 0.654831 0.460188
vt 0.650966 0.457082
vt 0.649938 0.453120
vt 0.932654 0.410725
vt 0.935445 0.411503
vt 0.934507 0.414724
vt 0.931569 0.413947
vt 0.950052 0.847492
vt 0.945032 0.850450
vt 0.945032 0.832057
vt 0.949951 0.831456
vt 0.276876 0.844683
vt 0.281678 0.847377
vt 0.282203 0.852776
vt 0.278930 0.852782
vt 0.933493 0.654583
vt 0.928625 0.653130
vt 0.930532 0.648097
vt 0.935290 0.650357
vt 0.610941 0.915236
vt 0.608968 0.900993
vt 0.614362 0.902003
vt 0.555056 0.895747
vt 0.551344 0.895821
vt 0.551337 0.891828
vt 0.555236 0.891256
vt 0.728142 0.923352
vt 0.725444 0.929076
vt 0.721011 0.927707
vt 0.720505 0.922445
vt 0.109584 0.926473
vt 0.101858 0.923483
vt 0.100725 0.907490
vt 0.107064 0.908001
vt 0.198292 0.290260
vt 0.182086 0.285023
vt 0.181571 0.276240
vt 0.194311 0.283232
vt 0.462874 0.837329
vt 0.464631 0.843540
vt 0.473249 0.847873
vt 0.465961 0.836477
vt 0.475077 0.870794
vt 0.945098 0.555627
vt 0.944836 0.563330
vt 0.941204 0.562745
vt 0.941375 0.555592
vt 0.758390 0.746857
vt 0.757961 0.750112
vt 0.754104 0.750516
vt 0.197106 0.095808
vt 0.192430 0.114633
vt 0.181280 0.112626
vt 0.190231 0.089739
vt 0.882976 0.430885
vt 0.887303 0.423772
vt 0.181463 0.095601
vt 0.186934 0.081179
vt 0.196345 0.820645
vt 0.194457 0.808284
vt 0.199625 0.806938
vt 0.200699 0.817194
vt 0.180494 0.087786
vt 0.185007 0.082465
vt 0.947465 0.629301
vt 0.950486 0.647000
vt 0.946438 0.647875
vt 0.946348 0.630647
vt 0.741543 0.745936
vt 0.744607 0.748592
vt 0.888635 0.430949
vt 0.885290 0.432553
vt 0.889977 0.421052
vt 0.670714 0.432003
vt 0.890537 0.437491
vt 0.882533 0.441441
vt 0.524990 0.797694
vt 0.521028 0.790685
vt 0.527301 0.788360
vt 0.527593 0.795497
vt 0.634022 0.449510
vt 0.643468 0.453663
vt 0.635648 0.451404
vt 0.626133 0.448889
vt 0.627542 0.444410
vt 0.649620 0.448557
vt 0.616234 0.449601
vt 0.609335 0.446910
vt 0.535820 0.786466
vt 0.529489 0.783956
vt 0.529936 0.772965
vt 0.536161 0.773179
vt 0.273644 0.779061
vt 0.271135 0.782174
vt 0.269504 0.781222
vt 0.270556 0.778469
vt 0.810020 0.668641
vt 0.813024 0.659719
vt 0.824070 0.657682
vt 0.821360 0.665354
vt 0.641872 0.452512
vt 0.636750 0.455353
vt 0.630187 0.453242
vt 0.188502 0.910113
vt 0.192349 0.903557
vt 0.192160 0.911723
vt 0.192349 0.914776
vt 0.536407 0.795167
vt 0.515196 0.812104
vt 0.521673 0.801222
vt 0.544612 0.788203
vt 0.539319 0.803076
vt 0.521296 0.815284
vt 0.858624 0.928086
vt 0.852267 0.928791
vt 0.857038 0.910066
vt 0.858167 0.908815
vt 0.858624 0.943607
vt 0.857793 0.944548
vt 0.193610 0.829340
vt 0.193279 0.829825
vt 0.203688 0.837096
vt 0.203281 0.833563
vt 0.197350 0.826595
vt 0.940522 0.352369
vt 0.942784 0.336532
vt 0.947480 0.332555
vt 0.946825 0.342219
vt 0.303726 0.765433
vt 0.302742 0.773394
vt 0.296199 0.779686
vt 0.285329 0.772533
vt 0.296517 0.923739
vt 0.296833 0.933452
vt 0.295042 0.932494
vt 0.293863 0.923370
vt 0.306869 0.781489
vt 0.301799 0.790257
vt 0.307461 0.772798
vt 0.311962 0.777194
vt 0.194612 0.192625
vt 0.197287 0.193670
vt 0.620056 0.457522
vt 0.621130 0.453641
vt 0.627786 0.456143
vt 0.625323 0.459679
vt 0.652262 0.871908
vt 0.651830 0.876203
vt 0.649511 0.877218
vt 0.650095 0.872016
vt 0.824508 0.137098
vt 0.586532 0.444498
vt 0.587907 0.440905
vt 0.595150 0.444742
vt 0.591026 0.447052
vt 0.702162 0.748816
vt 0.702458 0.762170
vt 0.700003 0.761995
vt 0.699156 0.748147
vt 0.795014 0.122545
vt 0.792386 0.122309
vt 0.843536 0.430711
vt 0.839284 0.427306
vt 0.508757 0.923795
vt 0.507796 0.930721
vt 0.502624 0.931826
vt 0.502624 0.926702
vt 0.606283 0.439531
vt 0.618235 0.434289
vt 0.804000 0.899133
vt 0.805287 0.911057
vt 0.799909 0.912062
vt 0.798637 0.901334
vt 0.211795 0.833979
vt 0.213519 0.833552
vt 0.221767 0.836058
vt 0.213779 0.837816
vt 0.300011 0.813091
vt 0.288904 0.812918
vt 0.309488 0.918810
vt 0.317273 0.900221
vt 0.325264 0.897087
vt 0.323611 0.920010
vt 0.674256 0.848506
vt 0.671383 0.846871
vt 0.673218 0.843651
vt 0.676309 0.846668
vt 0.711025 0.796853
vt 0.705468 0.807826
vt 0.702488 0.804862
vt 0.709256 0.795333
vt 0.085220 0.891655
vt 0.085289 0.887682
vt 0.302112 0.905202
vt 0.297548 0.904070
vt 0.297792 0.900158
vt 0.298820 0.898590
vt 0.364956 0.922690
vt 0.364289 0.914106
vt 0.373133 0.914085
vt 0.370414 0.922327
vt 0.204023 0.070397
vt 0.801046 0.043559
vt 0.803219 0.046020
vt 0.795651 0.056152
vt 0.793543 0.053942
vt 0.230913 0.212133
vt 0.228073 0.211161
vt 0.229860 0.205501
vt 0.232302 0.205915
vt 0.434009 0.889342
vt 0.430273 0.888814
vt 0.427933 0.873132
vt 0.434846 0.871748
vt 0.446375 0.809749
vt 0.445726 0.819574
vt 0.441916 0.819513
vt 0.442510 0.808929
vt 0.422279 0.853208
vt 0.419374 0.849811
vt 0.350200 0.928240
vt 0.346974 0.923290
vt 0.352575 0.924287
vt 0.353907 0.925699
vt 0.222378 0.925363
vt 0.222044 0.922045
vt 0.225487 0.922678
vt 0.224296 0.931840
vt 0.269441 0.929376
vt 0.265952 0.926849
vt 0.742833 0.752098
vt 0.745714 0.751516
vt 0.563981 0.431049
vt 0.564250 0.424887
vt 0.574826 0.429364
vt 0.569566 0.433321
vt 0.903961 0.426157
vt 0.902868 0.415725
vt 0.906741 0.417247
vt 0.908273 0.424943
vt 0.535764 0.929837
vt 0.539770 0.923750
vt 0.538227 0.930679
vt 0.536750 0.932757
vt 0.359608 0.927138
vt 0.356665 0.925111
vt 0.356435 0.919645
vt 0.360084 0.920110
vt 0.933799 0.397002
vt 0.935364 0.384440
vt 0.937982 0.392893
vt 0.937982 0.404662
vt 0.198009 0.785058
vt 0.203753 0.781829
vt 0.202713 0.800130
vt 0.150183 0.186959
vt 0.154406 0.218128
vt 0.109889 0.220615
vt 0.897309 0.198616
vt 0.903316 0.193574
vt 0.905994 0.210106
vt 0.172158 0.163746
vt 0.167252 0.202940
vt 0.880014 0.103578
vt 0.886839 0.094890
vt 0.889826 0.100391
vt 0.887721 0.107389
vt 0.150909 0.257126
vt 0.151942 0.280799
vt 0.657863 0.817969
vt 0.660933 0.796231
vt 0.663978 0.796782
vt 0.661231 0.818674
vt 0.252204 0.865497
vt 0.244227 0.867233
vt 0.411289 0.914528
vt 0.410307 0.904061
vt 0.414755 0.906046
vt 0.598167 0.443614
vt 0.910974 0.505904
vt 0.917503 0.506065
vt 0.915302 0.518440
vt 0.906162 0.518823
vt 0.262746 0.750346
vt 0.262572 0.753125
vt 0.257878 0.751982
vt 0.259050 0.749193
vt 0.588069 0.436942
vt 0.588903 0.432147
vt 0.919481 0.909797
vt 0.919257 0.904870
vt 0.136890 0.882260
vt 0.130890 0.882995
vt 0.024799 0.128346
vt 0.030062 0.128451
vt 0.049137 0.156331
vt 0.043819 0.157731
vt 0.181477 0.251811
vt 0.173214 0.243477
vt 0.101557 0.931449
vt 0.101557 0.926473
vt 0.103640 0.926512
vt 0.101923 0.926703
vt 0.562710 0.903531
vt 0.559915 0.905708
vt 0.554558 0.904397
vt 0.555290 0.901071
vt 0.558853 0.896639
vt 0.672201 0.909762
vt 0.676525 0.909558
vt 0.675355 0.915453
vt 0.671817 0.915529
vt 0.928263 0.767045
vt 0.501302 0.925536
vt 0.495429 0.927009
vt 0.495429 0.917462
vt 0.502624 0.916556
vt 0.310020 0.893080
vt 0.324351 0.894277
vt 0.323560 0.895638
vt 0.799971 0.314184
vt 0.807219 0.309944
vt 0.806743 0.312737
vt 0.811024 0.307377
vt 0.810859 0.303216
vt 0.815534 0.302802
vt 0.814433 0.306553
vt 0.041488 0.499549
vt 0.042716 0.497927
vt 0.341865 0.888460
vt 0.341130 0.893495
vt 0.335720 0.892995
vt 0.334609 0.888191
vt 0.658144 0.477840
vt 0.647616 0.507344
vt 0.634010 0.496995
vt 0.642387 0.471051
vt 0.818177 0.292883
vt 0.456526 0.847771
vt 0.453162 0.850106
vt 0.451449 0.845666
vt 0.455261 0.843961
vt 0.122027 0.907072
vt 0.115217 0.905164
vt 0.114902 0.885257
vt 0.123177 0.889237
vt 0.208361 0.776006
vt 0.208729 0.781138
vt 0.207027 0.784277
vt 0.204124 0.761259
vt 0.208335 0.766396
vt 0.205837 0.797800
vt 0.675405 0.933898
vt 0.670407 0.930994
vt 0.670407 0.926137
vt 0.672311 0.928165
vt 0.691627 0.921799
vt 0.687342 0.922754
vt 0.688423 0.918443
vt 0.692900 0.918159
vt 0.913347 0.626595
vt 0.916756 0.626889
vt 0.916756 0.630671
vt 0.915039 0.630613
vt 0.539425 0.765409
vt 0.536141 0.758282
vt 0.544612 0.747671
vt 0.544225 0.761720
vt 0.529739 0.763315
vt 0.527310 0.763390
vt 0.529831 0.744705
vt 0.551812 0.900539
vt 0.057600 0.927350
vt 0.059361 0.924673
vt 0.061155 0.928385
vt 0.058793 0.931415
vt 0.051651 0.923548
vt 0.054189 0.922950
vt 0.054168 0.926172
vt 0.051651 0.928421
vt 0.607759 0.924608
vt 0.608264 0.924525
vt 0.607820 0.925951
vt 0.607284 0.926088
vt 0.528185 0.932108
vt 0.531468 0.931626
vt 0.344750 0.075316
vt 0.341376 0.079386
vt 0.334920 0.076118
vt 0.339385 0.070889
vt 0.547211 0.897220
vt 0.547823 0.896511
vt 0.609370 0.453727
vt 0.612759 0.455510
vt 0.354658 0.771518
vt 0.359699 0.762979
vt 0.357191 0.778022
vt 0.352874 0.778383
vt 0.181874 0.011808
vt 0.192634 0.010544
vt 0.895949 0.092586
vt 0.580232 0.436844
vt 0.575487 0.433152
vt 0.572579 0.430341
vt 0.117441 0.918301
vt 0.112207 0.921120
vt 0.558391 0.413318
vt 0.572100 0.422585
vt 0.460424 0.914275
vt 0.458701 0.912627
vt 0.459080 0.908489
vt 0.462874 0.908324
vt 0.417730 0.253649
vt 0.405257 0.256041
vt 0.407636 0.250982
vt 0.419136 0.249450
vt 0.851171 0.400062
vt 0.847590 0.398840
vt 0.076623 0.763786
vt 0.083609 0.773792
vt 0.889892 0.882339
vt 0.906483 0.882339
vt 0.902165 0.913349
vt 0.897358 0.914453
vt 0.517551 0.911333
vt 0.516038 0.912135
vt 0.669703 0.922743
vt 0.665635 0.920560
vt 0.664772 0.914673
vt 0.668505 0.915538
vt 0.676126 0.924451
vt 0.676111 0.922743
vt 0.678703 0.926305
vt 0.676111 0.929185
vt 0.793227 0.109774
vt 0.797718 0.107092
vt 0.800505 0.110224
vt 0.795280 0.111843
vt 0.844364 0.888991
vt 0.841125 0.886481
vt 0.843230 0.885757
vt 0.664675 0.909671
vt 0.668051 0.909775
vt 0.452902 0.924731
vt 0.455907 0.925181
vt 0.455186 0.927542
vt 0.452902 0.928132
vt 0.585937 0.639836
vt 0.579756 0.634046
vt 0.584608 0.635035
vt 0.850469 0.888282
vt 0.854973 0.891574
vt 0.847614 0.891318
vt 0.011847 0.921934
vt 0.014513 0.922095
vt 0.014208 0.925930
vt 0.011522 0.926785
vt 0.861107 0.948744
vt 0.859145 0.946498
vt 0.419500 0.906919
vt 0.413125 0.890169
vt 0.417083 0.891077
vt 0.357870 0.867878
vt 0.357474 0.869781
vt 0.064295 0.532691
vt 0.053572 0.574728
vt 0.597173 0.706526
vt 0.599849 0.701604
vt 0.602761 0.705190
vt 0.586745 0.864910
vt 0.589017 0.865455
vt 0.589117 0.869491
vt 0.585996 0.869894
vt 0.809600 0.497427
vt 0.819946 0.501595
vt 0.824101 0.545970
vt 0.815869 0.544113
vt 0.397903 0.940693
vt 0.397991 0.937686
vt 0.399952 0.937816
vt 0.399688 0.941153
vt 0.366220 0.892691
vt 0.360084 0.891959
vt 0.360991 0.871025
vt 0.068707 0.922887
vt 0.069102 0.930063
vt 0.065467 0.930063
vt 0.066762 0.922567
vt 0.677756 0.919583
vt 0.673682 0.921082
vt 0.679098 0.915208
vt 0.845712 0.884643
vt 0.857476 0.886717
vt 0.641180 0.879647
vt 0.636104 0.888936
vt 0.632782 0.886451
vt 0.637435 0.879601
vt 0.545655 0.898798
vt 0.544802 0.895059
vt 0.546734 0.893785
vt 0.354496 0.081522
vt 0.351489 0.085666
vt 0.202801 0.750654
vt 0.206952 0.750191
vt 0.207287 0.755703
vt 0.447362 0.910952
vt 0.450325 0.907572
vt 0.452461 0.908188
vt 0.451769 0.912068
vt 0.927585 0.055705
vt 0.925879 0.060386
vt 0.922395 0.064784
vt 0.915614 0.050465
vt 0.354707 0.806978
vt 0.351735 0.794781
vt 0.352960 0.791600
vt 0.356491 0.796655
vt 0.629070 0.882593
vt 0.623964 0.884503
vt 0.000000 0.887682
vt 0.009654 0.889763
vt 0.010798 0.893088
vt 0.002664 0.890530
vt 0.821460 0.288909
vt 0.825921 0.288109
vt 0.670407 0.930761
vt 0.668544 0.933033
vt 0.667091 0.929271
vt 0.670407 0.927419
vt 0.558733 0.423061
vt 0.556604 0.416081
vt 0.939009 0.669885
vt 0.939003 0.679379
vt 0.934278 0.678049
vt 0.935179 0.666799
vt 0.567618 0.408513
vt 0.559820 0.675600
vt 0.561825 0.671295
vt 0.556814 0.944915
vt 0.557675 0.942268
vt 0.562216 0.942622
vt 0.562514 0.946621
vt 0.946354 0.353805
vt 0.945278 0.368460
vt 0.940522 0.370370
vt 0.941013 0.352369
vt 0.750340 0.654317
vt 0.745994 0.653276
vt 0.860497 0.890683
vt 0.857868 0.889279
vt 0.809330 0.298908
vt 0.806293 0.306786
vt 0.801764 0.298852
vt 0.793274 0.494915
vt 0.799892 0.466667
vt 0.839916 0.634281
vt 0.840589 0.646177
vt 0.839655 0.646335
vt 0.839284 0.634409
vt 0.940420 0.082687
vt 0.937874 0.075870
vt 0.938938 0.069973
vt 0.510363 0.633440
vt 0.915496 0.414585
vt 0.916279 0.424015
vt 0.077304 0.923362
vt 0.080133 0.924620
vt 0.079471 0.928060
vt 0.075689 0.927976
vt 0.594857 0.930019
vt 0.595004 0.925481
vt 0.597940 0.924968
vt 0.597476 0.928527
vt 0.247179 0.898039
vt 0.242787 0.898760
vt 0.241351 0.895323
vt 0.245915 0.893274
vt 0.093432 0.926150
vt 0.090550 0.924826
vt 0.091410 0.920775
vt 0.095863 0.918994
vt 0.419029 0.868852
vt 0.414877 0.868243
vt 0.909556 0.755045
vt 0.910927 0.754585
vt 0.912480 0.759031
vt 0.906980 0.759260
vt 0.860990 0.893200
vt 0.862967 0.903383
vt 0.859732 0.898199
vt 0.196063 0.737397
vt 0.199295 0.740478
vt 0.198425 0.749412
vt 0.195472 0.745851
vt 0.192183 0.893058
vt 0.188502 0.903557
vt 0.189987 0.893542
vt 0.188502 0.887486
vt 0.602052 0.930698
vt 0.599460 0.925347
vt 0.600875 0.927676
vt 0.606673 0.927321
vt 0.102806 0.251913
vt 0.097104 0.249815
vt 0.095404 0.229794
vt 0.430800 0.816715
vt 0.437437 0.817596
vt 0.436876 0.820457
vt 0.429535 0.819440
vt 0.897260 0.395572
vt 0.898437 0.403403
vt 0.758213 0.739017
vt 0.787709 0.089293
vt 0.788543 0.092095
vt 0.790366 0.089419
vt 0.537206 0.409720
vt 0.540640 0.398604
vt 0.546564 0.403294
vt 0.545025 0.412407
vt 0.942010 0.424806
vt 0.944635 0.426287
vt 0.943904 0.439381
vt 0.941804 0.437989
vt 0.645944 0.645302
vt 0.637783 0.642196
vt 0.192473 0.881639
vt 0.188792 0.869981
vt 0.188502 0.869189
vt 0.576076 0.927394
vt 0.564915 0.921832
vt 0.090391 0.237207
vt 0.081315 0.260782
vt 0.086221 0.245508
vt 0.075367 0.265004
vt 0.092075 0.232394
vt 0.089392 0.256091
vt 0.836524 0.397409
vt 0.837135 0.406619
vt 0.834297 0.402579
vt 0.833737 0.389483
vt 0.640079 0.461492
vt 0.643785 0.464044
vt 0.640719 0.473198
vt 0.637345 0.471759
vt 0.588583 0.863442
vt 0.585524 0.860901
vt 0.588346 0.859456
vt 0.591503 0.861021
vt 0.830449 0.393518
vt 0.828923 0.411713
vt 0.820503 0.418154
vt 0.825164 0.396312
vt 0.833292 0.388272
vt 0.849301 0.919991
vt 0.844965 0.922959
vt 0.846459 0.908977
vt 0.852267 0.908815
vt 0.614588 0.712180
vt 0.817596 0.687949
vt 0.827265 0.688140
vt 0.824667 0.727698
vt 0.816964 0.727346
vt 0.783937 0.085187
vt 0.780684 0.090062
vt 0.873784 0.090177
vt 0.266062 0.848614
vt 0.266878 0.853821
vt 0.262849 0.854058
vt 0.263758 0.847056
vt 0.574751 0.631636
vt 0.544387 0.774298
vt 0.539369 0.777518
vt 0.581839 0.683680
vt 0.570525 0.682402
vt 0.659803 0.933104
vt 0.660326 0.928906
vt 0.663441 0.926993
vt 0.663212 0.931047
vt 0.661399 0.755951
vt 0.659794 0.772548
vt 0.656100 0.772053
vt 0.657459 0.756177
vt 1.000000 0.004297
vt 0.991225 0.015627
vt 0.982331 0.016179
vt 0.986901 0.010106
vt 0.996350 0.013132
vt 0.983807 0.029809
vt 0.980021 0.027928
vt 0.824691 0.372837
vt 0.829809 0.372722
vt 0.564466 0.499398
vt 0.565683 0.500834
vt 0.561894 0.504898
vt 0.560116 0.499676
vt 0.292308 0.904341
vt 0.292929 0.910025
vt 0.290258 0.909045
vt 0.289698 0.903686
vt 0.641900 0.865154
vt 0.645057 0.861531
vt 0.646130 0.862210
vt 0.643181 0.865408
vt 0.934086 0.816661
vt 0.197777 0.762651
vt 0.143224 0.905785
vt 0.139489 0.900459
vt 0.910083 0.926003
vt 0.910083 0.930346
vt 0.908453 0.930038
vt 0.906612 0.925858
vt 0.316089 0.870243
vt 0.320828 0.872981
vt 0.441230 0.765893
vt 0.440609 0.762396
vt 0.441185 0.761598
vt 0.441230 0.762005
vt 0.428341 0.870448
vt 0.901994 0.482526
vt 0.901220 0.466714
vt 0.902765 0.465751
vt 0.903277 0.485316
vt 0.432725 0.852243
vt 0.452780 0.922267
vt 0.453251 0.916592
vt 0.454725 0.914275
vt 0.455907 0.922267
vt 0.827254 0.923991
vt 0.830034 0.922685
vt 0.830034 0.928959
vt 0.835288 0.502878
vt 0.839158 0.502984
vt 0.081920 0.787166
vt 0.085643 0.785028
vt 0.075998 0.212033
vt 0.060916 0.186042
vt 0.066435 0.184783
vt 0.080050 0.209963
vt 0.256011 0.904246
vt 0.257432 0.917947
vt 0.252197 0.918305
vt 0.252197 0.904246
vt 0.936854 0.660063
vt 0.941939 0.660274
vt 0.452328 0.738530
vt 0.458020 0.738087
vt 0.911578 0.742385
vt 0.909966 0.751287
vt 0.768488 0.740892
vt 0.768599 0.742025
vt 0.768041 0.742025
vt 0.768045 0.740556
vt 0.768511 0.740556
vt 0.768114 0.740093
vt 0.768041 0.738745
vt 0.768511 0.738811
vt 0.757001 0.759650
vt 0.761092 0.759130
vt 0.760470 0.767450
vt 0.756176 0.768066
vt 0.899629 0.507139
vt 0.905455 0.506769
vt 0.903752 0.515560
vt 0.900186 0.518118
vt 0.504569 0.644267
vt 0.507076 0.637713
vt 0.533678 0.651280
vt 0.529311 0.656137
vt 0.764425 0.014760
vt 0.763396 0.014343
vt 0.767526 0.003109
vt 0.768109 0.003417
vt 0.547510 0.384497
vt 0.554281 0.394820
vt 0.788663 0.458613
vt 0.791334 0.471594
vt 0.783454 0.469139
vt 0.780020 0.451703
vt 0.544384 0.385853
vt 0.275092 0.917885
vt 0.273668 0.915430
vt 0.276678 0.909948
vt 0.540260 0.452009
vt 0.538579 0.448227
vt 0.540855 0.441380
vt 0.543180 0.443714
vt 0.755133 0.882076
vt 0.754380 0.873069
vt 0.756934 0.872990
vt 0.637134 0.720563
vt 0.614526 0.724791
vt 0.638613 0.715542
vt 0.400506 0.802433
vt 0.391451 0.813582
vt 0.378819 0.811461
vt 0.386632 0.798151
vt 0.283661 0.898889
vt 0.279621 0.897477
vt 0.619069 0.928602
vt 0.619141 0.924791
vt 0.622987 0.926004
vt 0.621330 0.929754
vt 0.005983 0.753252
vt 0.015404 0.755157
vt 0.014961 0.773574
vt 0.006212 0.769319
vt 0.547756 0.667531
vt 0.551255 0.663660
vt 0.722411 0.901617
vt 0.722271 0.890551
vt 0.728925 0.891760
vt 0.234744 0.899713
vt 0.237552 0.896866
vt 0.239442 0.900081
vt 0.236677 0.901905
vt 0.635065 0.831408
vt 0.639403 0.831702
vt 0.638408 0.839296
vt 0.634175 0.838650
vt 0.553643 0.908339
vt 0.552857 0.912578
vt 0.345693 0.794050
vt 0.347881 0.787682
vt 0.208245 0.761520
vt 0.214098 0.762921
vt 0.213667 0.768208
vt 0.939468 0.654387
vt 0.938045 0.656367
vt 0.256833 0.146563
vt 0.247771 0.165465
vt 0.866610 0.861696
vt 0.856135 0.862989
vt 0.853723 0.839395
vt 0.861745 0.840158
vt 0.006510 0.789654
vt 0.018869 0.793715
vt 0.666379 0.924586
vt 0.669283 0.922743
vt 0.448624 0.860171
vt 0.450726 0.867290
vt 0.448473 0.867766
vt 0.447362 0.858415
vt 0.945794 0.929533
vt 0.941033 0.930004
vt 0.941144 0.925037
vt 0.944562 0.925094
vt 0.448450 0.852005
vt 0.447616 0.848634
vt 0.941155 0.904490
vt 0.941033 0.883479
vt 0.945753 0.880584
vt 0.945270 0.902948
vt 0.759486 0.868898
vt 0.762597 0.869190
vt 0.572132 0.888864
vt 0.573285 0.888651
vt 0.576133 0.887159
vt 0.576518 0.892872
vt 0.575388 0.896357
vt 0.571747 0.892077
vt 0.541283 0.479635
vt 0.544902 0.480709
vt 0.544409 0.484429
vt 0.542264 0.484721
vt 0.638156 0.891421
vt 0.634489 0.895867
vt 0.634886 0.891280
vt 0.942556 0.708912
vt 0.643931 0.878997
vt 0.070847 0.906278
vt 0.075415 0.907628
vt 0.075689 0.914196
vt 0.069316 0.910431
vt 0.932226 0.426225
vt 0.933677 0.418758
vt 0.773344 0.918760
vt 0.776784 0.920150
vt 0.590835 0.904777
vt 0.590908 0.891696
vt 0.594360 0.891363
vt 0.594444 0.904636
vt 0.891498 0.205448
vt 0.888769 0.212428
vt 0.899823 0.461639
vt 0.900813 0.451323
vt 0.901968 0.451352
vt 0.886658 0.923059
vt 0.886258 0.921925
vt 0.888532 0.920814
vt 0.888848 0.926871
vt 0.886448 0.918225
vt 0.888848 0.916344
vt 0.427816 0.893786
vt 0.428033 0.887689
vt 0.430224 0.885142
vt 0.003235 0.722060
vt 0.001735 0.722195
vt 0.005430 0.705921
vt 0.007521 0.706633
vt 0.221970 0.931407
vt 0.213998 0.931407
vt 0.213917 0.927899
vt 0.729759 0.825921
vt 0.727459 0.807398
vt 0.141889 0.806151
vt 0.143964 0.811423
vt 0.141249 0.814887
vt 0.139648 0.808912
vt 0.558700 0.429199
vt 0.924498 0.424549
vt 0.920467 0.445367
vt 0.912670 0.445567
vt 0.037604 0.017484
vt 0.041756 0.010797
vt 0.048302 0.012877
vt 0.043257 0.018915
vt 0.451025 0.858103
vt 0.454264 0.857116
vt 0.457912 0.866161
vt 0.454383 0.866707
vt 0.431657 0.904144
vt 0.430113 0.901546
vt 0.428307 0.904144
vt 0.829166 0.914921
vt 0.828236 0.916993
vt 0.827447 0.916890
vt 0.827720 0.915931
vt 0.441164 0.768218
vt 0.441164 0.769940
vt 0.440332 0.768898
vt 0.261718 0.747139
vt 0.248152 0.747516
vt 0.248370 0.745633
vt 0.912401 0.607777
vt 0.906170 0.608368
vt 0.768690 0.919551
vt 0.769065 0.921774
vt 0.440836 0.879235
vt 0.439109 0.879256
vt 0.439109 0.877050
vt 0.441024 0.876405
vt 0.750897 0.777140
vt 0.756805 0.777885
vt 0.758228 0.788825
vt 0.753523 0.787621
vt 0.455538 0.839485
vt 0.458507 0.839051
vt 0.458303 0.842697
vt 0.435065 0.908491
vt 0.433093 0.927823
vt 0.432715 0.928008
vt 0.696889 0.761942
vt 0.696515 0.747833
vt 0.641196 0.861883
vt 0.637692 0.866166
vt 0.632414 0.873083
vt 0.639004 0.870732
vt 0.633805 0.877983
vt 0.889892 0.865538
vt 0.887704 0.870874
vt 0.881959 0.867675
vt 0.882494 0.840883
vt 0.594857 0.922799
vt 0.594668 0.927234
vt 0.590529 0.927920
vt 0.590789 0.923149
vt 0.133130 0.530767
vt 0.119842 0.553018
vt 0.107522 0.549671
vt 0.130036 0.511772
vt 0.027447 0.134173
vt 0.019346 0.123542
vt 0.019087 0.115824
vt 0.424627 0.866430
vt 0.422776 0.867669
vt 0.420784 0.857619
vt 0.423596 0.857340
vt 0.623965 0.921110
vt 0.626150 0.914070
vt 0.850830 0.869059
vt 0.839284 0.884643
vt 0.839448 0.839817
vt 0.846851 0.839539
vt 0.294922 0.861282
vt 0.302130 0.863046
vt 0.295362 0.871381
vt 0.289059 0.867707
vt 0.654929 0.880968
vt 0.653964 0.869146
vt 0.602208 0.924051
vt 0.598456 0.919778
vt 0.602824 0.919210
vt 0.117735 0.930674
vt 0.114972 0.929512
vt 0.116695 0.927057
vt 0.119217 0.927550
vt 0.647176 0.867804
vt 0.645679 0.866057
vt 0.648757 0.864723
vt 0.649850 0.867777
vt 0.027897 0.671747
vt 0.032868 0.673292
vt 0.022476 0.693718
vt 0.018921 0.692479
vt 0.647633 0.872171
vt 0.645510 0.872157
vt 0.429589 0.939435
vt 0.428170 0.936720
vt 0.602412 0.507079
vt 0.603311 0.498569
vt 0.607109 0.500070
vt 0.605038 0.509010
vt 0.855062 0.005715
vt 0.848516 0.011354
vt 0.843638 0.009332
vt 0.845941 0.005525
vt 0.427604 0.936597
vt 0.427724 0.932745
vt 0.430510 0.929702
vt 0.457547 0.745723
vt 0.453855 0.746736
vt 0.283149 0.920305
vt 0.284054 0.936758
vt 0.279114 0.935698
vt 0.279114 0.918868
vt 0.860317 0.343886
vt 0.880608 0.351297
vt 0.885183 0.382641
vt 0.867655 0.378497
vt 0.654617 0.862064
vt 0.656500 0.861763
vt 0.658449 0.859120
vt 0.660508 0.858837
vt 0.662970 0.869760
vt 0.453106 0.751362
vt 0.449365 0.751383
vt 0.450096 0.746838
vt 0.400430 0.943403
vt 0.398814 0.942434
vt 0.401343 0.941181
vt 0.002190 0.734541
vt 0.006564 0.723216
vt 0.007596 0.723588
vt 0.003001 0.734294
vt 0.936156 0.409083
vt 0.937684 0.409765
vt 0.937826 0.411730
vt 0.858219 0.207527
vt 0.853138 0.208259
vt 0.850440 0.197128
vt 0.855029 0.196044
vt 0.898437 0.535578
vt 0.898498 0.528033
vt 0.905658 0.529152
vt 0.904813 0.537011
vt 0.635866 0.901154
vt 0.436964 0.889855
vt 0.692572 0.801170
vt 0.696399 0.799687
vt 0.634594 0.673460
vt 0.629560 0.666224
vt 0.639242 0.665528
vt 0.213534 0.774622
vt 0.937963 0.689134
vt 0.933811 0.687491
vt 0.451121 0.785807
vt 0.451122 0.799011
vt 0.016232 0.927736
vt 0.012163 0.930588
vt 0.827817 0.917930
vt 0.828859 0.917448
vt 0.828481 0.918173
vt 0.580799 0.441841
vt 0.584408 0.448650
vt 0.579731 0.446503
vt 0.964251 0.270613
vt 0.240583 0.213625
vt 0.656563 0.839563
vt 0.658219 0.832206
vt 0.661490 0.832653
vt 0.659766 0.840775
vt 0.653261 0.839605
vt 0.655030 0.832514
vt 0.679684 0.828854
vt 0.412931 0.926724
vt 0.407318 0.926790
vt 0.407164 0.920191
vt 0.412240 0.920693
vt 0.799099 0.121743
vt 0.813818 0.140382
vt 0.002541 0.093572
vt 0.000000 0.094352
vt 0.001988 0.087071
vt 0.006186 0.088935
vt 0.651641 0.832392
vt 0.649293 0.839465
vt 0.645803 0.839616
vt 0.647830 0.832156
vt 0.159917 0.863194
vt 0.163620 0.862733
vt 0.165163 0.875811
vt 0.161216 0.876006
vt 0.868912 0.176722
vt 0.876043 0.173438
vt 0.879389 0.180850
vt 0.872766 0.185641
vt 0.095863 0.927229
vt 0.098772 0.926473
vt 0.098772 0.930341
vt 0.096665 0.930098
vt 0.397786 0.920478
vt 0.399783 0.917827
vt 0.402092 0.916585
vt 0.400610 0.921511
vt 0.184601 0.157849
vt 0.560295 0.490217
vt 0.565179 0.491384
vt 0.755793 0.859458
vt 0.754280 0.863634
vt 0.753021 0.863691
vt 0.754463 0.859347
vt 0.938174 0.933599
vt 0.932728 0.934157
vt 0.933493 0.923946
vt 0.939033 0.923671
vt 0.790364 0.084516
vt 0.786718 0.081508
vt 0.646208 0.858837
vt 0.645951 0.854972
vt 0.649031 0.854943
vt 0.648071 0.857681
vt 0.035239 0.488594
vt 0.624658 0.443291
vt 0.624529 0.448312
vt 0.608429 0.922486
vt 0.607586 0.922212
vt 0.608844 0.921224
vt 0.608896 0.922090
vt 0.053540 0.484993
vt 0.791535 0.663103
vt 0.795983 0.666664
vt 0.792950 0.689714
vt 0.785193 0.684830
vt 0.793036 0.639784
vt 0.797642 0.657863
vt 0.784101 0.648873
vt 0.102447 0.868077
vt 0.097747 0.874609
vt 0.095863 0.865436
vt 0.096834 0.854698
vt 0.112119 0.860992
vt 0.109847 0.872831
vt 0.792754 0.086247
vt 0.051676 0.335485
vt 0.063838 0.296021
vt 0.069219 0.294022
vt 0.057066 0.336353
vt 0.156724 0.315459
vt 0.142785 0.365743
vt 0.115769 0.355710
vt 0.664046 0.930330
vt 0.664148 0.925779
vt 0.767959 0.000003
vt 0.767080 0.002856
vt 0.767105 0.001909
vt 0.792790 0.899133
vt 0.792541 0.897042
vt 0.792761 0.898581
vt 0.793905 0.898520
vt 0.768041 0.743739
vt 0.768041 0.742643
vt 0.768484 0.743412
vt 0.768119 0.742024
vt 0.793684 0.880012
vt 0.795963 0.884595
vt 0.792728 0.884176
vt 0.597697 0.837525
vt 0.588860 0.839608
vt 0.588770 0.823801
vt 0.597709 0.820144
vt 0.824411 0.319070
vt 0.815974 0.310003
vt 0.181453 0.264210
vt 0.198674 0.274552
vt 0.225561 0.821935
vt 0.213821 0.821677
vt 0.213786 0.816954
vt 0.225569 0.817514
vt 0.184524 0.926992
vt 0.184374 0.919835
vt 0.186062 0.915908
vt 0.186672 0.927866
vt 0.188561 0.933634
vt 0.184658 0.933975
vt 0.607154 0.923543
vt 0.273708 0.853628
vt 0.276417 0.852037
vt 0.276781 0.860479
vt 0.273668 0.863040
vt 0.662926 0.772640
vt 0.657412 0.795788
vt 0.450592 0.743441
vt 0.398571 0.912918
vt 0.394625 0.911568
vt 0.395500 0.895236
vt 0.399792 0.895946
vt 0.947571 0.880584
vt 0.950820 0.881916
vt 0.596044 0.847691
vt 0.594249 0.856407
vt 0.596784 0.858410
vt 0.593671 0.862428
vt 0.450949 0.810959
vt 0.583477 0.870242
vt 0.586115 0.879580
vt 0.583638 0.879649
vt 0.306897 0.767560
vt 0.310878 0.767881
vt 0.312627 0.773589
vt 0.270457 0.775719
vt 0.272880 0.775091
vt 0.265791 0.844683
vt 0.267689 0.847401
vt 0.453403 0.880805
vt 0.450935 0.880788
vt 0.643461 0.872070
vt 0.644423 0.865602
vt 0.017778 0.748321
vt 0.006886 0.744881
vt 0.918091 0.778147
vt 0.917159 0.797437
vt 0.909841 0.797219
vt 0.910926 0.778051
vt 0.709391 0.645202
vt 0.704154 0.662104
vt 0.697666 0.660028
vt 0.703076 0.643000
vt 0.331505 0.262347
vt 0.328971 0.239435
vt 0.370862 0.233270
vt 0.367008 0.254780
vt 0.059348 0.616179
vt 0.073750 0.583129
vt 0.085162 0.587448
vt 0.066489 0.619797
vt 0.034009 0.032761
vt 0.029354 0.032011
vt 0.667613 0.563890
vt 0.692611 0.557213
vt 0.721577 0.162771
vt 0.702091 0.155962
vt 0.719497 0.117741
vt 0.730357 0.122006
vt 0.567042 0.614903
vt 0.586202 0.615709
vt 0.601237 0.584245
vt 0.611731 0.587725
vt 0.600824 0.610688
vt 0.762348 0.031243
vt 0.758896 0.048840
vt 0.755954 0.047985
vt 0.760323 0.030533
vt 0.086584 0.808134
vt 0.086626 0.818454
vt 0.077812 0.819176
vt 0.078422 0.809790
vt 0.746839 0.129214
vt 0.740160 0.126866
vt 0.746094 0.095434
vt 0.751595 0.097499
vt 0.924728 0.759725
vt 0.929188 0.757886
vt 0.933248 0.765226
vt 0.058559 0.804252
vt 0.059399 0.813936
vt 0.040531 0.819356
vt 0.039743 0.809123
vt 0.658111 0.451195
vt 0.352472 0.783342
vt 0.356509 0.786372
vt 0.296753 0.913025
vt 0.723305 0.264002
vt 0.733879 0.263767
vt 0.727431 0.307712
vt 0.712779 0.303067
vt 0.300775 0.933847
vt 0.298893 0.933652
vt 0.813681 0.309846
vt 0.832135 0.163713
vt 0.514771 0.927621
vt 0.508757 0.928620
vt 0.508931 0.925124
vt 0.513349 0.923795
vt 0.178915 0.896571
vt 0.177783 0.900661
vt 0.172249 0.899776
vt 0.171020 0.895819
vt 0.861163 0.402433
vt 0.868753 0.432890
vt 0.431806 0.245013
vt 0.429649 0.251074
vt 0.420349 0.242875
vt 0.087985 0.893406
vt 0.089281 0.887682
vt 0.092085 0.888523
vt 0.092361 0.897291
vt 0.843881 0.372615
vt 0.846161 0.366927
vt 0.477707 0.752985
vt 0.462874 0.738745
vt 0.477645 0.739176
vt 0.634896 0.851010
vt 0.638479 0.852811
vt 0.680355 0.498042
vt 0.691543 0.521324
vt 0.842883 0.801409
vt 0.846729 0.759125
vt 0.853846 0.758514
vt 0.850185 0.801576
vt 0.390732 0.894770
vt 0.389570 0.877254
vt 0.394441 0.878017
vt 0.039933 0.067418
vt 0.025863 0.094910
vt 0.018086 0.085160
vt 0.029944 0.062157
vt 0.539863 0.677254
vt 0.519554 0.667202
vt 0.521543 0.665348
vt 0.542720 0.674005
vt 0.337769 0.776685
vt 0.329284 0.775994
vt 0.328332 0.769670
vt 0.337802 0.770674
vt 0.891148 0.352145
vt 0.879759 0.288159
vt 0.891106 0.295894
vt 0.707862 0.822789
vt 0.702458 0.821261
vt 0.709538 0.810499
vt 0.076453 0.290819
vt 0.087004 0.290759
vt 0.075987 0.343225
vt 0.064398 0.337025
vt 0.365663 0.757796
vt 0.371000 0.758820
vt 0.372404 0.776535
vt 0.366416 0.774540
vt 0.723867 0.596162
vt 0.728727 0.593000
vt 0.740067 0.607745
vt 0.730066 0.603989
vt 0.089113 0.827314
vt 0.083740 0.824532
vt 0.091080 0.818637
vt 0.112902 0.774813
vt 0.265162 0.304816
vt 0.286054 0.287591
vt 0.287745 0.292437
vt 0.787865 0.382183
vt 0.786973 0.333899
vt 0.810635 0.335472
vt 0.814135 0.375675
vt 0.104119 0.099259
vt 0.126159 0.058070
vt 0.156068 0.073231
vt 0.139631 0.110789
vt 0.290398 0.884422
vt 0.299401 0.894965
vt 0.290877 0.893940
vt 0.050166 0.651269
vt 0.037313 0.674775
vt 0.044935 0.649094
vt 0.857418 0.700497
vt 0.852137 0.701484
vt 0.848520 0.678718
vt 0.852016 0.678074
vt 0.902408 0.670365
vt 0.910013 0.670234
vt 0.910905 0.689928
vt 0.903325 0.689781
vt 0.667725 0.902857
vt 0.664578 0.903065
vt 0.664046 0.891069
vt 0.667015 0.890940
vt 0.842692 0.017342
vt 0.835648 0.026225
vt 0.832423 0.023144
vt 0.838881 0.014837
vt 0.573388 0.463897
vt 0.568367 0.478059
vt 0.564037 0.476567
vt 0.569182 0.462341
vt 0.791064 0.827815
vt 0.795785 0.828037
vt 0.795334 0.850073
vt 0.791829 0.849899
vt 0.752629 0.046771
vt 0.758181 0.029670
vt 0.218640 0.202969
vt 0.206641 0.198215
vt 0.208918 0.192620
vt 0.220708 0.196826
vt 0.455244 0.908375
vt 0.455310 0.903046
vt 0.459187 0.903019
vt 0.012065 0.708495
vt 0.014444 0.709420
vt 0.005472 0.722827
vt 0.150044 0.516668
vt 0.167737 0.476566
vt 0.177407 0.480409
vt 0.158659 0.519428
vt 0.692418 0.680366
vt 0.688513 0.697951
vt 0.679696 0.696013
vt 0.902060 0.012519
vt 0.931647 0.017400
vt 0.064811 0.387133
vt 0.079758 0.392860
vt 0.067186 0.437265
vt 0.052319 0.433207
vt 0.009447 0.077145
vt 0.013088 0.080565
vt 0.285612 0.143222
vt 0.915311 0.224217
vt 0.316765 0.785442
vt 0.317050 0.791425
vt 0.886258 0.899690
vt 0.881083 0.902036
vt 0.165592 0.925667
vt 0.158447 0.929973
vt 0.158447 0.919556
vt 0.164829 0.916886
vt 0.922037 0.755200
vt 0.924764 0.754057
vt 0.208803 0.264503
vt 0.844371 0.893779
vt 0.842361 0.900544
vt 0.839284 0.899650
vt 0.841936 0.892669
vt 0.149950 0.797521
vt 0.151581 0.804014
vt 0.545696 0.889189
vt 0.550403 0.887519
vt 0.656335 0.716267
vt 0.418822 0.936782
vt 0.412471 0.935698
vt 0.412860 0.932001
vt 0.419227 0.933424
vt 0.595014 0.914033
vt 0.595477 0.905254
vt 0.599162 0.905225
vt 0.598774 0.913898
vt 0.452656 0.918765
vt 0.452366 0.925636
vt 0.447362 0.925369
vt 0.447523 0.918217
vt 0.847873 0.069147
vt 0.861327 0.053906
vt 0.869823 0.060360
vt 0.855968 0.075696
vt 0.212962 0.182902
vt 0.202298 0.190102
vt 0.205731 0.179688
vt 0.624317 0.334456
vt 0.647349 0.280619
vt 0.674638 0.289783
vt 0.653113 0.345316
vt 0.442578 0.151738
vt 0.439273 0.156889
vt 0.133754 0.033281
vt 0.165146 0.043422
vt 0.842007 0.092351
vt 0.832772 0.084764
vt 0.945698 0.610448
vt 0.943237 0.626983
vt 0.941004 0.623774
vt 0.941312 0.608640
vt 0.670648 0.614989
vt 0.657181 0.615032
vt 0.657424 0.605109
vt 0.225577 0.824792
vt 0.214001 0.825022
vt 0.422191 0.816662
vt 0.421753 0.811978
vt 0.431660 0.812257
vt 0.362389 0.111486
vt 0.395407 0.132868
vt 0.152136 0.532238
vt 0.143721 0.529336
vt 0.676447 0.902431
vt 0.672105 0.902623
vt 0.158021 0.928955
vt 0.149476 0.929317
vt 0.149476 0.916886
vt 0.158081 0.923035
vt 0.074487 0.140895
vt 0.042805 0.112169
vt 0.061732 0.077806
vt 0.644359 0.751025
vt 0.642752 0.758087
vt 0.635967 0.758354
vt 0.638385 0.750914
vt 0.557616 0.926892
vt 0.558710 0.918240
vt 0.562345 0.918707
vt 0.561754 0.927525
vt 0.863300 0.107353
vt 0.683137 0.804733
vt 0.676547 0.806652
vt 0.680767 0.781482
vt 0.687337 0.781356
vt 0.813290 0.768884
vt 0.820474 0.767760
vt 0.815297 0.801910
vt 0.809160 0.801768
vt 0.723958 0.688275
vt 0.728165 0.691188
vt 0.723638 0.700357
vt 0.719225 0.697293
vt 0.695330 0.620994
vt 0.691089 0.638943
vt 0.008837 0.688407
vt 0.011863 0.689482
vt 0.077203 0.799304
vt 0.642747 0.620677
vt 0.646396 0.618403
vt 0.906312 0.918927
vt 0.906483 0.924692
vt 0.902456 0.925822
vt 0.901414 0.920212
vt 0.573170 0.522505
vt 0.554590 0.563487
vt 0.516815 0.546459
vt 0.538144 0.507641
vt 0.375035 0.904466
vt 0.374687 0.893645
vt 0.384721 0.894581
vt 0.384326 0.907333
vt 0.864667 0.725522
vt 0.856873 0.726451
vt 0.162216 0.902424
vt 0.157760 0.902385
vt 0.157504 0.890726
vt 0.161918 0.890760
vt 0.049783 0.334874
vt 0.039540 0.376718
vt 0.035569 0.375086
vt 0.392579 0.860491
vt 0.387616 0.858803
vt 0.386353 0.845936
vt 0.615587 0.545718
vt 0.586239 0.577298
vt 0.602104 0.536441
vt 0.611555 0.488205
vt 0.607692 0.486738
vt 0.612882 0.474118
vt 0.616778 0.475788
vt 0.862900 0.758397
vt 0.872579 0.758466
vt 0.878477 0.796420
vt 0.867043 0.798800
vt 0.916481 0.305764
vt 0.915526 0.321415
vt 0.355601 0.887568
vt 0.351120 0.887559
vt 0.351875 0.874996
vt 0.356524 0.875104
vt 0.913857 0.486578
vt 0.914615 0.466053
vt 0.921373 0.466280
vt 0.919893 0.486889
vt 0.108134 0.769644
vt 0.104521 0.773146
vt 0.099610 0.768483
vt 0.103784 0.764726
vt 0.223816 0.795515
vt 0.223827 0.800637
vt 0.215099 0.802051
vt 0.215365 0.796245
vt 0.123266 0.752035
vt 0.109406 0.756602
vt 0.107763 0.752773
vt 0.120763 0.748095
vt 0.686414 0.711080
vt 0.691306 0.711763
vt 0.462874 0.917468
vt 0.468814 0.916556
vt 0.473712 0.927971
vt 0.462874 0.926671
vt 0.058279 0.766491
vt 0.118023 0.789213
vt 0.165127 0.520093
vt 0.157055 0.534988
vt 0.852824 0.519161
vt 0.857331 0.518361
vt 0.074879 0.790054
vt 0.084844 0.796610
vt 0.591138 0.477568
vt 0.588109 0.476427
vt 0.592158 0.463355
vt 0.594948 0.464223
vt 0.072905 0.857156
vt 0.055065 0.869874
vt 0.032054 0.876053
vt 0.654536 0.817545
vt 0.817374 0.922776
vt 0.818265 0.913722
vt 0.826914 0.916637
vt 0.825071 0.925549
vt 0.861306 0.180156
vt 0.856866 0.182751
vt 0.015248 0.690904
vt 0.009564 0.707449
vt 0.560034 0.909443
vt 0.562102 0.908089
vt 0.564915 0.909513
vt 0.563300 0.911968
vt 0.686984 0.837217
vt 0.687545 0.832978
vt 0.730643 0.714356
vt 0.728264 0.720511
vt 0.722018 0.717050
vt 0.724956 0.710858
vt 0.927926 0.726580
vt 0.928714 0.712839
vt 0.933643 0.711144
vt 0.933101 0.723669
vt 0.639872 0.727016
vt 0.928982 0.703337
vt 0.924415 0.714246
vt 0.924552 0.704218
vt 0.692466 0.738745
vt 0.695508 0.738937
vt 0.693516 0.747280
vt 0.923732 0.728283
vt 0.754886 0.801294
vt 0.759558 0.801766
vt 0.760743 0.814333
vt 0.755994 0.813781
vt 0.201592 0.823700
vt 0.488458 0.923847
vt 0.495429 0.916556
vt 0.495429 0.926568
vt 0.490767 0.932894
vt 0.633668 0.683942
vt 0.889887 0.886702
vt 0.886558 0.884643
vt 0.913349 0.526108
vt 0.900151 0.528033
vt 0.627705 0.673862
vt 0.621490 0.684337
vt 0.741200 0.932691
vt 0.370210 0.098265
vt 0.367533 0.104165
vt 0.588391 0.847833
vt 0.016232 0.887682
vt 0.014630 0.891313
vt 0.533941 0.923750
vt 0.544575 0.920280
vt 0.711287 0.758809
vt 0.709979 0.761445
vt 0.702897 0.753644
vt 0.706058 0.750599
vt 0.691740 0.781568
vt 0.695219 0.781327
vt 0.688144 0.802679
vt 0.932436 0.850604
vt 0.934370 0.865659
vt 0.695391 0.354765
vt 0.669313 0.349101
vt 0.691289 0.295435
vt 0.714161 0.755647
vt 0.710104 0.747992
vt 0.162065 0.913012
vt 0.157782 0.913596
vt 0.157991 0.908710
vt 0.162772 0.908551
vt 0.803106 0.102793
vt 0.806816 0.106683
vt 0.900544 0.765834
vt 0.896387 0.765562
vt 0.259850 0.844683
vt 0.259171 0.852445
vt 0.582503 0.505047
vt 0.579193 0.503546
vt 0.583309 0.490338
vt 0.586610 0.491608
vt 0.923367 0.778864
vt 0.147751 0.820693
vt 0.145317 0.824917
vt 0.549011 0.880225
vt 0.552827 0.881724
vt 0.546784 0.887159
vt 0.544612 0.886161
vt 0.668107 0.861961
vt 0.671025 0.853131
vt 0.674705 0.853244
vt 0.672731 0.862502
vt 0.711801 0.930191
vt 0.709205 0.926192
vt 0.712424 0.923745
vt 0.716049 0.927107
vt 0.439079 0.889606
vt 0.438174 0.909185
vt 0.732521 0.694279
vt 0.728248 0.703825
vt 0.667690 0.232369
vt 0.646541 0.222363
vt 0.663226 0.184017
vt 0.685019 0.192715
vt 0.252582 0.879039
vt 0.257986 0.877914
vt 0.259850 0.890872
vt 0.255320 0.891300
vt 0.224433 0.209792
vt 0.226217 0.204658
vt 0.414315 0.835181
vt 0.417853 0.838421
vt 0.908080 0.485835
vt 0.908638 0.465549
vt 0.086135 0.843585
vt 0.082720 0.840608
vt 0.091714 0.830614
vt 0.054210 0.153714
vt 0.072765 0.182985
vt 0.644046 0.925751
vt 0.643655 0.928433
vt 0.640817 0.928881
vt 0.640731 0.926467
vt 0.806442 0.687300
vt 0.806455 0.725825
vt 0.264529 0.804641
vt 0.264698 0.800279
vt 0.273879 0.804107
vt 0.452011 0.903070
vt 0.659147 0.917454
vt 0.656746 0.917830
vt 0.658086 0.899352
vt 0.660077 0.899467
vt 0.757957 0.073051
vt 0.755140 0.098730
vt 0.755106 0.072249
vt 0.452368 0.938666
vt 0.447373 0.939238
vt 0.220734 0.750391
vt 0.212205 0.750063
vt 0.212480 0.745328
vt 0.221066 0.746410
vt 0.711408 0.201978
vt 0.694371 0.241669
vt 0.782657 0.071404
vt 0.780556 0.069830
vt 0.785557 0.063553
vt 0.787954 0.065358
vt 0.021056 0.802769
vt 0.038117 0.792166
vt 0.039191 0.799755
vt 0.540724 0.455345
vt 0.551118 0.435589
vt 0.571407 0.445090
vt 0.561441 0.461594
vt 0.689702 0.760312
vt 0.694135 0.761550
vt 0.174406 0.808965
vt 0.186140 0.821844
vt 0.181745 0.826144
vt 0.089325 0.348085
vt 0.103961 0.401948
vt 0.006974 0.100314
vt 0.009328 0.098024
vt 0.018639 0.107324
vt 0.015773 0.109911
vt 0.153306 0.908874
vt 0.149476 0.909004
vt 0.149939 0.902264
vt 0.153235 0.902348
vt 0.638054 0.647921
vt 0.755570 0.838278
vt 0.748116 0.840498
vt 0.802671 0.062734
vt 0.799091 0.059477
vt 0.806639 0.049561
vt 0.809923 0.053025
vt 0.150751 0.816577
vt 0.146955 0.807718
vt 0.917088 0.903906
vt 0.911401 0.903255
vt 0.913325 0.889466
vt 0.917375 0.890262
vt 0.191649 0.925640
vt 0.191217 0.927377
vt 0.188996 0.926614
vt 0.188963 0.925196
vt 0.036907 0.763321
vt 0.039411 0.754551
vt 0.060743 0.759408
vt 0.415745 0.818359
vt 0.412134 0.811604
vt 0.922272 0.740304
vt 0.566649 0.691329
vt 0.553937 0.684365
vt 0.556011 0.683176
vt 0.684770 0.904585
vt 0.684756 0.890903
vt 0.688921 0.890970
vt 0.689078 0.904566
vt 0.628881 0.638749
vt 0.619697 0.635063
vt 0.621892 0.628236
vt 0.630180 0.632068
vt 0.052265 0.613396
vt 0.063593 0.579560
vt 0.008654 0.926725
vt 0.009071 0.921906
vt 0.437995 0.813673
vt 0.440272 0.815386
vt 0.440067 0.818236
vt 0.409619 0.889597
vt 0.544986 0.670716
vt 0.138626 0.811381
vt 0.133417 0.805598
vt 0.135454 0.803322
vt 0.879543 0.203551
vt 0.882262 0.196671
vt 0.821546 0.337901
vt 0.927187 0.247030
vt 0.564307 0.664938
vt 0.557453 0.653551
vt 0.567862 0.651454
vt 0.864971 0.607820
vt 0.859402 0.609594
vt 0.853001 0.568982
vt 0.858542 0.568610
vt 0.635457 0.914226
vt 0.632144 0.905623
vt 0.639800 0.910607
vt 0.567337 0.639064
vt 0.071396 0.898892
vt 0.075689 0.899522
vt 0.252318 0.892504
vt 0.258549 0.891577
vt 0.259422 0.903736
vt 0.253187 0.093128
vt 0.490099 0.610165
vt 0.489785 0.608346
vt 0.291223 0.898590
vt 0.298720 0.898419
vt 0.312966 0.766665
vt 0.302319 0.751666
vt 0.313383 0.759076
vt 0.698311 0.780648
vt 0.502464 0.648768
vt 0.480990 0.634615
vt 0.658534 0.747468
vt 0.658226 0.741440
vt 0.662085 0.740363
vt 0.661952 0.747317
vt 0.922436 0.658400
vt 0.923558 0.651951
vt 0.926915 0.659075
vt 0.188449 0.895819
vt 0.185917 0.899349
vt 0.012741 0.093771
vt 0.627656 0.830723
vt 0.627227 0.816809
vt 0.631469 0.817305
vt 0.631321 0.830931
vt 0.176567 0.847516
vt 0.188449 0.846283
vt 0.188186 0.857847
vt 0.179141 0.857057
vt 0.512368 0.897199
vt 0.506473 0.892092
vt 0.160825 0.825421
vt 0.154244 0.812214
vt 0.803230 0.120330
vt 0.818505 0.138934
vt 0.749524 0.801924
vt 0.749959 0.785664
vt 0.732490 0.922026
vt 0.583477 0.801137
vt 0.581146 0.820979
vt 0.579408 0.820440
vt 0.580679 0.800338
vt 0.526465 0.900238
vt 0.533308 0.906048
vt 0.527612 0.920644
vt 0.520255 0.909481
vt 0.564284 0.385073
vt 0.645695 0.746305
vt 0.590362 0.423509
vt 0.734453 0.809797
vt 0.737771 0.827275
vt 0.733889 0.826624
vt 0.170779 0.899652
vt 0.170929 0.908589
vt 0.165592 0.908256
vt 0.165705 0.895819
vt 0.397057 0.862460
vt 0.731231 0.808718
vt 0.537625 0.427216
vt 0.539115 0.420770
vt 0.363103 0.847817
vt 0.765340 0.916207
vt 0.765340 0.894342
vt 0.766807 0.917575
vt 0.767323 0.894763
vt 0.642447 0.839666
vt 0.172029 0.219556
vt 0.544612 0.740976
vt 0.546441 0.738745
vt 0.565547 0.757052
vt 0.563177 0.757728
vt 0.447555 0.914275
vt 0.452721 0.915105
vt 0.575161 0.838437
vt 0.571404 0.837183
vt 0.577013 0.819303
vt 0.928221 0.405077
vt 0.931320 0.406917
vt 0.929879 0.409614
vt 0.926591 0.408011
vt 0.499331 0.807614
vt 0.502949 0.807355
vt 0.504775 0.809530
vt 0.499523 0.809793
vt 0.598764 0.892097
vt 0.595483 0.892122
vt 0.595505 0.877699
vt 0.598725 0.877895
vt 0.372315 0.811160
vt 0.372746 0.830655
vt 0.368269 0.830297
vt 0.379391 0.830544
vt 0.737132 0.764789
vt 0.734364 0.764412
vt 0.739293 0.741958
vt 0.741200 0.741548
vt 0.129846 0.852801
vt 0.143123 0.846283
vt 0.835725 0.007510
vt 0.836585 0.004007
vt 0.234567 0.848747
vt 0.230344 0.865769
vt 0.628490 0.560185
vt 0.878917 0.624250
vt 0.876331 0.629955
vt 0.471739 0.776234
vt 0.476855 0.777612
vt 0.478659 0.793157
vt 0.475224 0.794273
vt 0.797085 0.884985
vt 0.404029 0.832216
vt 0.406869 0.830655
vt 0.481744 0.775991
vt 0.479921 0.762514
vt 0.647263 0.770584
vt 0.640073 0.770706
vt 0.941016 0.656838
vt 0.486852 0.778069
vt 0.492516 0.781370
vt 0.600652 0.866652
vt 0.605326 0.864725
vt 0.603003 0.878139
vt 0.946354 0.386719
vt 0.942006 0.393567
vt 0.565112 0.854043
vt 0.568325 0.854526
vt 0.560113 0.869595
vt 0.556684 0.869161
vt 0.392622 0.927613
vt 0.397545 0.926155
vt 0.397329 0.941523
vt 0.371145 0.093206
vt 0.346429 0.861636
vt 0.346974 0.888354
vt 0.342583 0.887124
vt 0.343780 0.861282
vt 0.805546 0.828213
vt 0.809891 0.828613
vt 0.309488 0.875510
vt 0.309617 0.867959
vt 0.258344 0.928890
vt 0.254407 0.933249
vt 0.018918 0.461392
vt 0.029188 0.420401
vt 0.034521 0.423208
vt 0.671173 0.921942
vt 0.231649 0.200506
vt 0.236173 0.190990
vt 0.238241 0.193240
vt 0.233901 0.201781
vt 0.688812 0.747140
vt 0.687527 0.739837
vt 0.935850 0.064937
vt 0.943132 0.059934
vt 0.733012 0.741507
vt 0.736402 0.741836
vt 0.656558 0.557392
vt 0.793370 0.916825
vt 0.792614 0.899133
vt 0.796464 0.905551
vt 0.798637 0.918800
vt 0.794466 0.942985
vt 0.792614 0.933585
vt 0.533026 0.821439
vt 0.931967 0.659686
vt 0.219816 0.394064
vt 0.243964 0.346281
vt 0.247524 0.354434
vt 0.228770 0.396125
vt 0.630187 0.795703
vt 0.632728 0.772393
vt 0.637195 0.795054
vt 0.587227 0.932845
vt 0.586673 0.928472
vt 0.362218 0.904710
vt 0.367516 0.904364
vt 0.109584 0.921185
vt 0.110365 0.903650
vt 0.932422 0.392245
vt 0.928059 0.392067
vt 0.928325 0.384439
vt 0.933175 0.385152
vt 0.601630 0.379778
vt 0.593292 0.402984
vt 0.577368 0.361861
vt 0.937541 0.938463
vt 0.935514 0.943140
vt 0.326305 0.908437
vt 0.333773 0.902955
vt 0.331869 0.911809
vt 0.326179 0.914369
vt 0.920742 0.575491
vt 0.920742 0.541921
vt 0.941004 0.549448
vt 0.934304 0.572387
vt 0.000714 0.734480
vt 0.004329 0.722421
vt 0.001580 0.734556
vt 0.325264 0.899340
vt 0.326994 0.889493
vt 0.331005 0.892971
vt 0.331220 0.898415
vt 0.829341 0.005594
vt 0.833319 0.012288
vt 0.828009 0.010103
vt 0.627983 0.903929
vt 0.630261 0.904677
vt 0.681515 0.747622
vt 0.681901 0.758147
vt 0.637741 0.481592
vt 0.634807 0.486714
vt 0.632831 0.483643
vt 0.634405 0.480030
vt 0.341655 0.769000
vt 0.344720 0.764087
vt 0.360084 0.766605
vt 0.350363 0.769670
vt 0.605643 0.654466
vt 0.599392 0.661784
vt 0.593514 0.661894
vt 0.031068 0.921343
vt 0.032402 0.908514
vt 0.036280 0.908332
vt 0.034114 0.923288
vt 0.590971 0.864725
vt 0.252249 0.892496
vt 0.557771 0.679454
vt 0.568624 0.687221
vt 0.575004 0.444653
vt 0.575541 0.439489
vt 0.336927 0.927307
vt 0.327047 0.927307
vt 0.325264 0.920892
vt 0.220695 0.769152
vt 0.221171 0.764742
vt 0.786479 0.074379
vt 0.783039 0.078149
vt 0.779382 0.074829
vt 0.657050 0.707403
vt 0.677683 0.710167
vt 0.676154 0.717845
vt 0.718801 0.836128
vt 0.710764 0.835355
vt 0.129846 0.908085
vt 0.123303 0.909374
vt 0.123303 0.895530
vt 0.129255 0.894929
vt 0.727142 0.206419
vt 0.714324 0.249154
vt 0.215857 0.042691
vt 0.235904 0.048352
vt 0.649227 0.794967
vt 0.653734 0.795242
vt 0.650743 0.817453
vt 0.646219 0.817728
vt 0.111571 0.761187
vt 0.114572 0.766019
vt 0.880212 0.025876
vt 0.874911 0.023126
vt 0.877748 0.018704
vt 0.610127 0.887266
vt 0.613851 0.886608
vt 0.805556 0.923222
vt 0.800572 0.920745
vt 0.594475 0.494597
vt 0.590596 0.493133
vt 0.594938 0.479012
vt 0.521237 0.776577
vt 0.527355 0.776465
vt 0.363721 0.746747
vt 0.368186 0.746532
vt 0.618637 0.487215
vt 0.841384 0.919909
vt 0.839284 0.908815
vt 0.883080 0.045472
vt 0.893712 0.032600
vt 0.739096 0.862810
vt 0.741200 0.882979
vt 0.737217 0.882912
vt 0.734579 0.863818
vt 0.214131 0.841813
vt 0.222843 0.841346
vt 0.020774 0.056892
vt 0.017385 0.054832
vt 0.144928 0.802222
vt 0.647311 0.863276
vt 0.627601 0.896354
vt 0.630090 0.895867
vt 0.206300 0.816851
vt 0.206502 0.811234
vt 0.170461 0.920892
vt 0.165992 0.920768
vt 0.827957 0.919213
vt 0.828598 0.919349
vt 0.754824 0.855001
vt 0.755078 0.854009
vt 0.805557 0.921374
vt 0.805971 0.920919
vt 0.809974 0.926644
vt 0.805557 0.937297
vt 0.643402 0.859544
vt 0.642061 0.859020
vt 0.748341 0.849213
vt 0.748755 0.858660
vt 0.747871 0.857855
vt 0.768690 0.000070
vt 0.768595 0.003619
vt 0.768374 0.000000
vt 0.767323 0.865456
vt 0.767649 0.871041
vt 0.767323 0.870975
vt 0.704334 0.867660
vt 0.705770 0.871295
vt 0.705424 0.871379
vt 0.671362 0.755450
vt 0.671024 0.779287
vt 0.664046 0.779900
vt 0.664367 0.753897
vt 0.926591 0.445189
vt 0.890545 0.463355
vt 0.878567 0.463948
vt 0.140224 0.937776
vt 0.141709 0.914679
vt 0.146834 0.916973
vt 0.144678 0.936932
vt 0.577628 0.452765
vt 0.573335 0.451095
vt 0.715292 0.610485
vt 0.701402 0.602993
vt 0.708266 0.590124
vt 0.719976 0.601340
vt 0.092282 0.445194
vt 0.079212 0.490195
vt 0.797942 0.688891
vt 0.025613 0.418907
vt 0.008654 0.931161
vt 0.341052 0.924534
vt 0.341537 0.931743
vt 0.338468 0.931741
vt 0.337807 0.924792
vt 0.454295 0.912764
vt 0.751153 0.070322
vt 0.739456 0.092626
vt 0.746724 0.068410
vt 0.223734 0.804018
vt 0.237219 0.799849
vt 0.237071 0.804004
vt 0.940432 0.866850
vt 0.939095 0.851031
vt 0.451330 0.741011
vt 0.814608 0.114759
vt 0.212863 0.217118
vt 0.685435 0.149012
vt 0.636524 0.929538
vt 0.639125 0.931359
vt 0.638638 0.934561
vt 0.636527 0.933214
vt 0.262642 0.926122
vt 0.597979 0.784805
vt 0.586975 0.791628
vt 0.474270 0.755826
vt 0.475586 0.763346
vt 0.470865 0.760886
vt 0.470368 0.750759
vt 0.633292 0.749717
vt 0.629185 0.748541
vt 0.631496 0.743257
vt 0.772461 0.930915
vt 0.769692 0.928310
vt 0.807964 0.118364
vt 0.716140 0.713032
vt 0.711561 0.709245
vt 0.715791 0.703961
vt 0.719854 0.707314
vt 0.177599 0.907195
vt 0.177877 0.915907
vt 0.174880 0.914053
vt 0.173498 0.907092
vt 0.545204 0.416914
vt 0.539967 0.416589
vt 0.192856 0.158438
vt 0.513242 0.753171
vt 0.519867 0.751436
vt 0.520657 0.764266
vt 0.517000 0.762979
vt 0.791811 0.112038
vt 0.943357 0.460799
vt 0.946331 0.462517
vt 0.949200 0.491884
vt 0.945137 0.490755
vt 0.234744 0.898596
vt 0.225364 0.905866
vt 0.642407 0.730368
vt 0.306458 0.080752
vt 0.631915 0.903263
vt 0.640731 0.924037
vt 0.644096 0.922704
vt 0.917228 0.346352
vt 0.079817 0.909292
vt 0.085289 0.908945
vt 0.745680 0.865457
vt 0.741200 0.859926
vt 0.004042 0.903205
vt 0.008254 0.904838
vt 0.059897 0.035211
vt 0.071244 0.023343
vt 0.091350 0.026939
vt 0.081345 0.040996
vt 0.801754 0.661366
vt 0.800341 0.668941
vt 0.078466 0.017333
vt 0.059973 0.021669
vt 0.066628 0.015505
vt 0.285194 0.891421
vt 0.284054 0.880809
vt 0.099891 0.020204
vt 0.135934 0.023828
vt 0.523752 0.662478
vt 0.862265 0.304271
vt 0.454941 0.800689
vt 0.455020 0.812418
vt 0.047849 0.034638
vt 0.927440 0.508635
vt 0.930352 0.510035
vt 0.311415 0.921952
vt 0.308465 0.922683
vt 0.308334 0.920010
vt 0.311612 0.920010
vt 0.556203 0.444044
vt 0.552737 0.443089
vt 0.554041 0.434159
vt 0.557943 0.435183
vt 0.295814 0.859401
vt 0.284054 0.861282
vt 0.711592 0.581530
vt 0.878958 0.008835
vt 0.669748 0.810283
vt 0.593409 0.316765
vt 0.613524 0.263449
vt 0.628378 0.271109
vt 0.606268 0.325352
vt 0.931839 0.398881
vt 0.928059 0.401273
vt 0.936246 0.777858
vt 0.784704 0.769764
vt 0.783575 0.727336
vt 0.790441 0.769226
vt 0.197510 0.199337
vt 0.463359 0.909567
vt 0.513734 0.804213
vt 0.500294 0.803324
vt 0.512026 0.800478
vt 0.346974 0.912373
vt 0.346915 0.935445
vt 0.342712 0.930330
vt 0.342472 0.911940
vt 0.693742 0.827648
vt 0.486389 0.909547
vt 0.484128 0.900934
vt 0.021249 0.102634
vt 0.912192 0.765780
vt 0.919257 0.765691
vt 0.941206 0.319870
vt 0.946638 0.319406
vt 0.346974 0.919286
vt 0.351640 0.919386
vt 0.009730 0.897666
vt 0.003894 0.895134
vt 0.975335 0.025645
vt 0.658207 0.925721
vt 0.655563 0.927446
vt 0.961285 0.042968
vt 0.335950 0.897750
vt 0.339166 0.901075
vt 0.037397 0.122914
vt 0.033501 0.126491
vt 0.178316 0.202568
vt 0.189523 0.191985
vt 0.925941 0.646614
vt 0.927825 0.641469
vt 0.932623 0.642637
vt 0.574027 0.437429
vt 0.600224 0.447051
vt 0.548216 0.430563
vt 0.101550 0.929706
vt 0.098772 0.930252
vt 0.098772 0.926996
vt 0.625887 0.796399
vt 0.644182 0.889836
vt 0.641445 0.890801
vt 0.647092 0.877965
vt 0.647503 0.888157
vt 0.877984 0.005762
vt 0.875052 0.003708
vt 0.007355 0.801403
vt 0.021443 0.813955
vt 0.007977 0.816858
vt 0.042676 0.158720
vt 0.412055 0.878286
vt 0.415849 0.877655
vt 0.484322 0.623782
vt 0.671540 0.876196
vt 0.677066 0.863368
vt 0.675557 0.876400
vt 0.586104 0.506475
vt 0.581953 0.514827
vt 0.578982 0.513558
vt 0.365384 0.928632
vt 0.363126 0.928796
vt 0.361653 0.922829
vt 0.664046 0.747378
vt 0.664005 0.755824
vt 0.024629 0.059396
vt 0.728720 0.679214
vt 0.733025 0.681252
vt 0.095202 0.591489
vt 0.651973 0.868286
vt 0.501212 0.931558
vt 0.498074 0.932559
vt 0.924978 0.070546
vt 0.918402 0.071311
vt 0.050627 0.019927
vt 0.056841 0.014407
vt 0.751572 0.739054
vt 0.741200 0.739288
vt 0.866264 0.870734
vt 0.859115 0.871841
vt 0.385367 0.837868
vt 0.400405 0.925759
vt 0.397611 0.924968
vt 0.766002 0.826963
vt 0.762400 0.826934
vt 0.764883 0.814761
vt 0.252197 0.912215
vt 0.250537 0.913186
vt 0.924663 0.695325
vt 0.929075 0.694855
vt 0.581887 0.454543
vt 0.588312 0.450731
vt 0.584921 0.455945
vt 0.913164 0.639596
vt 0.913838 0.652937
vt 0.909177 0.652159
vt 0.175219 0.831907
vt 0.861951 0.699714
vt 0.870367 0.725263
vt 0.705770 0.900138
vt 0.713532 0.898719
vt 0.847872 0.661051
vt 0.845649 0.661468
vt 0.842636 0.645902
vt 0.843676 0.645771
vt 0.582205 0.626669
vt 0.585921 0.618806
vt 0.588871 0.621885
vt 0.586319 0.628017
vt 0.802126 0.850412
vt 0.805178 0.850819
vt 0.801966 0.868435
vt 0.799793 0.868209
vt 0.732633 0.787898
vt 0.753769 0.754336
vt 0.752758 0.759831
vt 0.748918 0.760481
vt 0.749732 0.754759
vt 0.309585 0.883542
vt 0.912451 0.925858
vt 0.918596 0.925692
vt 0.164856 0.298369
vt 0.507068 0.881471
vt 0.503973 0.879999
vt 0.700987 0.867219
vt 0.696142 0.865216
vt 0.737051 0.697510
vt 0.733240 0.707460
vt 0.679098 0.926540
vt 0.682209 0.923062
vt 0.684035 0.931156
vt 0.679098 0.935857
vt 0.741907 0.749138
vt 0.741328 0.746053
vt 0.623379 0.455371
vt 0.642945 0.454054
vt 0.643467 0.460384
vt 0.654225 0.934666
vt 0.654712 0.931263
vt 0.656940 0.930475
vt 0.655210 0.934681
vt 0.595794 0.724794
vt 0.268675 0.770307
vt 0.266916 0.773481
vt 0.251595 0.811819
vt 0.256882 0.812123
vt 0.258654 0.815821
vt 0.251320 0.815079
vt 0.663130 0.884277
vt 0.288455 0.898590
vt 0.290147 0.898994
vt 0.743700 0.608384
vt 0.732373 0.590958
vt 0.379026 0.922510
vt 0.374234 0.922279
vt 0.380205 0.914136
vt 0.252197 0.891577
vt 0.252049 0.894608
vt 0.865989 0.466528
vt 0.757713 0.754102
vt 0.209936 0.797095
vt 0.209693 0.804104
vt 0.597826 0.455522
vt 0.622384 0.464051
vt 0.660559 0.936719
vt 0.656430 0.937729
vt 0.451292 0.772527
vt 0.447380 0.771804
vt 0.448394 0.759348
vt 0.452116 0.759443
vt 0.455513 0.759260
vt 0.454907 0.773191
vt 0.224178 0.186991
vt 0.931415 0.440178
vt 0.642079 0.855628
vt 0.644986 0.393846
vt 0.059801 0.150303
vt 0.081365 0.180448
vt 0.005618 0.073317
vt 0.014707 0.053219
vt 0.006859 0.074733
vt 0.664046 0.819673
vt 0.000652 0.086394
vt 0.863487 0.518204
vt 0.751358 0.926277
vt 0.754380 0.926279
vt 0.753760 0.931302
vt 0.751358 0.931336
vt 0.873711 0.513853
vt 0.591159 0.854833
vt 0.583477 0.857014
vt 0.586596 0.853092
vt 0.644057 0.831922
vt 0.025250 0.031152
vt 0.013467 0.052279
vt 0.022174 0.030280
vt 0.317953 0.866483
vt 0.322447 0.869715
vt 0.247863 0.750870
vt 0.535316 0.427041
vt 0.526798 0.452762
vt 0.515402 0.451332
vt 0.525404 0.426291
vt 0.000766 0.767708
vt 0.000000 0.753494
vt 0.140648 0.796928
vt 0.145798 0.792268
vt 0.675867 0.890818
vt 0.671542 0.890830
vt 0.016300 0.710105
vt 0.272230 0.913704
vt 0.268033 0.913630
vt 0.267323 0.904514
vt 0.271506 0.904683
vt 0.346074 0.777463
vt 0.346991 0.771338
vt 0.654928 0.743413
vt 0.397545 0.914085
vt 0.390978 0.915044
vt 0.902509 0.839256
vt 0.911237 0.839205
vt 0.915075 0.859969
vt 0.903566 0.860430
vt 0.810680 0.035575
vt 0.814051 0.039152
vt 0.630254 0.461825
vt 0.625923 0.467334
vt 0.621830 0.465403
vt 0.237796 0.883256
vt 0.234744 0.872586
vt 0.245622 0.880372
vt 0.284828 0.279193
vt 0.308603 0.268873
vt 0.764911 0.919719
vt 0.767769 0.918760
vt 0.858064 0.627094
vt 0.855132 0.610501
vt 0.451682 0.840014
vt 0.931214 0.517161
vt 0.934648 0.518352
vt 0.932492 0.520711
vt 0.929953 0.520678
vt 0.435768 0.839398
vt 0.436866 0.851860
vt 0.937418 0.511700
vt 0.939459 0.512350
vt 0.937799 0.517804
vt 0.204656 0.842959
vt 0.936496 0.499239
vt 0.940560 0.479503
vt 0.940114 0.499465
vt 0.945145 0.817468
vt 0.947268 0.805395
vt 0.949141 0.805380
vt 0.949262 0.817106
vt 0.033091 0.007260
vt 0.031080 0.006568
vt 0.033370 0.000000
vt 0.035861 0.001811
vt 0.662184 0.466116
vt 0.767479 0.846569
vt 0.764654 0.847315
vt 0.763949 0.838336
vt 0.767115 0.838223
vt 0.644107 0.904861
vt 0.644925 0.895867
vt 0.650015 0.900334
vt 0.649842 0.904421
vt 0.930439 0.418329
vt 0.080813 0.897666
vt 0.085151 0.895384
vt 0.085272 0.901030
vt 0.080083 0.902489
vt 0.054314 0.931415
vt 0.054244 0.926928
vt 0.526300 0.659615
vt 0.609234 0.834530
vt 0.615806 0.831527
vt 0.436715 0.925159
vt 0.229385 0.222439
vt 0.225900 0.221218
vt 0.051378 0.008570
vt 0.053373 0.004856
vt 0.060257 0.009875
vt 0.555410 0.422388
vt 0.554535 0.427968
vt 0.939832 0.912878
vt 0.934394 0.912219
vt 0.156977 0.916886
vt 0.152768 0.916514
vt 0.153369 0.913954
vt 0.166918 0.292490
vt 0.797544 0.868067
vt 0.798330 0.884949
vt 0.795071 0.867975
vt 0.798794 0.850160
vt 0.750051 0.750842
vt 0.448776 0.833707
vt 0.688762 0.876365
vt 0.688576 0.862591
vt 0.692900 0.862965
vt 0.692244 0.876587
vt 0.419085 0.927189
vt 0.621447 0.829113
vt 0.623014 0.841591
vt 0.793926 0.594771
vt 0.796402 0.542183
vt 0.807811 0.592701
vt 0.712654 0.717812
vt 0.720265 0.722599
vt 0.934485 0.461196
vt 0.928059 0.384440
vt 0.928598 0.357444
vt 0.939508 0.354869
vt 0.935843 0.382880
vt 0.937525 0.414835
vt 0.592369 0.473853
vt 0.760504 0.753551
vt 0.623105 0.661727
vt 0.614569 0.657733
vt 0.614660 0.650480
vt 0.140224 0.905785
vt 0.147851 0.909385
vt 0.922748 0.325024
vt 0.369646 0.927931
vt 0.926591 0.518414
vt 0.928263 0.515311
vt 0.036548 0.778805
vt 0.599028 0.465558
vt 0.615689 0.925190
vt 0.615689 0.919785
vt 0.619801 0.919860
vt 0.184861 0.482473
vt 0.620302 0.903177
vt 0.619291 0.916689
vt 0.943573 0.834276
vt 0.945032 0.851574
vt 0.936974 0.834806
vt 0.266042 0.777187
vt 0.265686 0.780726
vt 0.258502 0.780023
vt 0.258787 0.775748
vt 0.586540 0.923705
vt 0.887549 0.190022
vt 0.437839 0.870506
vt 0.085605 0.207872
vt 0.094886 0.202126
vt 0.039696 0.033488
vt 0.939653 0.414673
vt 0.316810 0.129938
vt 0.328544 0.128467
vt 0.314393 0.173493
vt 0.301499 0.170567
vt 0.689122 0.912936
vt 0.684228 0.913069
vt 0.636434 0.927211
vt 0.640731 0.928011
vt 0.630197 0.758399
vt 0.347020 0.091269
vt 0.340065 0.101809
vt 0.850248 0.660591
vt 0.845105 0.645520
vt 0.259850 0.854190
vt 0.261255 0.847122
vt 0.577451 0.465482
vt 0.709124 0.625568
vt 0.715964 0.628238
vt 0.370195 0.838553
vt 0.369510 0.830655
vt 0.377087 0.831330
vt 0.378277 0.838123
vt 0.389464 0.909619
vt 0.428335 0.254824
vt 0.750083 0.768223
vt 0.747120 0.765362
vt 0.605934 0.514017
vt 0.608463 0.508925
vt 0.610145 0.511441
vt 0.633360 0.458352
vt 0.609036 0.923076
vt 0.608527 0.923459
vt 0.585478 0.864725
vt 0.653541 0.928480
vt 0.653463 0.923829
vt 0.683348 0.819022
vt 0.734097 0.251010
vt 0.745450 0.254569
vt 0.740716 0.271277
vt 0.462874 0.747525
vt 0.461939 0.755722
vt 0.458663 0.758316
vt 0.459925 0.749459
vt 0.661135 0.923501
vt 0.293474 0.924043
vt 0.289085 0.924333
vt 0.288191 0.917863
vt 0.293863 0.919543
vt 0.840969 0.634397
vt 0.840442 0.634206
vt 0.840250 0.630844
vt 0.840693 0.630833
vt 0.839631 0.631005
vt 0.167608 0.213613
vt 0.177271 0.195887
vt 0.813784 0.094031
vt 0.818455 0.098676
vt 0.141309 0.882632
vt 0.143722 0.889578
vt 0.138660 0.890249
vt 0.623965 0.921832
vt 0.238851 0.818319
vt 0.225633 0.813212
vt 0.239006 0.813968
vt 0.210946 0.844683
vt 0.213889 0.851490
vt 0.203668 0.862115
vt 0.844381 0.182879
vt 0.836157 0.161529
vt 0.850700 0.177214
vt 0.183218 0.906797
vt 0.181530 0.915791
vt 0.855254 0.677533
vt 0.280951 0.801651
vt 0.221260 0.219556
vt 0.177158 0.322316
vt 0.608509 0.927295
vt 0.607926 0.927370
vt 0.608308 0.925856
vt 0.935428 0.234953
vt 0.824641 0.589470
vt 0.817023 0.589487
vt 0.830409 0.545702
vt 0.792614 0.932890
vt 0.785241 0.931035
vt 0.786555 0.926860
vt 0.792119 0.927938
vt 0.327489 0.785621
vt 0.324257 0.792090
vt 0.746612 0.780949
vt 0.745452 0.799397
vt 0.606414 0.458747
vt 0.609846 0.460462
vt 0.759309 0.847676
vt 0.754337 0.847115
vt 0.758119 0.854384
vt 0.749564 0.849180
vt 0.228265 0.840280
vt 0.228149 0.836927
vt 0.678103 0.854773
vt 0.895865 0.726029
vt 0.904499 0.726224
vt 0.726107 0.725360
vt 0.616895 0.643071
vt 0.786695 0.442908
vt 0.265436 0.306245
vt 0.289129 0.296291
vt 0.034885 0.879504
vt 0.026333 0.886532
vt 0.022851 0.883231
vt 0.362058 0.737397
vt 0.366475 0.738613
vt 0.503444 0.890906
vt 0.733876 0.661902
vt 0.736917 0.662307
vt 0.732891 0.670805
vt 0.730009 0.669937
vt 0.490502 0.875097
vt 0.484357 0.875860
vt 0.480463 0.850534
vt 0.488626 0.850383
vt 0.928059 0.327388
vt 0.928976 0.310972
vt 0.940522 0.306616
vt 0.196242 0.867692
vt 0.587227 0.937183
vt 0.307830 0.236782
vt 0.825178 0.464831
vt 0.152358 0.864057
vt 0.152196 0.856489
vt 0.154911 0.855846
vt 0.156015 0.863700
vt 0.741200 0.841305
vt 0.736971 0.840235
vt 0.701082 0.816511
vt 0.697842 0.829280
vt 0.696967 0.816177
vt 0.821426 0.029039
vt 0.817979 0.025603
vt 0.824218 0.017005
vt 0.828436 0.019912
vt 0.125936 0.411069
vt 0.111614 0.453845
vt 0.644169 0.921237
vt 0.652262 0.921037
vt 0.652157 0.936992
vt 0.644107 0.935079
vt 0.624382 0.619908
vt 0.624465 0.613215
vt 0.633253 0.617066
vt 0.633470 0.623572
vt 0.931052 0.460773
vt 0.220254 0.754412
vt 0.234236 0.750575
vt 0.233995 0.754233
vt 0.293863 0.912788
vt 0.209085 0.438735
vt 0.200268 0.436089
vt 0.644107 0.895867
vt 0.188508 0.432234
vt 0.207319 0.389951
vt 0.458395 0.803190
vt 0.460407 0.814352
vt 0.930329 0.835103
vt 0.827507 0.438059
vt 0.928702 0.875424
vt 0.935020 0.875886
vt 0.830686 0.590160
vt 0.833761 0.590557
vt 0.649924 0.850531
vt 0.827241 0.917616
vt 0.454951 0.787092
vt 0.458103 0.773330
vt 0.355924 0.912700
vt 0.359522 0.912656
vt 0.607959 0.814688
vt 0.458370 0.788627
vt 0.461080 0.773672
vt 0.461420 0.791065
vt 0.056181 0.923724
vt 0.710084 0.114272
vt 0.337495 0.914630
vt 0.340430 0.914369
vt 0.714127 0.361036
vt 0.890408 0.741319
vt 0.891185 0.750847
vt 0.181682 0.293464
vt 0.167017 0.288709
vt 0.166688 0.280614
vt 0.653997 0.917787
vt 0.657093 0.912147
vt 0.128827 0.883451
vt 0.123947 0.880700
vt 0.742552 0.765549
vt 0.744293 0.765301
vt 0.653207 0.931520
vt 0.147446 0.763449
vt 0.128005 0.761433
vt 0.147694 0.759206
vt 0.409963 0.243365
vt 0.414069 0.223830
vt 0.422997 0.227658
vt 0.407814 0.856101
vt 0.406163 0.843972
vt 0.408551 0.844397
vt 0.410347 0.855622
vt 0.589682 0.507798
vt 0.585187 0.515825
vt 0.425746 0.904086
vt 0.425342 0.913730
vt 0.160433 0.112666
vt 0.829197 0.922552
vt 0.828658 0.922466
vt 0.828362 0.920856
vt 0.829035 0.921077
vt 0.456589 0.750755
vt 0.198210 0.013526
vt 0.199664 0.016127
vt 0.136875 0.800173
vt 0.172183 0.087946
vt 0.174931 0.106747
vt 0.183596 0.062176
vt 0.535538 0.449187
vt 0.537054 0.439990
vt 0.177207 0.101474
vt 0.246309 0.902193
vt 0.745509 0.923661
vt 0.741200 0.926277
vt 0.742657 0.902657
vt 0.748793 0.900306
vt 0.183469 0.088359
vt 0.494125 0.875587
vt 0.945309 0.916777
vt 0.941351 0.917064
vt 0.060414 0.822327
vt 0.039581 0.826632
vt 0.472847 0.838648
vt 0.573385 0.729388
vt 0.571526 0.727264
vt 0.949657 0.671286
vt 0.946348 0.669824
vt 0.673933 0.741838
vt 0.680649 0.741650
vt 0.672136 0.747107
vt 0.029478 0.014963
vt 0.033192 0.016087
vt 0.448897 0.840018
vt 0.446603 0.839953
vt 0.909880 0.818137
vt 0.917592 0.818192
vt 0.918689 0.839114
vt 0.914800 0.295924
vt 0.704255 0.890714
vt 0.704255 0.900760
vt 0.700361 0.901259
vt 0.700314 0.891035
vt 0.380699 0.778981
vt 0.389290 0.782462
vt 0.378126 0.794888
vt 0.500024 0.652117
vt 0.266387 0.057058
vt 0.906199 0.626595
vt 0.909749 0.626595
vt 0.909293 0.630833
vt 0.906549 0.629710
vt 0.960301 0.021372
vt 0.147288 0.751975
vt 0.125555 0.756663
vt 0.145057 0.747226
vt 0.924889 0.686537
vt 0.929307 0.686825
vt 0.946662 0.531360
vt 0.950827 0.531631
vt 0.947777 0.539832
vt 0.943634 0.541677
vt 0.730346 0.841305
vt 0.734804 0.841947
vt 0.741433 0.065993
vt 0.749136 0.045423
vt 0.846007 0.198497
vt 0.849077 0.206507
vt 0.837628 0.185435
vt 0.150421 0.856883
vt 0.149476 0.853060
vt 0.151188 0.851438
vt 0.658444 0.581088
vt 0.653804 0.578441
vt 0.901893 0.917145
vt 0.906483 0.914453
vt 0.188449 0.875041
vt 0.188282 0.895819
vt 0.181290 0.893467
vt 0.180903 0.872520
vt 0.576518 0.917639
vt 0.581231 0.917065
vt 0.583170 0.928386
vt 0.577423 0.925373
vt 0.104641 0.015460
vt 0.902969 0.797366
vt 0.904088 0.778278
vt 0.945595 0.405077
vt 0.947853 0.406431
vt 0.946562 0.415755
vt 0.944023 0.414098
vt 0.108092 0.158002
vt 0.829326 0.918291
vt 0.829433 0.919502
vt 0.853648 0.173764
vt 0.041087 0.001852
vt 0.045816 0.003376
vt 0.044079 0.006754
vt 0.039347 0.004245
vt 0.679918 0.862330
vt 0.683935 0.862527
vt 0.684431 0.876247
vt 0.680160 0.876134
vt 0.360343 0.746661
vt 0.360083 0.741391
vt 0.627407 0.774478
vt 0.186183 0.380220
vt 0.160217 0.371850
vt 0.939624 0.412114
vt 0.503267 0.815803
vt 0.499010 0.816858
vt 0.088816 0.921598
vt 0.088807 0.910014
vt 0.092594 0.911363
vt 0.755847 0.865457
vt 0.758393 0.867278
vt 0.758905 0.873156
vt 0.119633 0.924295
vt 0.116142 0.924595
vt 0.946224 0.288109
vt 0.946149 0.305767
vt 0.940683 0.305289
vt 0.940522 0.289214
vt 0.732381 0.839200
vt 0.727202 0.837813
vt 0.607676 0.693257
vt 0.829225 0.502388
vt 0.906309 0.939015
vt 0.904262 0.939056
vt 0.903413 0.932102
vt 0.906111 0.931069
vt 0.282925 0.796998
vt 0.284054 0.799590
vt 0.227923 0.199146
vt 0.231488 0.189305
vt 0.193251 0.786517
vt 0.192473 0.761693
vt 0.873360 0.038686
vt 0.934145 0.408112
vt 0.426506 0.928210
vt 0.425807 0.936987
vt 0.938305 0.709342
vt 0.741343 0.663424
vt 0.735821 0.788898
vt 0.737087 0.811165
vt 0.552029 0.930094
vt 0.551066 0.916911
vt 0.555293 0.919087
vt 0.556671 0.930184
vt 0.817468 0.042694
vt 0.824869 0.032460
vt 0.827755 0.035607
vt 0.820334 0.045784
vt 0.618434 0.668493
vt 0.608899 0.664287
vt 0.630249 0.738745
vt 0.633669 0.739664
vt 0.628086 0.742068
vt 0.647844 0.743319
vt 0.764911 0.928047
vt 0.767607 0.927852
vt 0.614850 0.857775
vt 0.608580 0.854303
vt 0.617075 0.854208
vt 0.263589 0.913422
vt 0.578037 0.624350
vt 0.929755 0.677438
vt 0.925233 0.676915
vt 0.163380 0.796259
vt 0.828714 0.107121
vt 0.590972 0.916149
vt 0.594725 0.916021
vt 0.641141 0.871964
vt 0.134468 0.891965
vt 0.551892 0.482067
vt 0.548911 0.481670
vt 0.551522 0.472057
vt 0.554813 0.473172
vt 0.949715 0.262670
vt 0.863736 0.912138
vt 0.868529 0.908966
vt 0.444215 0.903710
vt 0.447362 0.930657
vt 0.441025 0.933045
vt 0.441334 0.904706
vt 0.581978 0.890631
vt 0.583170 0.887159
vt 0.582067 0.906592
vt 0.576746 0.908844
vt 0.758591 0.910744
vt 0.755215 0.913368
vt 0.755848 0.895389
vt 0.107944 0.011213
vt 0.082708 0.012713
vt 0.829675 0.917501
vt 0.830034 0.917501
vt 0.829958 0.918263
vt 0.603649 0.513337
vt 0.925919 0.666650
vt 0.922951 0.665877
vt 0.169705 0.216494
vt 0.139157 0.918554
vt 0.129890 0.920762
vt 0.129846 0.913965
vt 0.892245 0.639527
vt 0.890490 0.632143
vt 0.395226 0.247831
vt 0.579111 0.799192
vt 0.285329 0.897639
vt 0.213561 0.779958
vt 0.399055 0.879134
vt 0.776888 0.092315
vt 0.213917 0.890826
vt 0.087651 0.005712
vt 0.110644 0.007349
vt 0.085458 0.009054
vt 0.389830 0.830904
vt 0.384921 0.831361
vt 0.904937 0.873307
vt 0.163928 0.267990
vt 0.918971 0.757848
vt 0.280039 0.794054
vt 0.580346 0.520000
vt 0.578016 0.518706
vt 0.380284 0.845834
vt 0.382221 0.857000
vt 0.318390 0.930348
vt 0.311612 0.930951
vt 0.311612 0.922385
vt 0.318909 0.920010
vt 0.647891 0.603234
vt 0.648736 0.612074
vt 0.140224 0.930044
vt 0.131436 0.928733
vt 0.376085 0.746666
vt 0.379018 0.760091
vt 0.089155 0.794197
vt 0.911938 0.726263
vt 0.586657 0.916552
vt 0.586512 0.904974
vt 0.981831 0.254363
vt 0.764330 0.031811
vt 0.765361 0.015114
vt 0.766133 0.015378
vt 0.560120 0.912917
vt 0.562514 0.912578
vt 0.701294 0.111979
vt 0.719088 0.084931
vt 0.724841 0.087137
vt 0.206467 0.822235
vt 0.761490 0.778094
vt 0.762543 0.789512
vt 0.247566 0.754194
vt 0.635123 0.817511
vt 0.643998 0.794854
vt 0.640281 0.817914
vt 0.601782 0.456837
vt 0.604010 0.451454
vt 0.052533 0.381783
vt 0.041209 0.427721
vt 0.652162 0.771167
vt 0.608135 0.923043
vt 0.607585 0.922988
vt 0.872718 0.919177
vt 0.874032 0.931016
vt 0.868529 0.930511
vt 0.868870 0.918514
vt 0.279440 0.918868
vt 0.276876 0.917372
vt 0.360653 0.790665
vt 0.361601 0.772957
vt 0.309488 0.896926
vt 0.307673 0.891545
vt 0.594857 0.919970
vt 0.365261 0.791953
vt 0.370837 0.793050
vt 0.294474 0.904037
vt 0.236933 0.858970
vt 0.603048 0.913747
vt 0.633586 0.214383
vt 0.991118 0.261930
vt 0.997085 0.265582
vt 0.994650 0.273869
vt 0.526267 0.923795
vt 0.709127 0.739521
vt 0.005868 0.838052
vt 0.000878 0.819977
vt 0.010672 0.831557
vt 0.360084 0.914085
vt 0.902353 0.818377
vt 0.880007 0.908966
vt 0.875131 0.910497
vt 0.166384 0.932614
vt 0.170436 0.933110
vt 0.153473 0.850367
vt 0.156389 0.849362
vt 0.158145 0.854905
vt 0.857349 0.800908
vt 0.058438 0.795277
vt 0.925629 0.888839
vt 0.930884 0.891097
vt 0.907394 0.446953
vt 0.902645 0.426520
vt 0.829740 0.922638
vt 0.829826 0.921284
vt 0.460467 0.838579
vt 0.461086 0.842188
vt 0.638272 0.937978
vt 0.636265 0.937703
vt 0.722077 0.686604
vt 0.726425 0.677971
vt 0.845272 0.908815
vt 0.846398 0.906415
vt 0.917411 0.639759
vt 0.918294 0.652728
vt 0.612248 0.636103
vt 0.912619 0.631921
vt 0.792704 0.867900
vt 0.919832 0.690401
vt 0.920722 0.707980
vt 0.915894 0.708080
vt 0.915458 0.690288
vt 0.928940 0.058703
vt 0.734411 0.210004
vt 0.734113 0.168277
vt 0.740809 0.171311
vt 0.935800 0.890011
vt 0.941033 0.891034
vt 0.940725 0.901640
vt 0.935409 0.900115
vt 0.630701 0.889718
vt 0.806318 0.920644
vt 0.809832 0.923733
vt 0.514771 0.925531
vt 0.519674 0.923795
vt 0.165513 0.902473
vt 0.165592 0.890671
vt 0.643860 0.860867
vt 0.640775 0.864238
vt 0.289124 0.238105
vt 0.593260 0.454609
vt 0.596923 0.455427
vt 0.547726 0.470644
vt 0.070373 0.010904
vt 0.204025 0.202059
vt 0.216789 0.207138
vt 0.554452 0.417125
vt 0.654201 0.899361
vt 0.091885 0.807503
vt 0.044257 0.610284
vt 0.035084 0.607813
vt 0.894025 0.690203
vt 0.893954 0.670984
vt 0.026134 0.606225
vt 0.022914 0.669861
vt 0.032394 0.644458
vt 0.038928 0.646831
vt 0.091945 0.542440
vt 0.107706 0.499025
vt 0.223154 0.247933
vt 0.227570 0.235260
vt 0.636265 0.922704
vt 0.636265 0.932978
vt 0.631765 0.931626
vt 0.632720 0.938441
vt 0.709866 0.722318
vt 0.760486 0.854634
vt 0.143390 0.416242
vt 0.168535 0.425279
vt 0.150014 0.466329
vt 0.126082 0.458775
vt 0.846851 0.519759
vt 0.904959 0.563017
vt 0.898467 0.563410
vt 0.247125 0.757905
vt 0.233962 0.757174
vt 0.170929 0.944701
vt 0.166703 0.943765
vt 0.707699 0.906093
vt 0.714346 0.904326
vt 0.716439 0.908653
vt 0.711426 0.910382
vt 0.923386 0.873369
vt 0.361123 0.756902
vt 0.723350 0.908102
vt 0.921413 0.726150
vt 0.916353 0.726321
vt 0.220035 0.757626
vt 0.737446 0.683279
vt 0.159913 0.277261
vt 0.155357 0.264007
vt 0.114680 0.853381
vt 0.124059 0.860799
vt 0.650879 0.845708
vt 0.700833 0.880209
vt 0.696290 0.879694
vt 0.575673 0.515904
vt 0.574801 0.510958
vt 0.577091 0.510774
vt 0.821383 0.301549
vt 0.824538 0.304496
vt 0.404604 0.836984
vt 0.905431 0.765762
vt 0.187982 0.835777
vt 0.192473 0.832227
vt 0.259391 0.771593
vt 0.898437 0.608844
vt 0.904875 0.621481
vt 0.898510 0.615277
vt 0.703916 0.740811
vt 0.240737 0.848563
vt 0.917858 0.606367
vt 0.672503 0.823246
vt 0.677485 0.821637
vt 0.670156 0.838903
vt 0.009526 0.915786
vt 0.012636 0.915041
vt 0.760140 0.838208
vt 0.761886 0.847529
vt 0.118987 0.921185
vt 0.123177 0.922653
vt 0.122726 0.925821
vt 0.157945 0.279038
vt 0.931807 0.622371
vt 0.922695 0.626983
vt 0.788085 0.908073
vt 0.791010 0.908569
vt 0.791598 0.920640
vt 0.787291 0.920332
vt 0.211998 0.754655
vt 0.943969 0.716700
vt 0.945430 0.720880
vt 0.938614 0.719886
vt 0.243592 0.914443
vt 0.242980 0.928294
vt 0.234744 0.929462
vt 0.236069 0.913186
vt 0.260238 0.912971
vt 0.675749 0.147134
vt 0.204443 0.277569
vt 0.462874 0.845007
vt 0.459698 0.846321
vt 0.448894 0.854421
vt 0.930634 0.666800
vt 0.677004 0.848506
vt 0.679098 0.850415
vt 0.639938 0.922704
vt 0.636265 0.923521
vt 0.425316 0.917163
vt 0.214656 0.804942
vt 0.425127 0.919557
vt 0.616638 0.930153
vt 0.628164 0.611393
vt 0.630445 0.605185
vt 0.639604 0.608625
vt 0.637119 0.614939
vt 0.426474 0.919648
vt 0.426782 0.919561
vt 0.411261 0.867901
vt 0.166527 0.028089
vt 0.590002 0.879272
vt 0.737308 0.672368
vt 0.148718 0.783918
vt 0.141083 0.787776
vt 0.044648 0.379004
vt 0.708958 0.714007
vt 0.941004 0.578729
vt 0.941263 0.575181
vt 0.944380 0.575314
vt 0.943458 0.579418
vt 0.706245 0.715768
vt 0.922469 0.639147
vt 0.924241 0.636802
vt 0.928621 0.636972
vt 0.941185 0.570246
vt 0.944510 0.570759
vt 0.746881 0.628196
vt 0.308600 0.928367
vt 0.311255 0.926100
vt 0.876016 0.908966
vt 0.865349 0.902455
vt 0.874284 0.905124
vt 0.033358 0.928622
vt 0.030687 0.927968
vt 0.899165 0.779062
vt 0.607234 0.927467
vt 0.566987 0.438222
vt 0.562575 0.436638
vt 0.430710 0.928992
vt 0.429619 0.904193
vt 0.829164 0.661824
vt 0.457028 0.880557
vt 0.460069 0.880194
vt 0.206523 0.757844
vt 0.211660 0.757547
vt 0.809385 0.310885
vt 0.198507 0.188968
vt 0.200789 0.179011
vt 0.762307 0.013861
vt 0.408943 0.878371
vt 0.421394 0.893579
vt 0.800519 0.828010
vt 0.696231 0.913246
vt 0.699914 0.913210
vt 0.699901 0.929578
vt 0.696765 0.925448
vt 0.626060 0.747602
vt 0.272356 0.919404
vt 0.544612 0.930184
vt 0.545842 0.917881
vt 0.040528 0.474571
vt 0.603312 0.905156
vt 0.220387 0.774364
vt 0.087802 0.782571
vt 0.092530 0.792403
vt 0.623965 0.849503
vt 0.037009 0.008868
vt 0.644240 0.474875
vt 0.640382 0.482836
vt 0.723490 0.913924
vt 0.725481 0.606512
vt 0.721559 0.613567
vt 0.190041 0.869189
vt 0.188960 0.847414
vt 0.192473 0.846283
vt 0.192473 0.867260
vt 0.653080 0.934648
vt 0.921412 0.748152
vt 0.895155 0.779096
vt 0.883122 0.906401
vt 0.894224 0.383332
vt 0.703892 0.912061
vt 0.702301 0.923669
vt 0.364157 0.837002
vt 0.921412 0.629302
vt 0.928390 0.631737
vt 0.555995 0.458440
vt 0.552366 0.457048
vt 0.560244 0.445270
vt 0.934061 0.753381
vt 0.944031 0.725454
vt 0.943512 0.725837
vt 0.941698 0.724313
vt 0.943311 0.723475
vt 0.919257 0.849944
vt 0.919257 0.868727
vt 0.943796 0.719924
vt 0.945554 0.721432
vt 0.943489 0.717769
vt 0.945218 0.717781
vt 0.270037 0.853124
vt 0.113405 0.929319
vt 0.114043 0.938255
vt 0.111992 0.937951
vt 0.109584 0.926376
vt 0.276133 0.865724
vt 0.276367 0.871619
vt 0.325264 0.861282
vt 0.329545 0.863428
vt 0.439368 0.867511
vt 0.439368 0.858600
vt 0.440007 0.859166
vt 0.440989 0.863947
vt 0.246961 0.930411
vt 0.246184 0.926578
vt 0.248966 0.926789
vt 0.249125 0.932883
vt 0.249032 0.939159
vt 0.247066 0.939827
vt 0.484763 0.792481
vt 0.251864 0.926884
vt 0.249767 0.932900
vt 0.052858 0.914817
vt 0.053897 0.920776
vt 0.051651 0.922950
vt 0.051651 0.914829
vt 0.920445 0.846828
vt 0.921733 0.844611
vt 0.922036 0.850230
vt 0.556670 0.936321
vt 0.561789 0.936820
vt 0.933382 0.511149
vt 0.257412 0.173659
vt 0.251935 0.170945
vt 0.365207 0.830804
vt 0.769059 0.538729
vt 0.778816 0.494717
vt 0.514771 0.930039
vt 0.246912 0.943818
vt 0.248833 0.942315
vt 0.125079 0.797422
vt 0.347035 0.901212
vt 0.350823 0.901190
vt 0.351195 0.912782
vt 0.347312 0.912783
vt 0.869252 0.908966
vt 0.871285 0.909240
vt 0.478368 0.640646
vt 0.257753 0.864140
vt 0.914631 0.670715
vt 0.732783 0.728238
vt 0.735890 0.730615
vt 0.451059 0.894742
vt 0.454603 0.894604
vt 0.554555 0.887159
vt 0.170819 0.873734
vt 0.166819 0.860682
vt 0.731960 0.089266
vt 0.332299 0.792485
vt 0.335240 0.785871
vt 0.341991 0.786492
vt 0.339144 0.793298
vt 0.232290 0.222611
vt 0.230807 0.235134
vt 0.816074 0.631354
vt 0.807122 0.631589
vt 0.310241 0.861282
vt 0.399284 0.229040
vt 0.121335 0.928530
vt 0.919257 0.869541
vt 0.756822 0.931644
vt 0.754380 0.932645
vt 0.550040 0.902736
vt 0.949601 0.579418
vt 0.947276 0.583200
vt 0.036207 0.890741
vt 0.702458 0.798432
vt 0.700280 0.799164
vt 0.176391 0.052811
vt 0.169352 0.083472
vt 0.646265 0.576532
vt 0.647741 0.556451
vt 0.233411 0.924476
vt 0.234744 0.935386
vt 0.229107 0.934662
vt 0.229107 0.922045
vt 0.718518 0.913924
vt 0.731905 0.913924
vt 0.748826 0.620508
vt 0.720272 0.897398
vt 0.936067 0.637345
vt 0.319213 0.768932
vt 0.319940 0.774775
vt 0.243592 0.934656
vt 0.235696 0.936832
vt 0.850840 0.122247
vt 0.261860 0.891003
vt 0.266216 0.891039
vt 0.263148 0.904343
vt 0.042625 0.749635
vt 0.063411 0.754697
vt 0.250131 0.891577
vt 0.757950 0.826813
vt 0.626584 0.758749
vt 0.197996 0.010664
vt 0.743064 0.882776
vt 0.741594 0.870624
vt 0.744101 0.872654
vt 0.749939 0.883466
vt 0.160413 0.916786
vt 0.741200 0.865927
vt 0.744309 0.865457
vt 0.748302 0.870610
vt 0.102239 0.891924
vt 0.104988 0.882338
vt 0.109584 0.884414
vt 0.108576 0.891761
vt 0.547065 0.485619
vt 0.672878 0.922743
vt 0.675136 0.924378
vt 0.619612 0.885666
vt 0.360083 0.808123
vt 0.605836 0.772694
vt 0.583477 0.748298
vt 0.591904 0.738745
vt 0.313379 0.134356
vt 0.611448 0.777311
vt 0.614393 0.811152
vt 0.582915 0.616752
vt 0.585039 0.614272
vt 0.586867 0.614721
vt 0.156483 0.846283
vt 0.150825 0.836464
vt 0.153583 0.832501
vt 0.159909 0.843245
vt 0.698631 0.739976
vt 0.776203 0.927919
vt 0.775834 0.930915
vt 0.918596 0.883014
vt 0.915080 0.882339
vt 0.901940 0.939986
vt 0.901847 0.931261
vt 0.252197 0.939114
vt 0.251788 0.942129
vt 0.623612 0.854556
vt 0.620555 0.857199
vt 0.735017 0.245686
vt 0.746888 0.249162
vt 0.962425 0.014467
vt 0.964521 0.008961
vt 0.755948 0.028710
vt 0.072506 0.624096
vt 0.096203 0.494056
vt 0.079033 0.537902
vt 0.755874 0.863653
vt 0.757766 0.859609
vt 0.913678 0.593403
vt 0.906013 0.594892
vt 0.170689 0.746972
vt 0.176943 0.749541
vt 0.175012 0.752621
vt 0.762690 0.854966
vt 0.422075 0.820486
vt 0.417122 0.822443
vt 0.598014 0.449558
vt 0.141856 0.740826
vt 0.869809 0.119512
vt 0.866283 0.128060
vt 0.140283 0.744440
vt 0.497827 0.655159
vt 0.496142 0.658042
vt 0.473572 0.647818
vt 0.475827 0.644434
vt 0.317655 0.108255
vt 0.319954 0.106666
vt 0.303122 0.134534
vt 0.620648 0.477458
vt 0.378329 0.928830
vt 0.374780 0.927866
vt 0.884846 0.946868
vt 0.880735 0.942687
vt 0.880636 0.932753
vt 0.885685 0.932936
vt 0.384112 0.922614
vt 0.382359 0.927934
vt 0.129406 0.859961
vt 0.336867 0.086357
vt 0.258982 0.322671
vt 0.322033 0.760854
vt 0.321592 0.767567
vt 0.207250 0.744449
vt 0.448139 0.740204
vt 0.447805 0.742987
vt 0.698544 0.681687
vt 0.694139 0.698842
vt 0.870495 0.841178
vt 0.868529 0.947644
vt 0.863922 0.948937
vt 0.680393 0.904493
vt 0.679431 0.913009
vt 0.002942 0.737397
vt 0.008993 0.738947
vt 0.000912 0.743485
vt 0.384424 0.877118
vt 0.130700 0.784175
vt 0.135238 0.791483
vt 0.129973 0.795165
vt 0.125219 0.789565
vt 0.722931 0.883809
vt 0.923976 0.349604
vt 0.552727 0.375205
vt 0.566470 0.353212
vt 0.917284 0.754988
vt 0.774434 0.085418
vt 0.772192 0.080883
vt 0.784521 0.920696
vt 0.784868 0.908197
vt 0.750158 0.859130
vt 0.239469 0.904798
vt 0.120823 0.793208
vt 0.885139 0.177375
vt 0.892458 0.184199
vt 0.904351 0.880017
vt 0.918666 0.879077
vt 0.922667 0.644368
vt 0.458557 0.894308
vt 0.664046 0.934624
vt 0.850017 0.343059
vt 0.850774 0.308669
vt 0.195153 0.188866
vt 0.817374 0.899344
vt 0.826992 0.899133
vt 0.553598 0.868357
vt 0.562300 0.852863
vt 0.928193 0.880584
vt 0.932728 0.883386
vt 0.315374 0.288461
vt 0.606763 0.919240
vt 0.347318 0.887564
vt 0.013599 0.666462
vt 0.017960 0.667950
vt 0.251752 0.795185
vt 0.251485 0.799870
vt 0.237394 0.795186
vt 0.402092 0.937405
vt 0.556605 0.488739
vt 0.561617 0.475606
vt 0.754017 0.028023
vt 0.746050 0.044284
vt 0.743236 0.043093
vt 0.752126 0.027256
vt 0.617492 0.463496
vt 0.586346 0.891956
vt 0.636732 0.487932
vt 0.234413 0.746950
vt 0.221404 0.743568
vt 0.234469 0.744750
vt 0.238673 0.822634
vt 0.911898 0.562381
vt 0.166173 0.010378
vt 0.200669 0.194952
vt 0.275892 0.779483
vt 0.274807 0.774522
vt 0.920742 0.589752
vt 0.924402 0.880584
vt 0.919472 0.878271
vt 0.265272 0.820372
vt 0.265839 0.822420
vt 0.425028 0.939571
vt 0.619405 0.808191
vt 0.853111 0.184133
vt 0.897861 0.798179
vt 0.893919 0.798434
vt 0.881493 0.172572
vt 0.289762 0.914126
vt 0.293456 0.915224
vt 0.644107 0.908612
vt 0.157082 0.828844
vt 0.163752 0.840310
vt 0.095863 0.808309
vt 0.093757 0.820364
vt 0.602596 0.892067
vt 0.232200 0.774441
vt 0.232475 0.769855
vt 0.246786 0.770621
vt 0.246494 0.774875
vt 0.845329 0.473442
vt 0.462497 0.902814
vt 0.269579 0.876454
vt 0.273093 0.876257
vt 0.273668 0.890923
vt 0.270515 0.891045
vt 0.554485 0.427321
vt 0.615670 0.489753
vt 0.841644 0.759879
vt 0.594248 0.448943
vt 0.095413 0.911172
vt 0.539770 0.933848
vt 0.538873 0.936275
vt 0.875442 0.864138
vt 0.264657 0.817312
vt 0.683531 0.853903
vt 0.568807 0.492202
vt 0.754380 0.880408
vt 0.000000 0.800179
vt 0.742693 0.811470
vt 0.696225 0.890944
vt 0.696185 0.901427
vt 0.448471 0.737397
vt 0.704214 0.880326
vt 0.436510 0.232875
vt 0.161617 0.853590
vt 0.456804 0.856076
vt 0.452008 0.853645
vt 0.453286 0.852005
vt 0.827747 0.080466
vt 0.842443 0.065280
vt 0.990875 0.281895
vt 0.901111 0.651798
vt 0.916555 0.741969
vt 0.265036 0.795675
vt 0.233154 0.398634
vt 0.214596 0.441158
vt 0.889892 0.725485
vt 0.407713 0.932081
vt 0.791735 0.068374
vt 0.401944 0.933046
vt 0.770987 0.086192
vt 0.768690 0.081981
vt 0.664263 0.875950
vt 0.666948 0.875998
vt 0.790755 0.867802
vt 0.789100 0.849711
vt 0.583815 0.891959
vt 0.745548 0.664534
vt 0.741762 0.673834
vt 0.762471 0.860686
vt 0.759877 0.859903
vt 0.736328 0.064089
vt 0.037697 0.882628
vt 0.787305 0.899133
vt 0.789639 0.899444
vt 0.385911 0.914085
vt 0.224174 0.786696
vt 0.237754 0.787362
vt 0.237591 0.790320
vt 0.223987 0.790211
vt 0.941422 0.815782
vt 0.938973 0.796608
vt 0.446909 0.751309
vt 0.447393 0.746604
vt 0.919063 0.670211
vt 0.156999 0.876163
vt 0.189914 0.484886
vt 0.855894 0.050050
vt 0.153214 0.890708
vt 0.358403 0.900965
vt 0.355370 0.901094
vt 0.358157 0.887576
vt 0.152676 0.876365
vt 0.693017 0.901313
vt 0.692900 0.890899
vt 0.213939 0.812269
vt 0.572448 0.479512
vt 0.012643 0.933952
vt 0.008926 0.933939
vt 0.168198 0.837322
vt 0.845110 0.679203
vt 0.843155 0.661862
vt 0.265199 0.876614
vt 0.263725 0.863240
vt 0.268383 0.862712
vt 0.761348 0.049421
vt 0.894945 0.708720
vt 0.904128 0.708269
vt 0.796306 0.802107
vt 0.802493 0.801865
vt 0.252066 0.790425
vt 0.623964 0.775927
vt 0.272203 0.862249
vt 0.000387 0.735272
vt 0.000032 0.735476
vt 0.794540 0.897991
vt 0.837314 0.545596
vt 0.000477 0.734751
vt 0.440272 0.743389
vt 0.440279 0.742650
vt 0.440571 0.745496
vt 0.440272 0.745710
vt 0.000000 0.736893
vt 0.232746 0.766055
vt 0.611238 0.501508
vt 0.246231 0.779284
vt 0.842026 0.636928
vt 0.643735 0.593273
vt 0.638338 0.599838
vt 0.842014 0.634213
vt 0.461418 0.893989
vt 0.140980 0.008821
vt 0.025541 0.694867
vt 0.922722 0.676001
vt 0.898469 0.595829
vt 0.000776 0.737299
vt 0.000300 0.737050
vt 0.440504 0.752193
vt 0.440504 0.754451
vt 0.440272 0.752601
vt 0.001198 0.737397
vt 0.407676 0.936318
vt 0.760816 0.013109
vt 0.847172 0.702431
vt 0.849912 0.727560
vt 0.844434 0.727878
vt 0.842864 0.702968
vt 0.791797 0.884253
vt 0.265675 0.791162
vt 0.273949 0.791709
vt 0.775492 0.595747
vt 0.150957 0.890581
vt 0.272296 0.925326
vt 0.533308 0.825811
vt 0.540915 0.821439
vt 0.544575 0.865663
vt 0.534721 0.872021
vt 0.124497 0.880700
vt 0.117684 0.876399
vt 0.121742 0.870913
vt 0.129846 0.872074
vt 0.898437 0.523730
vt 0.542267 0.885438
vt 0.533308 0.891035
vt 0.893160 0.511718
vt 0.207452 0.740395
vt 0.212870 0.741773
vt 0.444649 0.148535
vt 0.462874 0.160832
vt 0.462204 0.164724
vt 0.945032 0.782136
vt 0.947659 0.754057
vt 0.949464 0.755994
vt 0.947068 0.781007
vt 0.949464 0.802500
vt 0.947097 0.805380
vt 0.579439 0.423547
vt 0.563576 0.419850
vt 0.555418 0.415924
vt 0.556240 0.422417
vt 0.764877 0.894342
vt 0.764877 0.865457
vt 0.767323 0.875671
vt 0.765961 0.894034
vt 0.904983 0.412466
vt 0.906398 0.405754
vt 0.916455 0.405077
vt 0.880545 0.908966
vt 0.886027 0.909251
vt 0.886136 0.920455
vt 0.880545 0.920330
vt 0.478669 0.593817
vt 0.480059 0.586282
vt 0.483675 0.568202
vt 0.471895 0.584237
vt 0.473358 0.570072
vt 0.473958 0.550828
vt 0.470131 0.591470
vt 0.464181 0.585738
vt 0.467212 0.574094
vt 0.507652 0.821439
vt 0.478490 0.598997
vt 0.470403 0.595695
vt 0.462874 0.589800
vt 0.585352 0.937327
vt 0.584178 0.933292
vt 0.833885 0.899133
vt 0.832318 0.901170
vt 0.828181 0.343760
vt 0.808846 0.654905
vt 0.805465 0.650019
vt 0.261419 0.876725
vt 0.331483 0.768021
vt 0.333072 0.762499
vt 0.812832 0.056293
vt 0.019703 0.743179
vt 0.663989 0.832915
vt 0.662240 0.840429
vt 0.940936 0.632407
vt 0.836225 0.001225
vt 0.848225 0.003884
vt 0.386664 0.950586
vt 0.385911 0.938567
vt 0.390978 0.937596
vt 0.390974 0.947435
vt 0.631765 0.901812
vt 0.634534 0.899762
vt 0.636153 0.898757
vt 0.921413 0.741839
vt 0.684654 0.924638
vt 0.686558 0.925985
vt 0.686712 0.926470
vt 0.684035 0.928586
vt 0.440596 0.755810
vt 0.440272 0.754907
vt 0.440596 0.754451
vt 0.684035 0.923062
vt 0.591878 0.871002
vt 0.593182 0.878858
vt 0.705715 0.874862
vt 0.705715 0.877017
vt 0.704334 0.874937
vt 0.103666 0.929391
vt 0.103640 0.926520
vt 0.106562 0.926473
vt 0.106562 0.929506
vt 0.019684 0.640197
vt 0.025878 0.642034
vt 0.627081 0.838324
vt 0.630357 0.838253
vt 0.453494 0.922703
vt 0.455896 0.922267
vt 0.928059 0.288109
vt 0.940295 0.288120
vt 0.681016 0.842825
vt 0.684379 0.839464
vt 0.841561 0.679731
vt 0.840762 0.662223
vt 0.841576 0.646086
vt 0.840841 0.728496
vt 0.238594 0.825414
vt 0.266090 0.782721
vt 0.258523 0.782531
vt 0.239174 0.811248
vt 0.760157 0.880698
vt 0.757912 0.863597
vt 0.760689 0.863327
vt 0.795869 0.654731
vt 0.796794 0.636226
vt 0.911508 0.708081
vt 0.169596 0.521081
vt 0.563982 0.446603
vt 0.774463 0.688378
vt 0.768690 0.646472
vt 0.680521 0.890848
vt 1.000000 0.267569
vt 0.998949 0.274937
vt 0.945415 0.579418
vt 0.945987 0.593652
vt 0.941588 0.594088
vt 0.941004 0.580225
vt 0.247136 0.767160
vt 0.617200 0.609427
vt 0.616425 0.617052
vt 0.827037 0.918335
vt 0.704402 0.871484
vt 0.705455 0.871852
vt 0.704334 0.871379
vt 0.704334 0.872087
vt 0.704342 0.873571
vt 0.704334 0.873179
vt 0.768545 0.743739
vt 0.768414 0.744027
vt 0.768313 0.744403
vt 0.768545 0.745056
vt 0.768041 0.744806
vt 0.609260 0.922721
vt 0.609380 0.921612
vt 0.609359 0.923533
vt 0.608853 0.924016
vt 0.205112 0.805691
vt 0.608613 0.924164
vt 0.608789 0.924993
vt 0.607800 0.924049
vt 0.607310 0.924359
vt 0.030540 0.887682
vt 0.728863 0.251633
vt 0.192159 0.927310
vt 0.440272 0.749916
vt 0.440499 0.748534
vt 0.440590 0.749855
vt 0.440272 0.748013
vt 0.608865 0.926153
vt 0.609325 0.927190
vt 0.609340 0.926311
vt 0.440514 0.750816
vt 0.440272 0.752193
vt 0.440306 0.751582
vt 0.609420 0.925489
vt 0.609502 0.924067
vt 0.189927 0.924600
vt 0.705175 0.874479
vt 0.704710 0.874862
vt 0.192349 0.928904
vt 0.189013 0.929215
vt 0.189690 0.928427
vt 0.191206 0.931886
vt 0.188963 0.931590
vt 0.189032 0.928310
vt 0.189051 0.927437
vt 0.427717 0.883206
vt 0.428072 0.878654
vt 0.429419 0.872586
vt 0.430081 0.880649
vt 0.886628 0.913734
vt 0.888448 0.911812
vt 0.791708 0.902683
vt 0.788939 0.867823
vt 0.874823 0.942371
vt 0.868529 0.943476
vt 0.846781 0.926653
vt 0.851550 0.922228
vt 0.195958 0.181399
vt 0.086249 0.927098
vt 0.086249 0.912522
vt 0.086315 0.896983
vt 0.574604 0.911870
vt 0.576518 0.926547
vt 0.571849 0.900870
vt 0.273668 0.876879
vt 0.276574 0.877524
vt 0.276615 0.889505
vt 0.569651 0.897816
vt 0.693659 0.913614
vt 0.946238 0.698429
vt 0.929439 0.482702
vt 0.540597 0.414567
vt 0.792433 0.933724
vt 0.784521 0.933134
vt 0.740672 0.684939
vt 0.906483 0.902463
vt 0.908752 0.888811
vt 0.892572 0.881986
vt 0.896658 0.882339
vt 0.460397 0.169426
vt 0.260162 0.767595
vt 0.290191 0.928221
vt 0.293534 0.927177
vt 0.784521 0.899133
vt 0.779281 0.915400
vt 0.771098 0.911567
vt 0.768690 0.899133
vt 0.231991 0.778919
vt 0.220303 0.779204
vt 0.251348 0.804089
vt 0.880545 0.945474
vt 0.874928 0.946387
vt 0.732445 0.062519
vt 0.549039 0.455749
vt 0.647791 0.466309
vt 0.787153 0.827567
vt 0.679625 0.854827
vt 0.347540 0.874948
vt 0.246217 0.781936
vt 0.260230 0.863541
vt 0.952960 0.516164
vt 0.946962 0.515696
vt 0.691931 0.891055
vt 0.650853 0.746122
vt 0.605004 0.878276
vt 0.604990 0.892027
vt 0.165592 0.852427
vt 0.893609 0.652189
vt 0.054270 0.653355
vt 0.149776 0.913838
vt 0.776579 0.924855
vt 0.114972 0.921968
vt 0.449015 0.843884
vt 0.246030 0.923338
vt 0.248522 0.923330
vt 0.776784 0.920122
vt 0.783064 0.918760
vt 0.782617 0.932880
vt 0.776784 0.933194
vt 0.867632 0.034808
vt 0.915754 0.633424
vt 0.790391 0.456152
vt 0.021851 0.827050
vt 0.544190 0.469341
vt 0.152193 0.846687
vt 0.155079 0.846283
vt 0.390839 0.914085
vt 0.390949 0.925301
vt 0.386175 0.926388
vt 0.385911 0.915880
vt 0.452501 0.834132
vt 0.597672 0.867073
vt 0.206856 0.825919
vt 0.231877 0.781149
vt 0.615853 0.450397
vt 0.109926 0.924275
vt 0.113141 0.925679
vt 0.201954 0.805794
vt 0.441230 0.768218
vt 0.440332 0.766820
vt 0.745136 0.768290
vt 0.742357 0.768379
vt 0.938288 0.082777
vt 0.942654 0.084080
vt 0.342078 0.939931
vt 0.338993 0.938872
vt 0.941517 0.876372
vt 0.075994 0.933352
vt 0.079758 0.933371
vt 0.080133 0.937263
vt 0.076729 0.937027
vt 0.683394 0.849622
vt 0.830034 0.914921
vt 0.829440 0.912628
vt 0.827417 0.911651
vt 0.830034 0.899133
vt 0.941265 0.083204
vt 0.183588 0.032616
vt 0.054765 0.002477
vt 0.763903 0.802271
vt 0.323072 0.892961
vt 0.701173 0.739729
vt 0.557777 0.912567
vt 0.939952 0.882903
vt 0.932728 0.880584
vt 0.826389 0.298427
vt 0.790585 0.802054
vt 0.714247 0.082496
vt 0.728974 0.060809
vt 0.095863 0.907494
vt 0.098395 0.891473
vt 0.806089 0.065652
vt 0.295348 0.900153
vt 0.681657 0.468575
vt 0.688401 0.474379
vt 0.329709 0.100441
vt 0.112519 0.846397
vt 0.289218 0.070771
vt 0.556855 0.498391
vt 0.447743 0.947344
vt 0.452721 0.946342
vt 0.559293 0.459676
vt 0.695609 0.110196
vt 0.987686 0.288109
vt 0.127116 0.917875
vt 0.123960 0.918063
vt 0.620222 0.447916
vt 0.202087 0.827046
vt 0.705770 0.913924
vt 0.711736 0.914106
vt 0.080133 0.929315
vt 0.082397 0.924722
vt 0.085848 0.933042
vt 0.085848 0.923362
vt 0.619709 0.606550
vt 0.612449 0.605445
vt 0.621994 0.602001
vt 0.439118 0.867511
vt 0.440989 0.870983
vt 0.439118 0.872721
vt 0.488458 0.916556
vt 0.488458 0.922085
vt 0.486509 0.919134
vt 0.488061 0.916887
vt 0.373457 0.738779
vt 0.751686 0.863897
vt 0.102724 0.880700
vt 0.155970 0.259754
vt 0.157729 0.230332
vt 0.160559 0.237000
vt 0.109584 0.880700
vt 0.160579 0.242231
vt 0.160770 0.247124
vt 0.202984 0.743114
vt 0.741318 0.853065
vt 0.742346 0.849496
vt 0.829184 0.002901
vt 0.827782 0.000000
vt 0.910083 0.930461
vt 0.911023 0.925858
vt 0.913051 0.926069
vt 0.913942 0.930461
vt 0.665628 0.746045
vt 0.214015 0.265132
vt 0.227448 0.245561
vt 0.621185 0.868056
vt 0.623965 0.864725
vt 0.231601 0.243806
vt 0.921258 0.373804
vt 0.234223 0.232995
vt 0.249808 0.359203
vt 0.240482 0.203606
vt 0.013385 0.480657
vt 0.144824 0.872891
vt 0.461104 0.744148
vt 0.623965 0.919785
vt 0.251758 0.921280
vt 0.192473 0.870734
vt 0.774208 0.092731
vt 0.575478 0.778379
vt 0.577995 0.778714
vt 0.755534 0.738745
vt 0.651496 0.182975
vt 0.150640 0.848925
vt 0.393376 0.830655
vt 0.328781 0.914985
vt 0.337495 0.914369
vt 0.541260 0.926770
vt 0.544575 0.923750
vt 0.544575 0.934281
vt 0.539770 0.930818
vt 0.030687 0.894295
vt 0.192473 0.810804
vt 0.226469 0.922996
vt 0.222044 0.939175
vt 0.198813 0.844683
vt 0.701732 0.780042
vt 0.649908 0.460950
vt 0.645375 0.457465
vt 0.000557 0.910327
vt 0.000590 0.900756
vt 0.670153 0.843461
vt 0.398756 0.915935
vt 0.399391 0.914085
vt 0.166153 0.254458
vt 0.172312 0.112602
vt 0.028892 0.921685
vt 0.024583 0.921197
vt 0.026741 0.915824
vt 0.030207 0.922818
vt 0.173887 0.105769
vt 0.174534 0.106839
vt 0.172502 0.108821
vt 0.172846 0.111320
vt 0.029487 0.925275
vt 0.028496 0.927327
vt 0.026796 0.924433
vt 0.024583 0.938807
vt 0.527989 0.793730
vt 0.194873 0.046218
vt 0.198579 0.061142
vt 0.465506 0.845249
vt 0.930062 0.528033
vt 0.935531 0.539375
vt 0.852316 0.180621
vt 0.941004 0.548375
vt 0.942926 0.549061
vt 0.493003 0.807970
vt 0.489159 0.807974
vt 0.389728 0.763735
vt 0.706024 0.544689
vt 0.717780 0.913162
vt 0.038733 0.907745
vt 0.037724 0.926059
vt 0.203555 0.039074
vt 0.908708 0.191155
vt 0.016368 0.920156
vt 0.016232 0.916617
vt 0.563587 0.925456
vt 0.564915 0.925327
vt 0.564915 0.930448
vt 0.562731 0.929475
vt 0.599839 0.680329
vt 0.608718 0.673061
vt 0.817374 0.909676
vt 0.811111 0.920644
vt 0.805556 0.920560
vt 0.805556 0.899133
vt 0.064854 0.921261
vt 0.064292 0.923724
vt 0.613339 0.632423
vt 0.563091 0.921338
vt 0.564915 0.912813
vt 0.562750 0.912578
vt 0.608036 0.614860
vt 0.585547 0.639357
vt 0.577368 0.634604
vt 0.606714 0.618412
vt 0.153087 0.765563
vt 0.007692 0.927375
vt 0.008654 0.932712
vt 0.000629 0.930035
vt 0.004471 0.928227
vt 0.314306 0.109551
vt 0.005669 0.920488
vt 0.008654 0.915041
vt 0.017018 0.915824
vt 0.030322 0.901022
vt 0.852429 0.372543
vt 0.016232 0.926777
vt 0.583477 0.929070
vt 0.913644 0.405077
vt 0.906088 0.401263
vt 0.733492 0.886129
vt 0.183960 0.927633
vt 0.181755 0.925137
vt 0.179923 0.915907
vt 0.184374 0.916103
vt 0.402216 0.838964
vt 0.912560 0.626567
vt 0.910112 0.624423
vt 0.403267 0.834861
vt 0.546707 0.913868
vt 0.550420 0.912578
vt 0.275015 0.926431
vt 0.274929 0.918868
vt 0.308315 0.945783
vt 0.304922 0.944918
vt 0.862967 0.892620
vt 0.863454 0.884643
vt 0.871552 0.288109
vt 0.858078 0.289031
vt 0.178762 0.926158
vt 0.184374 0.938450
vt 0.273668 0.844683
vt 0.273921 0.849652
vt 0.933799 0.400886
vt 0.932139 0.404790
vt 0.198777 0.044850
vt 0.941804 0.546979
vt 0.947736 0.543861
vt 0.799330 0.936671
vt 0.798637 0.926516
vt 0.809974 0.920644
vt 0.817374 0.924615
vt 0.813497 0.923935
vt 0.809974 0.931184
vt 0.768690 0.414433
vt 0.778209 0.411322
vt 0.902653 0.630833
vt 0.902444 0.626732
vt 0.906199 0.626732
vt 0.905308 0.629520
vt 0.293863 0.929290
vt 0.292537 0.931935
vt 0.861153 0.131281
vt 0.859287 0.134188
vt 0.284054 0.737397
vt 0.124158 0.920812
vt 0.127078 0.926753
vt 0.796550 0.458811
vt 0.676111 0.929226
vt 0.705376 0.857419
vt 0.705770 0.858017
vt 0.108902 0.846283
vt 0.615689 0.928448
vt 0.609502 0.933490
vt 0.609502 0.919785
vt 0.615240 0.921434
vt 0.544584 0.744829
vt 0.920101 0.756444
vt 0.479302 0.932636
vt 0.479302 0.916556
vt 0.482484 0.926295
vt 0.486506 0.930762
vt 0.440272 0.739540
vt 0.440649 0.737397
vt 0.440649 0.742650
vt 0.114043 0.921185
vt 0.036832 0.930598
vt 0.036537 0.930338
vt 0.039829 0.929943
vt 0.439079 0.842653
vt 0.441175 0.830655
vt 0.441175 0.847395
vt 0.945626 0.721089
vt 0.251591 0.913186
vt 0.252197 0.913917
vt 0.608968 0.873936
vt 0.607194 0.875513
vt 0.607194 0.870941
vt 0.323931 0.889858
vt 0.640876 0.916683
vt 0.639420 0.922704
vt 0.653206 0.915079
vt 0.652560 0.912299
vt 0.940750 0.654451
vt 0.535763 0.929375
vt 0.533347 0.925772
vt 0.535763 0.923750
vt 0.274882 0.871619
vt 0.184374 0.944191
vt 0.337495 0.942733
vt 0.768678 0.867307
vt 0.705770 0.865718
vt 0.622883 0.592651
vt 0.497528 0.806600
vt 0.664563 0.458580
vt 0.631824 0.590535
vt 0.628267 0.595732
vt 0.728028 0.239514
vt 0.096694 0.924243
vt 0.402215 0.898095
vt 0.401938 0.914085
vt 0.900815 0.914453
vt 0.898840 0.925550
vt 0.730615 0.884496
vt 0.077593 0.900767
vt 0.075689 0.899944
vt 0.427604 0.938174
vt 0.159767 0.848374
vt 0.422285 0.872425
vt 0.943632 0.684063
vt 0.421501 0.903434
vt 0.744544 0.929551
vt 0.741200 0.930903
vt 0.942457 0.680545
vt 0.704583 0.841305
vt 0.705770 0.849669
vt 0.704583 0.857419
vt 0.441390 0.737397
vt 0.441390 0.753234
vt 0.440709 0.748316
vt 0.440989 0.847395
vt 0.440989 0.858600
vt 0.439079 0.857579
vt 0.061155 0.935998
vt 0.061155 0.923992
vt 0.063336 0.923724
vt 0.065420 0.932415
vt 0.274929 0.938233
vt 0.024701 0.927818
vt 0.786013 0.315365
vt 0.198667 0.046858
vt 0.195817 0.043589
vt 0.770892 0.915139
vt 0.776305 0.918760
vt 0.564126 0.905832
vt 0.911833 0.626595
vt 0.913347 0.630495
vt 0.909749 0.630495
vt 0.909872 0.627831
vt 0.288618 0.914105
vt 0.284054 0.923775
vt 0.652560 0.938124
vt 0.898437 0.415016
vt 0.136614 0.772034
vt 0.514265 0.931506
vt 0.509359 0.931506
vt 0.441230 0.753234
vt 0.441230 0.761598
vt 0.440709 0.758292
vt 0.768516 0.871041
vt 0.768516 0.876357
vt 0.768013 0.876236
vt 0.767323 0.875900
vt 0.608421 0.867382
vt 0.608968 0.870941
vt 0.607652 0.867269
vt 0.608968 0.864725
vt 0.607862 0.866012
vt 0.440571 0.744146
vt 0.440600 0.743205
vt 0.440673 0.744284
vt 0.440673 0.742650
vt 0.607234 0.922329
vt 0.607793 0.920803
vt 0.607454 0.919786
vt 0.744544 0.926576
vt 0.747521 0.926277
vt 0.746238 0.930143
vt 0.744544 0.930791
vt 0.440646 0.748013
vt 0.440272 0.747738
vt 0.440646 0.745710
vt 0.462874 0.913618
vt 0.469230 0.916439
vt 0.921243 0.788559
vt 0.439118 0.876405
vt 0.441024 0.875352
vt 0.440385 0.873615
vt 0.441257 0.829630
vt 0.440272 0.830655
vt 0.440272 0.828050
vt 0.441309 0.828131
vt 0.226664 0.925668
vt 0.226469 0.924017
vt 0.228894 0.922045
vt 0.228894 0.929204
vt 0.309714 0.901270
vt 0.920127 0.630096
vt 0.916979 0.630025
vt 0.916756 0.626595
vt 0.920127 0.627368
vt 0.880054 0.902230
s 1
usemtl Material.001
f 1/1/1 2/2/2 291/3/3
f 2/2/2 290/4/4 291/3/3
f 1/1/1 291/3/3 292/5/5
f 1/1/1 292/5/5 293/6/6
f 2/2/2 295/7/7 290/4/4
f 295/7/7 296/8/8 290/4/4
f 3/9/9 298/10/10 292/11/5
f 3/9/9 292/11/5 291/12/3
f 4/13/11 299/14/12 296/15/8
f 299/14/12 290/16/4 296/15/8
f 1448/17/13 1447/18/14 2852/19/15 2856/20/16
f 5/21/17 295/22/7 302/23/18
f 5/21/17 302/23/18 7/24/19
f 5/25/17 303/26/20 304/27/21
f 5/25/17 304/27/21 305/28/22
f 5/29/17 7/30/19 8/31/23
f 5/29/17 8/31/23 10/32/24
f 1348/33/25 1349/34/26 266/35/27 1347/36/28
f 2392/37/29 1623/38/30 1622/39/31 1627/40/32
f 1154/41/33 1311/42/34 255/43/35 1244/44/36
f 6/45/37 9/46/38 297/47/39
f 6/45/37 297/47/39 308/48/40
f 1982/49/41 1981/50/42 1228/51/43 1983/52/44
f 532/53/45 528/54/46 58/55/47 531/56/48
f 9/57/38 11/58/49 315/59/50
f 9/57/38 315/59/50 3/60/9
f 10/61/24 314/62/51 5/63/17
f 314/62/51 306/64/52 5/63/17
f 661/65/53 1686/66/54 1685/67/55 1684/68/56
f 9/69/38 317/70/57 16/71/58
f 9/69/38 16/71/58 318/72/59
f 11/58/49 18/73/60 317/74/57
f 11/58/49 317/74/57 319/75/61
f 9/46/38 312/76/62 319/77/61
f 9/46/38 319/77/61 317/78/57
f 1582/79/63 1577/80/64 1580/81/65 1581/82/66
f 801/83/67 800/84/68 2232/85/69 2231/86/70
f 2068/87/71 2081/88/72 2080/89/73 2079/90/74
f 2141/91/75 2142/92/76 2140/93/77 2139/94/78
f 345/95/79 363/96/80 1639/97/81 346/98/82
f 13/99/83 329/100/84 330/101/85
f 13/99/83 330/101/85 331/102/86
f 1159/103/87 3113/104/88 3112/105/89 1138/106/90
f 481/107/91 1633/108/92 1630/109/93 1629/110/94
f 2406/111/95 1540/112/96 2631/113/97 2408/114/98
f 1314/115/99 1274/116/100 1317/117/101 1318/118/102
f 16/71/58 337/119/103 338/120/104
f 16/71/58 338/120/104 318/72/59
f 16/121/58 339/122/105 340/123/106
f 16/121/58 340/123/106 337/124/103
f 991/125/107 990/126/108 180/127/109 981/128/110
f 18/73/60 318/129/59 338/130/104
f 18/73/60 338/130/104 339/131/105
f 1172/132/111 1161/133/112 2712/134/113 2714/135/114
f 2097/136/115 1394/137/116 2094/138/117 2096/139/118
f 14/140/119 341/141/120 342/142/121
f 14/140/119 342/142/121 343/143/122
f 20/144/123 344/145/124 25/146/125
f 20/144/123 25/146/125 345/95/79
f 20/144/123 345/95/79 346/98/82
f 20/144/123 346/98/82 341/141/120
f 21/147/126 347/148/127 348/149/128
f 347/148/127 22/150/129 348/149/128
f 21/151/126 349/152/130 350/153/131
f 21/151/126 350/153/131 351/154/132
f 21/147/126 348/149/128 352/155/133
f 21/147/126 352/155/133 349/156/130
f 22/150/129 353/157/134 354/158/135
f 22/150/129 354/158/135 348/149/128
f 684/159/136 681/160/137 102/161/138 683/162/139
f 23/163/140 356/164/141 357/165/142
f 23/163/140 357/165/142 358/166/143
f 23/163/140 358/166/143 359/167/144
f 23/163/140 359/167/144 25/168/125
f 23/169/140 25/170/125 344/171/124
f 23/169/140 344/171/124 356/172/141
f 1373/173/145 1370/174/146 270/175/147 1346/176/148
f 24/177/149 361/178/150 362/179/151
f 25/146/125 32/180/152 363/96/80
f 25/146/125 363/96/80 345/95/79
f 26/181/153 364/182/154 365/183/155
f 26/181/153 365/183/155 366/184/156
f 26/181/153 366/184/156 368/185/157
f 366/184/156 367/186/158 368/185/157
f 26/181/153 369/187/159 370/188/160
f 26/181/153 370/188/160 364/182/154
f 803/189/161 797/190/162 129/191/163 802/192/164
f 27/193/165 373/194/166 374/195/167
f 27/193/165 374/195/167 375/196/168
f 28/197/169 378/198/170 379/199/171
f 28/197/169 379/199/171 377/200/172
f 1296/201/173 1292/202/174 252/203/175 1295/204/176
f 29/205/177 381/206/178 382/207/179
f 29/205/177 382/207/179 383/208/180
f 385/209/181 386/210/182 381/206/178
f 385/209/181 381/206/178 29/205/177
f 1464/211/183 1462/212/184 287/213/185 1461/214/186
f 25/168/125 359/167/144 387/215/187
f 25/168/125 387/215/187 32/216/152
f 30/217/188 388/218/189 389/219/190
f 30/217/188 389/219/190 390/220/191
f 30/217/188 390/220/191 391/221/192
f 30/217/188 391/221/192 380/222/193
f 451/223/194 448/224/195 2405/225/196 2407/226/197
f 1103/227/198 1957/228/199 1954/229/200 1104/230/201
f 31/231/202 33/232/203 392/233/204
f 33/232/203 397/234/205 392/233/204
f 1460/235/206 1461/214/186 287/213/185 1459/236/207
f 2230/237/208 2229/238/209 2231/86/70 2232/85/69
f 2236/239/210 2240/240/211 856/241/212 2234/242/213
f 33/232/203 398/243/214 402/244/215
f 33/232/203 402/244/215 400/245/216
f 33/232/203 34/246/217 397/234/205
f 34/246/217 403/247/218 397/234/205
f 34/248/217 401/249/219 404/250/220
f 34/248/217 404/250/220 403/251/218
f 1867/252/221 1868/253/222 1864/254/223 1863/255/224
f 2088/256/225 2089/257/226 2087/258/227 2086/259/228
f 35/260/229 409/261/230 37/262/231
f 35/260/229 37/262/231 405/263/232
f 1113/264/233 1114/265/234 212/266/235 1093/267/236
f 1330/268/237 2078/269/238 2080/89/73 2083/270/239
f 36/271/240 413/272/241 414/273/242
f 1381/274/243 1382/275/244 2828/276/245 2829/277/246
f 416/278/247 386/210/182 385/209/181
f 2020/279/248 2014/280/249 2018/281/250 2019/282/251
f 468/283/252 467/284/253 2555/285/254 2446/286/255
f 272/287/256 1360/288/257 268/289/258 1359/290/259
f 2258/291/260 1892/292/261 1890/293/262 2259/294/263
f 2213/295/264 275/296/265 1398/297/266 1399/298/267
f 424/299/268 425/300/269 423/301/270
f 424/299/268 423/301/270 38/302/271
f 38/302/271 376/303/272 43/304/273
f 38/302/271 43/304/273 424/299/268
f 947/305/274 949/306/275 3232/307/276 3231/308/277
f 39/309/278 429/310/279 430/311/280
f 39/309/278 430/311/280 426/312/281
f 39/309/278 428/313/282 431/314/283
f 39/309/278 431/314/283 432/315/284
f 1612/316/285 1611/317/286 1610/318/287 1609/319/288
f 436/320/289 440/321/290 2433/322/291 2437/323/292
f 3258/324/293 3267/325/294 3266/326/295 3264/327/296
f 904/328/297 905/329/298 962/330/299 933/331/300
f 1223/332/301 1222/333/302 3189/334/303 3190/335/304
f 1464/336/183 1461/337/186 2781/338/305 2783/339/306
f 40/340/307 442/341/308 445/342/309
f 40/340/307 445/342/309 443/343/310
f 41/344/311 446/345/312 447/346/313
f 41/344/311 447/346/313 448/347/195
f 1536/348/314 1537/349/315 1535/350/316 1534/351/317
f 2335/352/318 2334/353/319 2336/354/320 2337/355/321
f 41/356/311 453/357/322 454/358/323
f 41/356/311 454/358/323 449/359/324
f 42/360/325 455/361/326 457/362/327
f 455/361/326 456/363/328 457/362/327
f 42/364/325 458/365/329 460/366/330
f 458/365/329 459/367/331 460/366/330
f 459/368/331 458/369/329 462/370/332
f 459/368/331 462/370/332 454/358/323
f 44/371/333 464/372/334 465/373/335
f 44/371/333 465/373/335 466/374/336
f 1767/375/337 1765/376/338 1881/377/339 1880/378/340
f 45/379/341 467/380/253 468/381/252
f 45/379/341 468/381/252 469/382/342
f 45/379/341 447/346/313 446/345/312
f 45/379/341 446/345/312 467/380/253
f 1430/383/343 1429/384/344 2111/385/345 1434/386/346
f 46/387/347 472/388/348 49/389/349
f 46/387/347 49/389/349 473/390/350
f 520/391/351 518/392/352 55/393/353 517/394/354
f 47/395/355 476/396/356 477/397/357
f 47/395/355 477/397/357 478/398/358
f 915/399/359 916/400/360 163/401/361 914/402/362
f 47/395/355 478/398/358 479/403/363
f 47/395/355 479/403/363 480/404/364
f 824/405/365 150/406/366 134/407/367 809/408/368
f 2739/409/369 864/410/370 926/411/371 2736/412/372
f 49/413/349 488/414/373 489/415/374
f 49/413/349 489/415/374 473/416/350
f 3225/417/375 3226/418/376 3224/419/377 3223/420/378
f 491/421/379 492/422/380 493/423/381
f 491/421/379 493/423/381 494/424/382
f 1058/425/383 1039/426/384 196/427/385 1057/428/386
f 1025/429/387 3238/430/388 3237/431/389 1026/432/390
f 2661/433/391 2663/434/392 2664/435/393 543/436/394
f 50/437/395 500/438/396 501/439/397
f 50/437/395 501/439/397 51/440/398
f 2178/441/399 2179/442/400 2177/443/401 2176/444/402
f 1993/445/403 1992/446/404 2128/447/405 2132/448/406
f 52/449/407 503/450/408 506/451/409
f 52/449/407 506/451/409 504/452/410
f 965/453/411 964/454/412 178/455/413 975/456/414
f 908/457/415 907/458/416 3332/459/417 3331/460/418
f 1034/461/419 1038/462/420 289/463/421 1010/464/422
f 54/465/423 504/452/410 506/451/409
f 54/465/423 506/451/409 509/466/424
f 1073/467/425 1068/468/426 199/469/427 1072/470/428
f 755/471/429 2287/472/430 2290/473/431 756/474/432
f 633/475/433 634/476/434 89/477/435 632/478/436
f 2476/479/437 2484/480/438 2519/481/439 2477/482/440
f 3232/307/276 949/306/275 3247/483/441 3233/484/442
f 1000/485/443 1001/486/444 182/487/445 984/488/446
f 2268/489/447 2271/490/448 2272/491/449 2269/492/450
f 518/392/352 520/391/351 2333/493/451 1678/494/452
f 1378/495/453 1388/496/454 273/497/455 1379/498/456
f 1036/499/457 1106/500/458 209/501/459 1040/502/460
f 395/503/461 394/504/462 2452/505/463 2454/506/464
f 57/507/465 508/508/466 527/509/467
f 57/507/465 527/509/467 64/510/468
f 664/511/469 665/512/470 98/513/471 663/514/472
f 839/515/473 2269/516/450 2274/517/474 840/518/475
f 1378/495/453 1377/519/476 2089/520/226 1388/496/454
f 759/521/477 3381/522/478 3378/523/479 3380/524/480
f 160/525/481 967/526/482 1935/527/483 2227/528/484
f 59/529/485 60/530/486 537/531/487
f 59/529/485 537/531/487 535/532/488
f 638/533/489 699/534/490 3378/523/479 3381/522/478
f 1058/535/383 1057/536/386 3254/537/491 1118/538/492
f 878/539/493 879/540/494 156/541/495 877/542/496
f 61/543/497 64/544/468 541/545/498
f 1513/546/499 1508/547/500 1511/548/501 1512/549/502
f 2410/550/503 451/223/194 2407/226/197 2409/551/504
f 1178/552/505 1177/553/506 3251/554/507 2384/555/508
f 1582/556/63 1581/557/66 1586/558/509 1588/559/510
f 2117/560/511 1231/561/512 2017/562/513 2016/563/514
f 1236/564/515 1217/565/516 238/566/517 1235/567/518
f 64/544/468 527/568/467 551/569/519
f 64/544/468 551/569/519 541/545/498
f 1627/570/32 1626/571/520 1632/572/521 1645/573/522
f 375/196/168 374/195/167 2610/574/523 2614/575/524
f 65/576/525 557/577/526 558/578/527
f 65/576/525 558/578/527 554/579/528
f 2212/580/529 1400/581/530 2211/582/531 2210/583/532
f 557/577/526 65/576/525 511/584/533 509/466/424
f 980/585/534 1043/586/535 3261/587/536 981/588/110
f 66/589/537 562/590/538 563/591/539
f 66/589/537 563/591/539 516/592/540
f 67/593/541 564/594/542 76/595/543
f 782/596/544 3321/597/545 3376/598/546 783/599/547
f 68/600/548 75/601/549 567/602/550
f 68/600/548 567/602/550 508/508/466
f 856/603/212 857/604/551 147/605/552 855/606/553
f 2332/607/554 2331/608/555 2347/609/556 2334/610/319
f 572/611/557 568/612/558 69/613/559
f 1280/614/560 1281/615/561 248/616/562 1278/617/563
f 69/613/559 571/618/564 572/611/557
f 70/619/565 551/620/519 574/621/566
f 70/619/565 574/621/566 575/622/567
f 70/623/565 576/624/568 564/625/542
f 71/626/569 568/612/558 577/627/570
f 71/628/569 73/629/571 569/630/572
f 73/629/571 578/631/573 569/630/572
f 530/632/574 531/633/48 58/634/47 63/635/575
f 71/628/569 580/636/576 581/637/577
f 71/628/569 581/637/577 73/629/571
f 220/638/578 1151/639/579 1152/640/580 1153/641/581
f 72/642/582 584/643/583 575/622/567
f 72/642/582 575/622/567 574/621/566
f 1947/644/584 1948/645/585 1945/646/586 1946/647/587
f 1437/648/588 1438/649/589 282/650/590 1414/651/591
f 1546/652/592 1543/653/593 1542/654/594 1545/655/595
f 73/656/571 581/657/577 590/658/596
f 73/656/571 590/658/596 578/659/573
f 74/660/597 593/661/598 594/662/599
f 74/660/597 594/662/599 595/663/600
f 2660/664/601 2661/433/391 2659/665/602 2658/666/603
f 67/667/541 76/668/543 598/669/604
f 67/667/541 598/669/604 591/670/605
f 499/671/606 500/438/396 50/437/395 498/672/607
f 2426/673/608 2428/674/609 440/321/290 439/675/610
f 689/676/611 653/677/612 2357/678/613 2358/679/614
f 3380/524/480 822/680/615 760/681/616 759/521/477
f 78/682/617 608/683/618 609/684/619
f 78/682/617 609/684/619 610/685/620
f 78/682/617 610/685/620 611/686/621
f 78/682/617 611/686/621 606/687/622
f 79/688/623 562/689/538 561/690/624
f 79/688/623 561/690/624 80/691/625
f 456/692/328 455/693/326 2426/694/608 444/695/626
f 81/696/627 610/685/620 609/684/619
f 81/696/627 609/684/619 613/697/628
f 82/698/629 608/699/618 599/700/630
f 608/699/618 618/701/631 599/700/630
f 82/702/629 599/703/630 566/704/632
f 82/702/629 566/704/632 619/705/633
f 82/698/629 619/706/633 620/707/634
f 82/698/629 620/707/634 621/708/635
f 84/709/636 622/710/637 85/711/638
f 84/709/636 85/711/638 623/712/639
f 2331/608/555 2332/607/554 2330/713/640 2324/714/641
f 694/715/642 1740/716/643 1739/717/644 652/718/645
f 2251/719/646 2252/720/647 2250/721/648 2249/722/649
f 917/723/650 912/724/651 163/401/361 916/400/360
f 86/725/652 626/726/653 627/727/654
f 86/725/652 627/727/654 81/728/627
f 86/729/652 81/696/627 613/697/628
f 86/729/652 613/697/628 640/730/655
f 1842/731/656 1333/732/657 2386/733/658 1846/734/659
f 88/735/660 90/736/661 629/737/662
f 90/736/661 95/738/663 629/737/662
f 1224/739/664 1221/740/665 235/741/666 1206/742/667
f 1900/743/668 1897/744/669 1896/745/670 1899/746/671
f 1531/747/672 1529/748/673 2752/749/674 2754/750/675
f 89/477/435 636/751/676 637/752/677
f 89/477/435 637/752/677 638/533/489
f 640/753/655 96/754/678 628/755/679
f 96/754/678 639/756/680 628/755/679
f 2324/714/641 2325/757/681 2323/758/682 2322/759/683
f 91/760/684 643/761/685 100/762/686
f 91/760/684 100/762/686 95/763/663
f 899/764/687 932/765/688 1504/766/689 900/767/690
f 92/768/691 94/769/692 647/770/693
f 92/768/691 647/770/693 644/771/694
f 752/772/695 753/773/696 117/774/697 751/775/698
f 2982/776/699 2983/777/700 2979/778/701 2981/779/702
f 94/769/692 651/780/703 652/718/645
f 1986/781/704 1987/782/705 1985/783/706 1226/784/707
f 94/769/692 648/785/708 653/677/612
f 94/769/692 653/677/612 651/780/703
f 1236/564/515 1235/567/518 1212/786/709 1290/787/710
f 2432/788/711 2431/789/712 2586/790/713 2434/791/714
f 2086/259/228 2087/258/227 2085/792/715 2084/793/716
f 97/794/717 657/795/718 658/796/719
f 97/794/717 658/796/719 659/797/720
f 3372/798/721 3371/799/722 3374/800/723 3373/801/724
f 2859/802/725 2796/803/726 2795/804/727 2794/805/728
f 1115/806/729 1144/807/730 2001/808/731 1131/809/732
f 98/513/471 666/810/733 667/811/734
f 98/513/471 667/811/734 663/514/472
f 98/513/471 668/812/735 669/813/736
f 98/513/471 669/813/736 666/810/733
f 99/814/737 670/815/738 671/816/739
f 99/814/737 671/816/739 108/817/740
f 99/814/737 108/817/740 672/818/741
f 99/814/737 672/818/741 673/819/742
f 99/814/737 674/820/743 95/738/663
f 99/814/737 95/738/663 100/821/686
f 427/822/744 428/313/282 39/309/278 426/312/281
f 679/823/745 680/824/746 675/825/747
f 679/823/745 675/825/747 101/826/748
f 101/826/748 677/827/749 678/828/750
f 101/826/748 678/828/750 679/823/745
f 102/829/138 681/830/137 682/831/751
f 102/829/138 682/831/751 685/832/752
f 395/503/461 396/833/753 31/231/202 394/504/462
f 2475/834/754 2471/835/755 2469/836/756 2474/837/757
f 1075/838/758 1074/839/759 1168/840/760 1170/841/761
f 53/842/762 495/843/763 50/844/395 51/845/398
f 380/222/193 391/221/192 2440/846/764 2438/847/765
f 103/848/766 691/849/767 695/850/768
f 103/848/766 695/850/768 692/851/769
f 104/852/770 637/853/677 696/854/771
f 104/852/770 696/854/771 697/855/772
f 105/856/773 106/857/774 698/858/775
f 105/856/773 698/858/775 699/534/490
f 637/853/677 104/852/770 106/859/774
f 637/853/677 106/859/774 105/860/773
f 105/856/773 699/534/490 638/533/489
f 105/856/773 638/533/489 637/752/677
f 784/861/776 3364/862/777 3363/863/778 3366/864/779
f 107/865/780 700/866/781 701/867/782
f 107/865/780 701/867/782 702/868/783
f 107/869/780 703/870/784 704/871/785
f 107/869/780 704/871/785 705/872/786
f 107/869/780 702/873/783 706/874/787
f 107/869/780 706/874/787 703/870/784
f 108/817/740 707/875/788 708/876/789
f 108/817/740 708/876/789 672/818/741
f 108/817/740 709/877/790 710/878/791
f 108/817/740 710/878/791 707/875/788
f 109/879/792 713/880/793 715/881/794
f 713/880/793 714/882/795 715/881/794
f 109/883/792 716/884/796 114/885/797
f 109/883/792 114/885/797 717/886/798
f 109/887/792 717/888/798 718/889/799
f 109/887/792 718/889/799 713/890/793
f 1035/891/800 1008/892/801 185/893/802 1015/894/803
f 553/895/804 560/896/805 66/897/537 513/898/806
f 1079/899/807 1086/900/808 3313/901/809 1080/902/810
f 2550/903/811 2554/904/812 2553/905/813 2551/906/814
f 2317/907/815 2309/908/816 2349/909/817 2319/910/818
f 1838/911/819 1837/912/820 1841/913/821 1839/914/822
f 2030/915/823 2026/916/824 2025/917/825 2029/918/826
f 111/919/827 728/920/828 695/850/768
f 111/919/827 695/850/768 691/849/767
f 112/921/829 729/922/830 730/923/831
f 112/921/829 730/923/831 720/924/832
f 113/925/833 731/926/834 732/927/835
f 113/925/833 732/927/835 733/928/836
f 113/929/833 734/930/837 735/931/838
f 113/929/833 735/931/838 731/932/834
f 113/933/833 736/934/839 737/935/840
f 113/933/833 737/935/840 734/936/837
f 2103/937/841 2098/938/842 2101/939/843 2102/940/844
f 114/885/797 739/941/845 740/942/846
f 114/885/797 740/942/846 123/943/847
f 2780/944/848 2781/945/305 2774/946/849 2772/947/850
f 115/948/851 743/949/852 118/950/853
f 115/948/851 118/950/853 121/951/854
f 1290/787/710 1289/952/855 2076/953/856 1236/564/515
f 1747/954/857 1748/955/858 1746/956/859 1745/957/860
f 661/65/53 657/795/718 97/794/717 660/958/861
f 3107/959/862 3106/960/863 3108/961/864 1127/962/865
f 522/963/866 523/964/867 56/965/868 521/966/869
f 911/967/870 909/968/871 162/969/872 908/970/415
f 1818/971/873 1293/972/874 1815/973/875 1817/974/876
f 561/975/624 560/896/805 2682/976/877 2681/977/878
f 70/623/565 575/978/567 3410/979/879 576/624/568
f 1655/980/880 489/981/374 1662/982/881 1656/983/882
f 119/984/883 687/985/884 759/521/477
f 119/984/883 759/521/477 760/681/616
f 332/986/885 14/987/119 343/988/122 1589/989/886
f 120/990/887 132/991/888 121/992/854
f 120/990/887 121/992/854 118/993/853
f 417/994/889 1653/995/890 1652/996/891 416/278/247
f 122/997/892 763/998/893 762/999/894
f 122/997/892 762/999/894 764/1000/895
f 122/1001/892 765/1002/896 766/1003/897
f 122/1001/892 766/1003/897 763/1004/893
f 136/1005/898 819/1006/899 3357/1007/900 788/1008/901
f 2750/1009/902 2747/1010/903 2838/1011/904 1304/1012/905
f 123/1013/847 740/1014/846 130/1015/906
f 123/1013/847 130/1015/906 137/1016/907
f 1816/1017/908 1817/974/876 1815/973/875 1814/1018/909
f 1597/1019/910 1596/1020/911 1634/1021/912 480/404/364
f 2211/582/531 1439/1022/913 2208/1023/914 2210/583/532
f 124/1024/915 133/1025/916 773/1026/917
f 124/1024/915 773/1026/917 771/1027/918
f 408/1028/919 409/1029/230 35/1030/229 407/1031/920
f 125/1032/921 778/1033/922 775/1034/923
f 125/1032/921 775/1034/923 131/1035/924
f 125/1036/921 131/1037/924 113/1038/833
f 125/1036/921 113/1038/833 733/1039/836
f 125/1040/921 733/1041/836 779/1042/925
f 125/1040/921 779/1042/925 778/1043/922
f 1303/1044/926 1299/1045/927 253/1046/928 1302/1047/929
f 502/1048/930 503/1049/408 52/1050/407 487/1051/931
f 126/1052/932 783/599/547 784/861/776
f 126/1052/932 784/861/776 780/1053/933
f 1477/1054/934 213/1055/935 1955/1056/936 1956/1057/937
f 1047/1058/938 1045/1059/939 193/1060/940 1046/1061/941
f 1683/1062/942 1681/1063/943 2337/355/321 2339/1064/944
f 2406/111/95 2407/226/197 2405/225/196 1544/1065/945
f 128/1066/946 793/1067/947 794/1068/948
f 128/1066/946 794/1068/948 795/1069/949
f 2107/1070/950 1428/1071/951 2100/1072/952 2099/1073/953
f 129/1074/163 797/1075/162 798/1076/954
f 129/1074/163 798/1076/954 799/1077/955
f 3335/1078/956 3329/1079/957 3333/1080/958 3334/1081/959
f 526/1082/960 64/510/468 61/1083/497 540/1084/961
f 2747/1010/903 2746/1085/962 2839/1086/963 2838/1011/904
f 1493/1087/964 1426/1088/965 1489/1089/966 1492/1090/967
f 131/1091/924 805/1092/968 736/934/839
f 131/1091/924 736/934/839 113/933/833
f 2218/1093/969 2161/1094/970 2159/1095/971 2158/1096/972
f 134/1097/367 775/1098/923 808/1099/973
f 134/1097/367 808/1099/973 809/1100/368
f 134/1101/367 810/1102/974 776/1103/975
f 134/1101/367 776/1103/975 775/1104/923
f 850/1105/976 859/1106/977 2244/1107/978 851/1108/979
f 135/1109/980 813/1110/981 814/1111/982
f 135/1109/980 814/1111/982 811/1112/983
f 135/1113/980 138/1114/984 140/1115/985
f 135/1113/980 140/1115/985 815/1116/986
f 496/1117/987 1650/1118/988 1657/1119/989 497/1120/990
f 135/1121/980 816/1122/991 817/1123/992
f 136/1005/898 127/1124/993 818/1125/994
f 136/1005/898 818/1125/994 819/1006/899
f 820/1126/995 821/1127/996 760/1128/616
f 820/1126/995 760/1128/616 822/1129/615
f 2740/1130/997 865/1131/998 2739/409/369 2738/1132/999
f 1681/1063/943 1679/1133/1000 2335/352/318 2337/355/321
f 139/1134/1001 825/1135/1002 149/1136/1003
f 139/1134/1001 149/1136/1003 148/1137/1004
f 927/1138/1005 891/1139/1006 3317/1140/1007 928/1141/1008
f 139/1134/1001 148/1137/1004 144/1142/1009
f 139/1134/1001 144/1142/1009 826/1143/1010
f 1082/1144/1011 1081/1145/1012 3272/1146/1013 1084/1147/1014
f 140/1148/985 831/1149/1015 832/1150/1016
f 140/1148/985 832/1150/1016 829/1151/1017
f 1394/1152/116 1393/1153/1018 2092/1154/1019 2094/1155/117
f 809/1156/368 808/1157/973 1772/1158/1020 1774/1159/1021
f 141/1160/1022 837/1161/1023 838/1162/1024
f 141/1160/1022 838/1162/1024 839/1163/473
f 2507/1164/1025 2508/1165/1026 2501/1166/1027 2506/1167/1028
f 142/1168/1029 786/1169/1030 841/1170/1031
f 999/1171/1032 1033/1172/1033 1122/1173/1034 1023/1174/1035
f 321/1175/1036 322/1176/1037 12/1177/1038 320/1178/1039
f 142/1179/1029 842/1180/1040 843/1181/1041
f 142/1179/1029 843/1181/1041 844/1182/1042
f 142/1183/1029 844/1184/1042 845/1185/1043
f 142/1183/1029 845/1185/1043 145/1186/1044
f 143/1187/1045 846/1188/1046 848/1189/1047
f 846/1188/1046 847/1190/1048 848/1189/1047
f 143/1187/1045 849/1191/1049 846/1188/1046
f 849/1191/1049 716/884/796 846/1188/1046
f 739/1192/845 827/1193/1050 2246/1194/1051 798/1195/954
f 225/1196/1052 1146/1197/1053 1998/1198/1054 1144/807/730
f 758/1199/1055 761/1200/1056 854/1201/1057 853/1202/1058
f 146/1203/1059 813/1110/981 135/1109/980
f 146/1203/1059 135/1109/980 817/1204/992
f 147/1205/552 852/1206/1060 853/1202/1058
f 147/1205/552 853/1202/1058 854/1201/1057
f 893/1207/1061 950/1208/1062 173/1209/1063 953/1210/1064
f 147/1205/552 847/1211/1048 846/1212/1046
f 147/1205/552 846/1212/1046 852/1206/1060
f 149/1213/1003 825/1214/1002 859/1215/977
f 149/1213/1003 859/1215/977 850/1216/976
f 1232/1217/1065 1131/809/732 2001/808/731 2003/1218/1066
f 151/1219/1067 153/1220/1068 817/1204/992
f 151/1219/1067 817/1204/992 816/1221/991
f 151/1222/1067 816/1122/991 864/410/370
f 151/1219/1067 865/1223/998 866/1224/1069
f 151/1219/1067 866/1224/1069 153/1220/1068
f 152/1225/1070 862/1226/1071 867/1227/1072
f 152/1225/1070 867/1227/1072 155/1228/1073
f 154/1229/1074 869/1230/1075 870/1231/1076
f 154/1229/1074 870/1231/1076 871/1232/1077
f 154/1229/1074 829/1151/1017 869/1230/1075
f 829/1151/1017 832/1150/1016 869/1230/1075
f 154/1229/1074 165/1233/1078 830/1234/1079
f 154/1229/1074 830/1234/1079 829/1151/1017
f 154/1229/1074 872/1235/1080 873/1236/1081
f 154/1229/1074 873/1236/1081 165/1233/1078
f 883/1237/1082 874/1238/1083 1784/1239/1084 1785/1240/1085
f 1254/1241/1086 1249/1242/1087 241/1243/1088 1253/1244/1089
f 2788/1245/1090 1458/1246/1091 2786/1247/1092 2787/1248/1093
f 156/1249/495 879/1250/494 880/1251/1094
f 156/1249/495 880/1251/1094 870/1231/1076
f 156/1252/495 870/1253/1076 869/1254/1075
f 156/1252/495 869/1254/1075 881/1255/1095
f 157/1256/1096 882/1257/1097 863/1258/1098
f 157/1256/1096 863/1258/1098 883/1237/1082
f 157/1256/1096 884/1259/1099 159/1260/1100
f 157/1256/1096 159/1260/1100 885/1261/1101
f 158/1262/1102 886/1263/1103 887/1264/1104
f 158/1262/1102 887/1264/1104 888/1265/1105
f 158/1262/1102 889/1266/1106 831/1267/1015
f 158/1262/1102 831/1267/1015 886/1263/1103
f 158/1268/1102 890/1269/1107 892/1270/1108
f 890/1269/1107 891/1271/1006 892/1270/1108
f 158/1268/1102 893/1207/1061 894/1272/1109
f 158/1268/1102 894/1272/1109 890/1269/1107
f 159/1273/1100 884/1274/1099 897/1275/1110
f 159/1273/1100 897/1275/1110 895/1276/1111
f 896/1277/1112 161/1278/1113 899/1279/687
f 896/1277/1112 899/1279/687 900/1280/690
f 876/1281/1114 877/1282/496 156/1283/495 875/1284/1115
f 161/1278/1113 904/1285/297 166/1286/1116
f 161/1278/1113 166/1286/1116 899/1279/687
f 161/1278/1113 903/1287/1117 905/1288/298
f 161/1278/1113 905/1288/298 904/1285/297
f 162/1289/872 906/1290/1118 907/458/416
f 162/1289/872 907/458/416 908/457/415
f 3297/1291/1119 944/1292/1120 3296/1293/1121 3295/1294/1122
f 1373/1295/145 1346/1296/148 1962/1297/1123 1367/1298/1124
f 163/401/361 912/724/651 913/1299/1125
f 163/401/361 913/1299/1125 914/402/362
f 1004/1300/1126 988/1301/1127 182/1302/445 1003/1303/1128
f 2621/1304/1129 2622/1305/1130 2620/1306/1131 2619/1307/1132
f 1113/264/233 1093/267/236 1891/1308/1133 1893/1309/1134
f 1533/1310/1135 2686/1311/1136 1536/348/314 1534/351/317
f 21/1312/126 351/1313/132 2607/1314/1137 2609/1315/1138
f 165/1233/1078 924/1316/1139 925/1317/1140
f 1779/1318/1141 1780/1319/1142 1778/1320/1143 1777/1321/1144
f 927/1322/1005 928/1323/1008 167/1324/1145
f 927/1322/1005 167/1324/1145 929/1325/1146
f 166/1286/1116 931/1326/1147 932/1327/688
f 166/1286/1116 932/1327/688 899/1279/687
f 166/1328/1116 183/1329/1148 188/1330/1149
f 166/1328/1116 188/1330/1149 175/1331/1150
f 441/1332/1151 442/1333/308 40/1334/307 438/1335/1152
f 2355/1336/1153 2356/1337/1154 2354/1338/1155 2353/1339/1156
f 307/1340/1157 303/26/20 5/25/17 306/1341/52
f 167/1342/1145 938/1343/1158 172/1344/1159
f 167/1342/1145 172/1344/1159 937/1345/1160
f 336/1346/1161 1588/1347/510 1586/1348/509 335/1349/1162
f 688/1350/1163 687/985/884 119/984/883 758/1199/1055
f 2158/1351/972 2159/1352/971 2157/1353/1164 2156/1354/1165
f 794/1355/948 3353/1356/1166 3352/1357/1167 795/1358/949
f 1240/1359/1168 250/1360/1169 234/1361/1170 1239/1362/1171
f 2205/1363/1172 2206/1364/1173 2203/1365/1174 2204/1366/1175
f 2440/846/764 391/221/192 2442/1367/1176 2441/1368/1177
f 171/1369/1178 944/1370/1120 945/1371/1179
f 171/1369/1178 945/1371/1179 946/1372/1180
f 171/1373/1178 947/1374/274 948/1375/1181
f 171/1373/1178 948/1375/1181 871/1376/1077
f 171/1377/1178 946/1378/1180 949/306/275
f 171/1377/1178 949/306/275 947/305/274
f 2143/1379/1182 2002/1380/1183 2140/93/77 2142/92/76
f 1053/1381/1184 1054/1382/1185 195/1383/1186 1052/1384/1187
f 2378/1385/1188 2379/1386/1189 1855/1387/1190 1854/1388/1191
f 173/1389/1063 956/1390/1192 957/1391/1193
f 173/1389/1063 957/1391/1193 958/1392/1194
f 173/1393/1063 958/1394/1194 959/1395/1195
f 173/1393/1063 959/1395/1195 954/1396/1196
f 174/1397/1197 181/1398/1198 962/1399/299
f 174/1397/1197 962/1399/299 905/1400/298
f 173/1209/1063 952/1401/1199 187/1402/1200
f 173/1209/1063 187/1402/1200 956/1403/1192
f 176/1404/1201 963/1405/1202 964/454/412
f 176/1404/1201 964/454/412 965/453/411
f 176/1404/1201 965/453/411 966/1406/1203
f 2315/1407/1204 2313/1408/1205 2317/907/815 2318/1409/1206
f 176/1404/1201 968/1410/1207 969/1411/1208
f 176/1404/1201 969/1411/1208 963/1405/1202
f 177/1412/1209 970/1413/1210 971/1414/1211
f 177/1412/1209 971/1414/1211 972/1415/1212
f 178/455/413 964/454/412 973/1416/1213
f 178/455/413 973/1416/1213 974/1417/1214
f 2044/1418/1215 2043/1419/1216 2045/1420/1217 2046/1421/1218
f 1662/982/881 1659/1422/1219 1658/1423/1220 1656/983/882
f 2471/835/755 2477/1424/440 2520/1425/1221 2472/1426/1222
f 179/1427/1223 924/1316/1139 165/1233/1078
f 179/1427/1223 165/1233/1078 873/1236/1081
f 2380/1428/1224 2372/1429/1225 2382/1430/1226 2381/1431/1227
f 1318/1432/102 1317/1433/101 3050/1434/1228 1323/1435/1229
f 179/1427/1223 986/1436/1230 987/1437/1231
f 179/1427/1223 987/1437/1231 924/1316/1139
f 179/1427/1223 182/1302/445 988/1301/1127
f 179/1427/1223 988/1301/1127 986/1436/1230
f 180/127/109 962/330/299 181/1438/1198
f 180/127/109 181/1438/1198 989/1439/1232
f 720/924/832 721/1440/1233 110/1441/1234 112/921/829
f 266/1442/27 1349/1443/26 1942/1444/1235 1941/1445/1236
f 790/1446/1237 3414/1447/1238 3329/1079/957 3335/1078/956
f 181/1448/1239 994/1449/1240 996/1450/1241
f 994/1449/1240 995/1451/1242 996/1450/1241
f 180/1452/109 989/1453/1232 997/1454/1243
f 180/1452/109 997/1454/1243 998/1455/1244
f 180/1452/109 998/1455/1244 999/1171/1032
f 180/1452/109 999/1171/1032 185/1456/802
f 3155/1457/1245 3157/1458/1246 1087/1459/1247 1066/1460/1248
f 299/14/12 301/1461/1249 308/48/40 297/47/39
f 333/1462/1250 321/1463/1036 14/1464/119 332/1465/885
f 183/1329/1148 1005/1466/1251 1006/1467/1252
f 183/1329/1148 1006/1467/1252 186/1468/1253
f 183/1469/1148 186/1470/1253 188/1471/1149
f 186/1470/1253 184/1472/1254 188/1471/1149
f 184/1472/1254 1007/1473/1255 1008/892/801
f 184/1472/1254 1008/892/801 1009/1474/1256
f 184/1472/1254 1009/1474/1256 1011/1475/1257
f 1009/1474/1256 1010/464/422 1011/1475/1257
f 1447/18/14 1448/17/13 1443/1476/1258 284/1477/1259
f 185/1478/802 1013/1479/1260 982/1480/1261
f 185/1478/802 982/1480/1261 180/1481/109
f 1523/1482/1262 656/1483/1263 1520/1484/1264 1522/1485/1265
f 185/893/802 1014/1486/1266 1015/894/803
f 1404/1487/1267 1405/1488/1268 276/1489/1269 1403/1490/1270
f 918/1491/1271 922/1492/1272 3326/1493/1273 3330/1494/1274
f 187/1402/1200 1019/1495/1275 1020/1496/1276
f 187/1402/1200 1020/1496/1276 189/1497/1277
f 187/1402/1200 204/1498/1278 1021/1499/1279
f 187/1402/1200 1021/1499/1279 1019/1495/1275
f 187/1402/1200 189/1497/1277 1022/1500/1280
f 187/1402/1200 1022/1500/1280 956/1403/1192
f 185/1501/802 999/1502/1032 1023/1503/1035
f 185/1501/802 1023/1503/1035 1017/1504/1281
f 189/1505/1277 1024/1506/1282 1025/1507/387
f 189/1505/1277 1025/1507/387 1026/1508/390
f 189/1509/1277 1020/1510/1276 1027/1511/1283
f 189/1509/1277 1027/1511/1283 1024/1512/1282
f 1028/1513/1284 1029/1514/1285 192/1515/1286
f 1028/1513/1284 192/1515/1286 1030/1516/1287
f 1031/1517/1288 1032/1518/1289 194/1519/1290
f 1031/1517/1288 194/1519/1290 1029/1514/1285
f 190/1520/1291 1033/1172/1033 999/1171/1032
f 190/1520/1291 999/1171/1032 998/1455/1244
f 17/1521/1292 334/1522/1293 15/1523/1294 323/1524/1295
f 190/1525/1291 1034/1526/419 1035/1527/800
f 190/1525/1291 1035/1527/800 1036/1528/457
f 3072/1529/1296 3071/1530/1297 3074/1531/1298 3073/1532/1299
f 190/1533/1291 196/427/385 1037/1534/1300
f 196/427/385 1039/426/384 1037/1534/1300
f 549/1535/1301 546/1536/1302 62/1537/1303 545/1538/1304
f 190/1520/1291 206/1539/1305 1041/1540/1306
f 190/1520/1291 1041/1540/1306 1033/1172/1033
f 3244/1541/1307 873/1236/1081 872/1235/1080 3246/1542/1308
f 191/1543/1309 193/1544/940 1045/1545/939
f 191/1543/1309 1045/1545/939 1042/1546/1310
f 803/189/161 802/192/164 2255/1547/1311 804/1548/1312
f 194/1549/1290 971/1414/1211 970/1413/1210
f 194/1549/1290 970/1413/1210 193/1060/940
f 195/1383/1186 1048/1550/1313 1049/1551/1314
f 195/1383/1186 1049/1551/1314 1050/1552/1315
f 195/1383/1186 987/1437/1231 986/1436/1230
f 922/1492/1272 918/1491/1271 164/1553/1316 921/1554/1317
f 195/1383/1186 1054/1382/1185 210/1555/1318
f 195/1383/1186 210/1555/1318 1051/1556/1319
f 195/1557/1186 1050/1558/1315 1055/1559/1320
f 195/1557/1186 1055/1559/1320 1052/1560/1187
f 463/1561/1321 452/1562/1322 2414/1563/1323 2416/1564/1324
f 1530/1565/1325 1531/747/672 1533/1310/1135 1532/1566/1326
f 2290/473/431 2287/472/430 2286/1567/1327 2289/1568/1328
f 676/1569/1329 677/1570/749 101/1571/748 675/1572/747
f 794/1068/948 793/1067/947 3368/1573/1330 3354/1574/1331
f 198/1575/1332 1049/1576/1314 1067/1577/1333
f 198/1575/1332 1067/1577/1333 1065/1578/1334
f 198/1579/1332 203/1580/1335 1050/1581/1315
f 198/1579/1332 1050/1581/1315 1049/1582/1314
f 199/1583/427 1068/1584/426 1069/1585/1336
f 199/1583/427 1069/1585/1336 1070/1586/1337
f 199/1587/427 1070/1588/1337 1071/1589/1338
f 1065/1578/1334 1067/1577/1333 3150/1590/1339 3153/1591/1340
f 937/1592/1160 942/1593/1341 169/1594/1342 170/1595/1343
f 582/1596/1344 567/602/550 602/1597/1345 583/1598/1346
f 199/1587/427 205/1599/1347 1133/1600/1348
f 199/1587/427 1133/1600/1348 1074/1601/759
f 1411/1602/1349 1407/1603/1350 277/1604/1351 1409/1605/1352
f 353/1606/134 355/1607/1353 356/172/141 344/171/124
f 2470/1608/1354 2472/1426/1222 2523/1609/1355 2527/1610/1356
f 201/1611/1357 207/1612/1358 1081/1145/1012
f 201/1611/1357 1081/1145/1012 1082/1144/1011
f 2852/19/15 1447/18/14 2851/1613/1359 2850/1614/1360
f 473/390/350 489/1615/374 1655/1616/880 474/1617/1361
f 202/1618/1362 1060/1619/1363 1059/1620/1364
f 202/1618/1362 1059/1620/1364 1085/1621/1365
f 1313/1622/1366 1312/1623/1367 2720/1624/1368 2724/1625/1369
f 274/1626/1370 1395/1627/1371 1396/1628/1372 1391/1629/1373
f 2284/1630/1374 2285/1631/1375 772/1632/1376 771/1027/918
f 314/1633/51 10/1634/24 8/1635/23 313/1636/1377
f 204/1637/1278 1088/1638/1378 1087/1459/1247
f 204/1637/1278 1087/1459/1247 1021/1639/1279
f 205/1599/1347 1093/1640/236 212/1641/235
f 1297/1642/1379 1294/1643/1380 1821/1644/1381 1822/1645/1382
f 3411/1646/1383 1095/1647/1384 1096/1648/1385
f 3411/1646/1383 1096/1648/1385 1041/1540/1306
f 546/1536/1302 549/1535/1301 2648/1649/1386 2646/1650/1387
f 204/1498/1278 1092/1651/1388 1098/1652/1389
f 204/1498/1278 1098/1652/1389 1099/1653/1390
f 204/1654/1278 1099/1655/1390 1089/1656/1391
f 204/1654/1278 1089/1656/1391 1088/1657/1378
f 208/1658/1392 1100/1659/1393 1101/1660/1394
f 208/1658/1392 1101/1660/1394 1102/1661/1395
f 1104/1662/201 1105/1663/1396 1100/1664/1393
f 1104/1662/201 1100/1664/1393 208/1665/1392
f 1338/1666/1397 1820/1667/1398 2386/733/658 1333/732/657
f 737/1668/840 706/1669/787 3405/1670/1399 734/1671/837
f 209/501/459 1106/500/458 1107/1672/1400
f 209/501/459 1107/1672/1400 1108/1673/1401
f 209/1674/459 1108/1675/1401 1094/1676/1402
f 209/1674/459 1094/1676/1402 1040/1677/460
f 210/1555/1318 1054/1382/1185 1109/1678/1403
f 210/1555/1318 1109/1678/1403 1110/1679/1404
f 2463/1680/1405 2459/1681/1406 2458/1682/1407 2462/1683/1408
f 210/1555/1318 1112/1684/1409 1051/1556/1319
f 500/438/396 499/671/606 1707/1685/1410 1711/1686/1411
f 831/1687/1015 889/1688/1106 3395/1689/1412 832/1690/1016
f 1769/1691/1413 1770/1692/1414 1768/1693/1415 1767/1694/337
f 458/369/329 2536/1695/1416 2552/1696/1417 462/370/332
f 212/1641/235 1115/1697/729 217/1698/1418
f 1013/1699/1260 1007/1473/1255 1012/1700/1419 3319/1701/1420
f 2727/1702/1421 1269/1703/1422 255/43/35 1313/1622/1366
f 2957/1704/1423 2958/1705/1424 2956/1706/1425 2955/1707/1426
f 213/1055/935 1039/1708/384 1058/1709/383
f 213/1055/935 1058/1709/383 1118/1710/492
f 621/708/635 620/707/634 1719/1711/1427 1512/549/502
f 1854/1388/1191 1855/1387/1190 1852/1712/1428 1853/1713/1429
f 214/1714/1430 1094/1715/1402 1108/1716/1401
f 214/1714/1430 1108/1716/1401 1121/1717/1431
f 215/1718/1432 1123/1719/1433 1124/1720/1434
f 215/1718/1432 1124/1720/1434 1125/1721/1435
f 236/1722/1436 1229/1723/1437 2028/1724/1438 2024/1725/1439
f 215/1726/1432 1125/1727/1435 1126/1728/1440
f 215/1726/1432 1126/1728/1440 1127/1729/865
f 432/315/284 431/314/283 2530/1730/1441 2529/1731/1442
f 216/1732/1443 1129/1733/1444 1130/1734/1445
f 216/1732/1443 1130/1734/1445 1128/1735/1446
f 184/1472/1254 186/1470/1253 1012/1700/1419 1007/1473/1255
f 217/1698/1418 1132/1736/1447 1133/1600/1348
f 1133/1600/1348 1132/1736/1447 1134/1737/1448
f 1133/1600/1348 1134/1737/1448 1135/1738/1449
f 218/1739/1450 1136/1740/1451 1091/1741/1452
f 218/1739/1450 1091/1741/1452 1137/1742/1453
f 218/1743/1450 1137/1744/1453 221/1745/1454
f 218/1743/1450 221/1745/1454 1138/1746/90
f 218/1747/1450 1139/1748/1455 1140/1749/1456
f 218/1747/1450 1140/1749/1456 1136/1750/1451
f 219/1751/1457 1141/1752/1458 1142/1753/1459
f 742/1754/1460 743/1755/852 115/1756/851 741/1757/1461
f 812/1758/1462 138/1759/984 135/1109/980 811/1112/983
f 219/1751/1457 965/453/411 975/456/414
f 212/1760/235 225/1196/1052 1144/807/730
f 212/1760/235 1144/807/730 1115/806/729
f 212/266/235 1145/1761/1463 225/1762/1052
f 1145/1761/1463 1146/1763/1053 225/1762/1052
f 220/1764/578 1147/1765/1464 1148/1766/1465
f 220/1764/578 1148/1766/1465 1149/1767/1466
f 1896/1768/670 1113/1769/233 1893/1770/1134 1895/1771/1467
f 494/424/382 493/423/381 1628/1772/1468 1624/1773/1469
f 221/1774/1454 1156/1746/1470 1158/1775/1471
f 1156/1746/1470 1157/1776/1472 1158/1775/1471
f 221/1777/1454 1158/1778/1471 1159/103/87
f 221/1777/1454 1159/103/87 1138/106/90
f 222/1779/1473 1160/1780/1474 223/1781/1475
f 1160/1780/1474 1161/1782/112 223/1781/1475
f 222/1779/1473 1162/1783/1476 1163/1784/1477
f 222/1779/1473 1163/1784/1477 1160/1780/1474
f 222/1785/1473 223/1786/1475 230/1787/1478
f 222/1785/1473 230/1787/1478 1164/1788/1479
f 875/1789/1115 3392/1790/1480 3391/1791/1481 3394/1792/1482
f 529/1793/1483 502/1794/930 2651/1795/1484 550/1796/1485
f 223/1786/1475 1161/133/112 1172/132/111
f 223/1786/1475 1172/132/111 230/1787/1478
f 224/1797/1486 1173/1798/1487 1174/1799/1488
f 224/1797/1486 1174/1799/1488 1175/1800/1489
f 224/1797/1486 1176/1801/1490 230/1787/1478
f 224/1797/1486 230/1787/1478 1173/1798/1487
f 226/1802/1491 1166/1803/1492 1135/1804/1449
f 226/1802/1491 1135/1804/1449 1177/1805/506
f 475/1806/1493 474/1617/1361 1653/995/890 417/994/889
f 2789/1807/1494 1448/1808/13 2856/1809/16 2858/1810/1495
f 1988/1811/1496 1117/1812/1497 1985/783/706 1987/782/705
f 193/1060/940 970/1413/1210 1803/1813/1498 1046/1061/941
f 228/1814/1499 1180/1815/1500 1181/1816/1501
f 228/1814/1499 1181/1816/1501 1182/1817/1502
f 602/1597/1345 567/602/550 75/601/549 601/1818/1503
f 1030/1516/1287 1787/1819/1504 1786/1820/1505 1028/1513/1284
f 498/672/607 1661/1821/1506 1706/1822/1507 499/671/606
f 2011/1823/1508 2010/1824/1509 2118/1825/1510 2016/1826/514
f 2037/1827/1511 2038/1828/1512 2034/1829/1513 2033/1830/1514
f 230/1831/1478 1176/1832/1490 1192/1833/1515
f 230/1831/1478 1192/1833/1515 1164/1834/1479
f 224/1835/1486 1194/1836/1516 1195/1837/1517
f 224/1835/1486 1195/1837/1517 1176/1832/1490
f 224/1797/1486 1196/1838/1518 1194/1839/1516
f 231/1840/1519 1197/1841/1520 1198/1842/1521
f 231/1840/1519 1198/1842/1521 1199/1843/1522
f 2018/1844/250 2014/1845/249 2012/1846/1523 2017/1847/513
f 2388/1848/1524 1834/1849/1525 1827/1850/1526 1825/1851/1527
f 312/76/62 9/46/38 6/45/37 311/1852/1528
f 1091/1741/1452 1092/1651/1388 204/1498/1278 1018/1853/1529
f 757/1854/1530 3403/1855/1531 764/1000/895 762/999/894
f 233/1856/1532 1207/1857/1533 1208/1858/1534
f 233/1856/1532 1208/1858/1534 1209/1859/1535
f 3255/1860/1536 3254/1861/491 3267/325/294 3258/324/293
f 233/1862/1537 1213/1863/1538 1214/1864/1539
f 233/1862/1537 1214/1864/1539 1215/1865/1540
f 234/1361/1170 1216/1866/1541 1217/565/516
f 1216/1866/1541 238/566/517 1217/565/516
f 234/1867/1170 250/1868/1169 254/1869/1542
f 234/1867/1170 254/1869/1542 1216/1870/1541
f 1217/565/516 1218/1871/1543 234/1361/1170
f 234/1872/1544 1219/1873/1545 1220/1874/1546
f 234/1872/1544 1220/1874/1546 251/1875/1547
f 234/1876/1544 251/1877/1547 1219/1878/1545
f 2713/1879/1548 2714/135/114 2712/134/113 2711/1880/1549
f 2293/1881/1550 756/474/432 2290/473/431 2292/1882/1551
f 1943/1883/1552 1940/1884/1553 1939/1885/1554 1938/1886/1555
f 1777/1887/1144 1778/1888/1143 1776/1889/1556 1775/1890/1557
f 2465/1891/1558 2466/1892/1559 2463/1680/1405 2462/1683/1408
f 236/1893/1436 1230/1894/1560 1231/561/512
f 409/1029/230 408/1028/919 2404/1895/1561 420/1896/1562
f 237/1897/1563 1215/1898/1540 1214/1899/1539
f 237/1897/1563 1214/1899/1539 1232/1900/1564
f 237/1901/1563 1232/1902/1564 1233/1903/1565
f 237/1901/1563 1233/1903/1565 1234/1904/1566
f 1994/1905/1567 1993/1906/403 2132/1907/406 2134/1908/1568
f 238/1909/517 1237/1910/1569 1238/1911/1570
f 238/1909/517 1238/1911/1570 1235/1912/518
f 1717/1913/1571 1718/1914/1572 1716/1915/1573 1715/1916/1574
f 2954/1917/1575 2952/1918/1576 2951/1919/1577 2950/1920/1578
f 239/1921/1579 1111/1922/1580 210/1555/1318
f 239/1921/1579 210/1555/1318 1148/1766/1465
f 239/1923/1579 1242/1924/1581 1243/1925/1582
f 239/1923/1579 1243/1925/1582 1111/1926/1580
f 239/1921/1579 1148/1766/1465 1147/1765/1464
f 239/1921/1579 1147/1765/1464 244/1927/1583
f 239/1928/1579 244/1929/1583 1244/690/36
f 239/1928/1579 1244/690/36 256/1930/1584
f 240/1931/1585 1245/1932/1586 1246/1933/1587
f 240/1931/1585 1246/1933/1587 1247/1934/1588
f 2621/1935/1129 314/1936/51 313/1937/1377 293/6/6
f 1641/1938/1589 470/1939/1590 46/387/347 1642/1940/1591
f 112/1941/829 719/1942/1592 1753/1943/1593 1752/1944/1594
f 2272/491/449 2271/490/448 2275/1945/1595 2276/1946/1596
f 242/1947/1597 1255/1948/1598 1198/1949/1521
f 242/1947/1597 1198/1949/1521 1256/1950/1599
f 2311/1951/1600 2307/1952/1601 2306/1953/1602 2310/1954/1603
f 1710/1955/1604 1712/1956/1605 1711/1686/1411 1707/1685/1410
f 2403/1957/1606 421/1958/1607 44/1959/333 469/382/342
f 243/1960/1608 1263/1961/1609 1264/1962/1610
f 243/1960/1608 1264/1962/1610 1260/1963/1611
f 2112/1964/1612 2056/1965/1613 2108/1966/1614 2095/1967/1615
f 1057/536/386 1056/1968/1616 3267/1969/294 3254/537/491
f 1100/1664/1393 1105/1663/1396 3256/1970/1617 3257/1971/1618
f 1021/1499/1279 1087/1972/1247 3157/1973/1246 3158/1974/1619
f 2481/1975/1620 2467/1976/1621 2507/1164/1025 2506/1167/1028
f 698/858/775 106/857/774 104/1977/770 697/1978/772
f 1382/1979/244 1354/1980/1622 2823/1981/1623 2825/1982/1624
f 2309/1983/816 2310/1954/1603 2306/1953/1602 2305/1984/1625
f 1094/1676/1402 1095/1985/1384 206/1986/1305 1040/1677/460
f 247/1987/1626 1276/1988/1627 1277/1989/1628
f 247/1987/1626 1277/1989/1628 1278/1990/563
f 593/1991/598 605/1992/1629 2667/1993/1630 594/1994/599
f 1410/1995/1631 1408/1996/1632 276/1489/1269 1405/1488/1268
f 2671/1997/1633 2684/1998/1634 2676/1999/1635 2672/2000/1636
f 5/2001/17 305/2002/22 296/8/8 295/7/7
f 1286/2003/1637 1270/2004/1638 1248/2005/1639
f 249/2006/1640 1285/2007/1641 1284/2008/1642
f 1316/2009/1643 1315/2010/1644 257/2011/1645 1314/2012/99
f 252/2013/175 1292/2014/174 1293/2015/874
f 252/2013/175 1293/2015/874 1294/1643/1380
f 401/2016/219 34/246/217 33/232/203 400/245/216
f 252/2013/175 1294/1643/1380 1297/1642/1379
f 252/2013/175 1297/1642/1379 1298/2017/1646
f 603/2018/1647 601/2019/1503 75/2020/549 600/2021/1648
f 2090/2022/1649 2091/2023/1650 2088/256/225 2086/259/228
f 1314/115/99 1318/118/102 1327/2024/1651 1316/2025/1643
f 3307/2026/1652 3308/2027/1653 3306/2028/1654 3305/2029/1655
f 686/2030/1656 683/162/139 102/161/138 685/2031/752
f 254/1869/1542 1307/2032/1657 261/2033/1658
f 254/1869/1542 261/2033/1658 260/2034/1659
f 254/2035/1542 250/2036/1169 1308/2037/1660
f 254/2035/1542 1308/2037/1660 1307/2038/1657
f 250/2036/1661 1309/2039/1662 1310/2040/1663
f 250/2036/1661 1310/2040/1663 1308/2037/1664
f 250/1360/1169 1307/2041/1657 1308/2042/1660
f 250/1360/1661 1308/2042/1664 1309/2043/1662
f 2943/2044/1665 2944/2045/1666 2942/2046/1667 2940/2047/1668
f 255/1374/35 1269/2048/1422 256/2049/1584
f 255/1374/35 256/2049/1584 1244/2050/36
f 650/2051/1669 647/770/693 94/769/692 649/2052/1670
f 1671/2053/1671 1669/2054/1672 1668/2055/1673 490/2056/1674
f 1054/1382/1185 1053/1381/1184 3033/2057/1675 1109/1678/1403
f 1856/2058/1676 1858/2059/1677 2377/2060/1678 1853/1713/1429
f 1976/2061/1679 1977/2062/1680 1975/2063/1681 1973/2064/1682
f 1275/2065/1683 1273/2066/1684 3041/2067/1685 1279/2068/1686
f 250/1360/1169 1240/1359/1168 262/2069/1687
f 250/1360/1169 262/2069/1687 263/2070/1688
f 250/1360/1169 263/2070/1688 1307/2041/1657
f 263/2070/1688 261/2071/1658 1307/2041/1657
f 258/2072/1689 1319/2073/1690 1320/2074/1691
f 258/2072/1689 1320/2074/1691 1321/2075/1692
f 258/2076/1689 1321/2077/1692 1322/2078/1693
f 259/2079/1694 1323/1435/1229 1324/2080/1695
f 259/2079/1694 1324/2080/1695 1325/2081/1696
f 2423/2082/1697 2426/694/608 455/693/326 2421/2083/1698
f 259/2084/1694 1327/2024/1651 1323/2085/1229
f 1327/2024/1651 1318/118/102 1323/2085/1229
f 260/2086/1659 261/2087/1658 263/2088/1688
f 260/2086/1659 263/2088/1688 262/2089/1687
f 2171/2090/1699 2133/2091/1700 2168/2092/1701 2170/2093/1702
f 1399/2094/267 1398/2095/266 2105/2096/1703 1403/1490/1270
f 262/2069/1687 1331/2097/1704 1332/2098/1705
f 262/2069/1687 1332/2098/1705 1328/2099/1706
f 2620/1306/1131 2595/2100/1707 2618/2101/1708 2619/1307/1132
f 1333/732/657 1334/2102/1709 1335/2103/1710
f 264/2104/1711 1336/2105/1712 1337/2106/1713
f 264/2104/1711 1337/2106/1713 1338/1666/1397
f 264/2104/1711 1338/1666/1397 1333/732/657
f 265/2107/1714 1339/2108/1715 1340/2109/1716
f 265/2107/1714 1340/2109/1716 1341/2110/1717
f 3293/2111/1718 3294/2112/1719 3292/2113/1720 3291/2114/1721
f 265/2115/1714 1341/2116/1717 1342/2117/1722
f 265/2115/1714 1342/2117/1722 1343/2118/1723
f 266/1442/27 1345/2119/1724 1346/2120/148
f 266/1442/27 1346/2120/148 270/2121/147
f 392/2122/204 397/2123/205 2444/2124/1725 2443/2125/1726
f 266/35/27 270/2126/147 1350/2127/1727
f 266/35/27 1350/2127/1727 1347/36/28
f 267/2128/1728 1351/2129/1729 1352/2130/1730
f 267/2128/1728 1352/2130/1730 1353/2131/1731
f 267/2132/1728 1354/2133/1622 1355/2134/1732
f 267/2132/1728 1355/2134/1732 1356/2135/1733
f 268/289/258 1357/2136/1734 1358/2137/1735
f 268/289/258 1358/2137/1735 1359/290/259
f 3037/2138/1736 1124/1720/1434 3036/2139/1737 3016/2140/1738
f 1182/2141/1502 1203/2142/1739 232/2143/1740 1183/2144/1741
f 269/2145/1742 1364/2146/1743 1365/2147/1744
f 269/2145/1742 1365/2147/1744 1366/2148/1745
f 2893/2149/1746 2891/2150/1747 2935/2151/1748 2937/2152/1749
f 269/2145/1742 1368/2153/1750 1369/2154/1751
f 269/2145/1742 1369/2154/1751 1364/2146/1743
f 1379/498/456 1380/2155/1752 271/2156/1753 1378/495/453
f 3272/2157/1013 3271/2158/1754 1062/2159/1755 1061/2160/1756
f 270/2161/147 1372/2162/1757 1374/2163/1758
f 270/2161/147 1374/2163/1758 1350/2164/1727
f 271/2156/1753 2995/2165/1759 1375/2166/1760
f 271/2156/1753 1375/2166/1760 1376/2167/1761
f 2118/2168/1510 2119/2169/1762 2117/560/511 2016/563/514
f 1763/2170/1763 1764/2171/1764 1762/2172/1765 1761/2173/1766
f 655/2174/1767 654/2175/1768 1525/2176/1769 1526/2177/1770
f 272/287/256 1359/290/259 1383/2178/1771
f 272/287/256 1383/2178/1771 1384/2179/1772
f 272/287/256 1385/2180/1773 1386/2181/1774
f 272/287/256 1386/2181/1774 1387/2182/1775
f 2153/2183/1776 2123/2184/1777 2120/2185/1778 2119/2169/1762
f 273/2186/455 1390/2187/1779 1391/1629/1373
f 273/2186/455 1391/1629/1373 1379/2188/456
f 2964/2189/1780 2965/2190/1781 2963/2191/1782 1471/2192/1783
f 274/2193/1370 1391/2194/1373 1390/2195/1779
f 274/2193/1370 1390/2195/1779 1393/1153/1018
f 738/2196/1784 767/2197/1785 835/2198/1786 834/2199/1787
f 2610/2200/523 2611/2201/1788 2609/2202/1138 2608/2203/1789
f 275/296/265 1397/2204/1790 1398/297/266
f 1330/2205/237 1331/2097/1704 262/2069/1687 1240/1359/1168
f 2589/2206/1791 2587/2207/1792 2586/790/713 2431/789/712
f 1646/2208/1793 1643/2209/1794 1632/572/521 1631/2210/1795
f 1019/1495/1275 1021/1499/1279 3158/1974/1619 3137/2211/1796
f 2457/2212/1797 395/503/461 2454/506/464 2456/2213/1798
f 2158/1096/972 2216/2214/1799 2215/2215/1800 2218/1093/969
f 276/2216/1269 1408/2217/1632 1409/1605/1352
f 276/2216/1269 1409/1605/1352 277/1604/1351
f 3051/2218/1801 1319/2073/1690 3081/2219/1802 3080/2220/1803
f 3149/2221/1804 1004/1300/1126 3146/2222/1805 3148/2223/1806
f 2328/2224/1807 2330/713/640 2333/493/451 520/391/351
f 99/814/737 673/819/742 3370/2225/1808 674/820/743
f 278/2226/1809 1415/2227/1810 1416/2228/1811
f 278/2226/1809 1416/2228/1811 1417/2229/1812
f 278/2226/1809 281/2230/1813 1418/2231/1814
f 278/2226/1809 1418/2231/1814 1415/2227/1810
f 2430/2232/1815 2433/322/291 440/321/290 2428/674/609
f 2482/2233/1816 2483/2234/1817 2484/2235/438 2476/2236/437
f 1890/293/262 1891/1308/1133 1889/2237/1818 1888/2238/1819
f 279/2239/1820 1424/2240/1821 1425/2241/1822
f 279/2239/1820 1425/2241/1822 1420/2242/1823
f 1436/2243/1824 1435/2244/1825 2110/2245/1826 2053/2246/1827
f 3170/2247/1828 1201/2248/1829 3167/2249/1830 3169/2250/1831
f 2362/2251/1832 747/2252/1833 746/2253/1834 714/2254/795
f 280/2255/1835 1431/2256/1836 283/2257/1837
f 280/2255/1835 283/2257/1837 1432/2258/1838
f 280/2259/1835 1432/2260/1838 1410/2261/1631
f 280/2259/1835 1410/2261/1631 1405/2262/1268
f 854/1201/1057 761/1200/1056 3388/2263/1839 968/1410/1207
f 1202/2264/1840 1200/2265/1841 231/1840/1519 1199/1843/1522
f 532/53/45 531/56/48 558/578/527 557/577/526
f 1831/2266/1842 1827/2267/1526 1834/2268/1525 1835/2269/1843
f 1794/2270/1844 930/2271/1845 1791/2272/1846 1793/2273/1847
f 1991/2274/1848 1145/1761/1463 1988/1811/1496 1990/2275/1849
f 283/2276/1837 1431/2277/1836 1441/2278/1850
f 283/2276/1837 1441/2278/1850 1442/2279/1851
f 284/1477/1259 1443/1476/1258 1444/2280/1852
f 888/2281/1105 887/2282/1104 2979/778/701 2983/777/700
f 3065/2283/1853 3077/2284/1854 3064/2285/1855 3063/2286/1856
f 284/1477/1259 1446/2287/1857 1447/18/14
f 285/2288/1858 1449/2289/1859 1450/2290/1860
f 285/2288/1858 1450/2290/1860 1451/2291/1861
f 1453/2292/1862 1454/2293/1863 1449/2289/1859
f 1453/2292/1862 1449/2289/1859 285/2288/1858
f 285/2288/1858 1451/2291/1861 1452/2294/1864
f 285/2288/1858 1452/2294/1864 1453/2292/1862
f 286/2295/1865 1455/2296/1866 1454/2297/1863
f 286/2295/1865 1454/2297/1863 1456/2298/1867
f 286/2295/1865 1457/2299/1868 1458/2300/1091
f 286/2295/1865 1458/2300/1091 1455/2296/1866
f 1146/1763/1053 1145/1761/1463 1991/2274/1848 1995/2301/1869
f 2711/2302/1549 2712/2303/113 2710/2304/1870 2709/2305/1871
f 178/455/413 977/2306/1872 2699/2307/1873 2701/2308/1874
f 1095/1985/1384 1094/1676/1402 214/2309/1430 1096/2310/1385
f 288/2311/1875 1465/2312/1876 1466/2313/1877
f 288/2314/1875 1466/2315/1877 1467/2316/1878
f 288/2314/1875 1467/2316/1878 1468/2317/1879
f 288/2318/1875 1468/2319/1879 2949/2320/1880
f 1468/2319/1879 1469/2321/1881 2949/2320/1880
f 1474/2322/1882 1475/2323/1883 1467/2316/1878
f 1474/2322/1882 1467/2316/1878 1476/2324/1884
f 548/2325/1885 547/2326/1886 2640/2327/1887 2652/2328/1888
f 289/463/421 1038/462/420 1477/2329/934
f 289/463/421 1477/2329/934 1478/2330/1889
f 789/2331/1890 790/1446/1237 127/1124/993 787/2332/1891
f 3283/2333/1892 3284/2334/1893 3282/2335/1894 3281/2336/1895
f 1217/565/516 1236/564/515 2076/953/856 1218/1871/1543
f 1480/2337/1896 1485/2338/1897 1486/2339/1898
f 1480/2337/1896 1486/2339/1898 1487/2340/1899
f 1480/2337/1896 1487/2340/1899 1488/2341/1900
f 1480/2337/1896 1488/2341/1900 1481/2342/1901
f 1435/2244/1825 1434/386/346 2111/385/345 2110/2245/1826
f 1136/1750/1451 1140/1749/1456 3037/2138/1736 3038/2343/1902
f 484/2344/1903 482/2345/1904 2566/2346/1905 2567/2347/1906
f 2042/2348/1907 2043/1419/1216 2039/2349/1908 2038/1828/1512
f 2120/2185/1778 2121/2350/1909 2117/560/511 2119/2169/1762
f 1741/2351/1910 693/2352/1911 2280/2353/1912 1743/2354/1913
f 778/1043/922 779/1042/925 1764/2355/1764 1766/2356/1914
f 543/436/394 62/2357/1303 2659/665/602 2661/433/391
f 550/1796/1485 544/2358/1915 2665/2359/1916 530/2360/574
f 2205/1363/1172 2218/1093/969 2215/2215/1800 2207/2361/1917
f 1086/2362/808 1085/1621/1365 3311/2363/1918 3313/2364/809
f 903/1287/1117 898/2365/1919 1794/2366/1844 1796/2367/1920
f 1254/1241/1086 1253/1244/1089 245/2368/1921 1268/2369/1922
f 1183/2370/1741 1184/2371/1923 228/1814/1499 1182/1817/1502
f 1277/1989/1628 1276/1988/1627 3044/2372/1924 3045/2373/1925
f 1364/2146/1743 1369/2154/1751 1824/2374/1926 1826/2375/1927
f 2312/2376/1928 2307/1952/1601 2311/1951/1600 749/2377/1929
f 2372/2378/1225 2373/2379/1930 2371/2380/1931 2370/2381/1932
f 1560/2382/1933 1566/2383/1934 1595/2384/1935 1561/2385/1936
f 2630/2386/1937 2629/2387/1938 2628/2388/1939 2411/2389/1940
f 2845/2390/1941 2846/2391/1942 2844/2392/1943 2843/2393/1944
f 1973/2064/1682 1971/2394/1945 2050/2395/1946 1976/2061/1679
f 570/2396/1947 667/811/734 1548/2397/1948 571/618/564
f 2815/2398/1949 2804/2399/1950 2873/2400/1951 2817/2401/1952
f 1515/2402/1953 82/698/629 621/708/635
f 1516/2403/1954 641/2404/1955 613/2405/628
f 1516/2403/1954 613/2405/628 609/2406/619
f 1516/2403/1954 609/2406/619 608/699/618
f 2922/2407/1956 2923/2408/1957 2921/2409/1958 2920/2410/1959
f 2350/2411/1960 2351/2412/1961 2343/2413/1962 2342/2414/1963
f 2819/2415/1964 2818/2416/1965 2877/2417/1966 2879/2418/1967
f 301/1461/1249 300/2419/1968 1584/2420/1969 1583/2421/1970
f 678/828/750 677/827/749 126/1052/932 780/1053/933
f 2298/2422/1971 2341/2423/1972 2344/2424/1973 2300/2425/1974
f 864/410/370 816/1122/991 135/1121/980 815/2426/986
f 1100/1664/1393 3257/1971/1618 3262/2427/1975 1101/2428/1394
f 939/2429/1976 938/1343/1158 167/1342/1145 928/1141/1008
f 3413/2430/1977 2839/2431/963 2746/2432/962 2745/2433/1978
f 891/1139/1006 890/2434/1107 3316/2435/1979 3317/1140/1007
f 1479/2436/1980 1010/464/422 289/463/421 1478/2330/1889
f 1887/2437/1981 2259/294/263 1890/293/262 1888/2238/1819
f 1167/2438/1982 1168/2439/760 1165/2440/1983 1166/2441/1492
f 588/2442/1984 587/2443/1985 603/2444/1647 600/2445/1648
f 1527/2446/1986 1528/2447/1987 1529/748/673
f 2417/2448/1988 460/2449/330 2416/1564/1324 2415/2450/1989
f 249/2451/1640 1248/2452/1639 240/2453/1585 1247/2454/1588
f 1530/1565/1325 1532/1566/1326 668/2455/735
f 1530/1565/1325 668/2455/735 98/2456/471
f 1719/1711/1427 620/707/634 1716/1915/1573 1718/1914/1572
f 1532/1566/1326 1533/1310/1135 1534/351/317
f 1532/1566/1326 1534/351/317 1535/350/316
f 1532/1566/1326 1535/350/316 668/2455/735
f 1882/2457/1990 914/2458/362 1879/2459/1991 1881/377/339
f 2101/2460/843 2100/1072/952 1428/1071/951 1427/2461/1992
f 1535/2462/316 1539/2463/1993 669/813/736
f 1535/2462/316 669/813/736 668/812/735
f 2820/2464/1994 2821/2465/1995 2884/2466/1996 2822/2467/1997
f 2281/2468/1998 2278/2469/1999 2277/2470/2000 2280/2353/1912
f 1920/2471/2001 1925/2472/2002 1966/2473/2003 1921/2474/2004
f 1731/2475/2005 1729/2476/2006 1728/2477/2007 1708/2478/2008
f 980/2479/534 979/2480/2009 1792/2481/2010 1797/2482/2011
f 656/2483/1263 654/2175/1768 96/2484/678 640/2485/655
f 645/2486/2012 1689/2487/2013 2356/1337/1154 646/2488/2014
f 2708/2489/2015 1143/2490/2016 2705/2491/2017 2707/2492/2018
f 2267/2493/2019 2266/2494/2020 2365/2495/2021 2270/2496/2022
f 1551/2497/2023 1550/2498/2024 45/2499/341
f 1551/2497/2023 45/2499/341 466/2500/336
f 2354/2501/1155 662/2502/2025 2351/2412/1961 2353/2503/1156
f 553/895/804 511/584/533 65/576/525 552/2504/2026
f 1537/2505/315 680/824/746 2685/2506/2027 1538/2507/2028
f 1499/2508/2029 934/2509/2030 1496/2510/2031 1498/2511/2032
f 1926/2512/2033 1917/2513/2034 2228/2514/2035 1930/2515/2036
f 2834/2516/2037 2829/277/246 2830/2517/2038 2833/2518/2039
f 2890/2519/2040 2889/2520/2041 2891/2150/1747 2892/2521/2042
f 2887/2522/2043 2886/2523/2044 2929/2524/2045 2931/2525/2046
f 1574/2526/2047 1570/2527/2048 1569/2528/2049 1573/2529/2050
f 3152/2530/2051 3151/2531/2052 3162/2532/2053 3160/2533/2054
f 2193/2534/2055 2192/2535/2056 2198/2536/2057 2202/2537/2058
f 3164/2538/2059 3165/2539/2060 3163/2540/2061 3162/2541/2053
f 2865/2542/2062 2864/2543/2063 2909/2544/2064 2911/2545/2065
f 2920/2410/1959 2921/2409/1958 2919/2546/2066 2918/2547/2067
f 3342/2548/2068 3341/2549/2069 3345/2550/2070 3346/2551/2071
f 1055/1559/1320 1090/2552/2072 3024/2553/2073 3026/2554/2074
f 2936/2555/2075 2934/2556/2076 2965/2190/1781 2967/2557/2077
f 1344/2558/2078 2762/2559/2079 2761/2560/2080 2760/2561/2081
f 1594/2562/2082 1593/2563/2083 1635/2564/2084 1596/1020/911
f 1958/2565/2085 1951/2566/2086 1957/228/199 1295/204/176
f 2704/2567/2087 2702/2568/2088 2770/2569/2089 2771/2570/2090
f 1420/2242/1823 1425/2241/1822 1969/2571/2091 1967/2572/2092
f 634/476/434 629/737/662 95/738/663 635/2573/2093
f 684/159/136 683/162/139 2318/1409/1206 2320/2574/2094
f 933/2575/300 3417/2576/2095 166/1286/1116 904/1285/297
f 1584/2577/1969 1585/2578/2096 1586/558/509
f 1584/2577/1969 1586/558/509 1581/557/66
f 1606/2579/2097 612/2580/2098 3408/2581/2099 1607/2582/2100
f 1584/2420/1969 300/2419/1968 1587/2583/2101
f 1584/2420/1969 1587/2583/2101 1585/2584/2096
f 1941/1445/1236 1942/1444/1235 1939/1885/1554 1940/1884/1553
f 788/1008/901 785/2585/2102 127/1124/993 136/1005/898
f 1075/2586/758 1129/2587/1444 216/2588/1443 1072/2589/428
f 538/2590/2103 521/966/869 60/530/486 534/2591/2104
f 1122/1173/1034 1096/1648/1385 214/2592/1430 1121/2593/1431
f 1641/1938/1589 1642/1940/1591 1640/2594/2105 1639/97/81
f 2664/435/393 2665/2359/1916 544/2358/1915 543/436/394
f 1739/717/644 649/2052/1670 94/769/692 652/718/645
f 326/2595/2106 350/2596/131 2485/2597/2107 327/2598/2108
f 3034/2599/2109 3007/2600/2110 3006/2601/2111 3011/2602/2112
f 3340/2603/2113 3341/2604/2069 3337/2605/2114 3336/2606/2115
f 1808/2607/2116 1809/2608/2117 1807/2609/2118 1806/2610/2119
f 3377/2611/2120 3345/2550/2070 3384/2612/2121 3379/2613/2122
f 2813/2614/2123 2807/2615/2124 2811/2616/2125 2812/2617/2126
f 356/164/141 355/2618/1353 2612/2619/2127 357/165/142
f 1917/2513/2034 1916/2620/2128 2247/2621/2129 2228/2514/2035
f 1806/2610/2119 1805/2622/2130 1872/2623/2131 1808/2607/2116
f 862/2624/1071 823/2625/2132 150/2626/366 861/2627/2133
f 1599/2628/2134 1600/2629/2135 573/2630/2136
f 3284/2334/1893 3283/2333/1892 3309/2631/2137 3287/2632/2138
f 724/2633/2139 723/2634/2140 3403/2635/1531 742/1754/1460
f 423/301/270 425/300/269 2642/2636/2141 2645/2637/2142
f 2831/2638/2143 1339/2639/1715 1344/2558/2078 2760/2561/2081
f 3156/2640/2144 3157/1458/1246 3155/1457/1245 3154/2641/2145
f 1603/2642/2146 577/2643/570 568/2644/558
f 1603/2642/2146 568/2644/558 573/2645/2136
f 1927/2646/2147 1924/2647/2148 1923/2648/2149 1926/2512/2033
f 2022/2649/2150 2027/2650/2151 2064/2651/2152 2023/2652/2153
f 936/2653/2154 935/2654/2155 943/2655/2156 3390/2656/2157
f 1803/1813/1498 1804/2657/2158 1805/2622/2130 1806/2610/2119
f 2596/2658/2159 2424/2659/2160 2601/2660/2161 2597/2661/2162
f 2857/2662/2163 2855/2663/2164 2901/2664/2165 2860/2665/2166
f 2514/2666/2167 2515/2667/2168 2513/2668/2169 2512/2669/2170
f 1599/2628/2134 1557/2670/2171 1598/2671/2172 479/403/363
f 2942/2046/1667 2903/2672/2173 2941/2673/2174 2940/2047/1668
f 2298/2422/1971 2296/2674/2175 2342/2414/1963 2341/2423/1972
f 1615/2675/2176 1601/2676/2177 478/398/358
f 1615/2675/2176 478/398/358 477/397/357
f 74/2677/597 597/2678/2178 2666/2679/2179 604/2680/2180
f 1509/2681/2181 1510/2682/2182 1507/2683/2183 1506/2684/2184
f 728/2685/828 2283/2686/2185 2282/2687/2186 695/2688/768
f 2887/2522/2043 2888/2689/2187 2885/2690/2188 2886/2523/2044
f 3143/2691/2189 3141/2692/2190 3178/2693/2191 3168/2694/2192
f 2713/2695/1548 2711/2302/1549 2778/2696/2193 2718/2697/2194
f 2274/517/474 2273/2698/2195 2279/2699/2196 2360/2700/2197
f 642/2701/2198 641/2404/1955 1514/2702/2199 1517/2703/2200
f 3304/2704/2201 3270/2705/2202 3302/2706/2203 3303/2707/2204
f 2841/2708/2205 2842/2709/2206 2840/2710/2207 2826/2711/2208
f 800/84/68 799/1077/955 2245/2712/2209 2237/2713/2210
f 3273/2714/2211 3269/2715/2212 1097/2716/2213 1078/2717/2214
f 2375/2718/2215 2376/2719/2216 2374/2720/2217 2373/2721/1930
f 559/2722/2218 556/2723/2219 597/2724/2178 596/2725/2220
f 3207/2726/2221 3206/2727/2222 3234/2728/2223 3236/2729/2224
f 2673/2730/2225 2670/2731/2226 2669/2732/2227 2672/2733/1636
f 343/143/122 342/142/121 1637/2734/2228 1590/2735/2229
f 891/1271/1006 927/1322/1005 929/1325/1146 892/1270/1108
f 1630/2736/93 1633/2737/92 382/2738/179
f 1630/2736/93 382/2738/179 1631/2739/1795
f 754/2740/2230 755/471/429 117/774/697 753/773/696
f 511/584/533 510/2741/2231 54/465/423 509/466/424
f 2760/2561/2081 2759/2742/2232 2832/2743/2233 2831/2638/2143
f 2753/2744/2234 2754/750/675 2752/749/674 2751/2745/2235
f 2296/2674/2175 2297/2746/2236 2293/1881/1550 2295/2747/2237
f 3218/2748/2238 3216/2749/2239 3241/2750/2240 3221/2751/2241
f 1687/2752/2242 539/2753/2243 1685/67/55 1686/66/54
f 1683/1062/942 1684/68/56 1682/2754/2244 1681/1063/943
f 2039/2349/1908 2043/1419/1216 2044/1418/1215 2040/2755/2245
f 662/2756/2025 659/2757/720 2343/2758/1962 2351/2759/1961
f 2363/2760/2246 713/890/793 718/889/799 833/2761/2247
f 2940/2047/1668 2941/2673/2174 2939/2762/2248 2938/2763/2249
f 3268/2764/2250 3416/2765/2251 186/2766/1253 1006/2767/1252
f 379/199/171 378/198/170 2436/2768/2252 2435/2769/2253
f 2484/2770/438 2483/2771/1817 2488/2772/2254 2491/2773/2255
f 2449/2774/2256 2450/2775/2257 2448/2776/2258 2447/2777/2259
f 1642/1940/1591 46/387/347 475/1806/1493
f 1642/1940/1591 475/1806/1493 417/994/889
f 1641/1938/1589 399/2778/2260 470/1939/1590
f 2451/2779/2261 2450/2775/2257 2550/2780/811 2546/2781/2262
f 2617/2782/2263 307/2783/1157 2618/2101/1708 2600/2784/2264
f 2450/2775/2257 2449/2774/2256 2554/2785/812 2550/2780/811
f 2169/2786/2265 2167/2787/2266 2195/2788/2267 2175/2789/2268
f 3286/2790/2269 894/1272/1109 893/1207/1061 953/1210/1064
f 1646/2791/1793 1647/2792/2270 1648/2793/2271
f 1646/2791/1793 1648/2793/2271 1643/2794/1794
f 1646/2208/1793 1631/2210/1795 382/207/179
f 1646/2208/1793 382/207/179 381/206/178
f 1646/2208/1793 381/206/178 386/210/182
f 1646/2208/1793 386/210/182 1647/2795/2270
f 1491/2796/2272 1492/1090/967 1489/1089/966 1490/2797/2272
f 2382/1430/1226 2383/2798/2273 2384/2799/508 2381/1431/1227
f 1648/2800/2271 1647/2795/2270 1652/996/891
f 1648/2800/2271 1652/996/891 1649/2801/2274
f 732/2802/835 731/932/834 766/1003/897 765/1002/896
f 2647/2803/2275 387/215/187 359/167/144 2644/2804/2276
f 547/2326/1886 548/2325/1885 62/2357/1303 546/2805/1302
f 702/2806/783 725/2807/2277 3405/1670/1399 706/1669/787
f 1654/2808/2278 1657/1119/989 1650/1118/988
f 1654/2808/2278 1650/1118/988 1649/2809/2274
f 2291/2810/2279 2292/2811/1551 2290/2812/431 2289/2813/1328
f 2593/2814/2280 2590/2815/2281 2589/2206/1791 2592/2816/2282
f 365/183/155 364/182/154 2398/2817/2283 2400/2818/2284
f 2742/2819/2285 2741/2820/2286 2814/2821/2287 2745/2433/1978
f 690/2822/2288 726/2823/2289 111/919/827 691/849/767
f 1003/2824/1128 1002/2825/2290 3142/2826/2291 3144/2827/2292
f 1069/1585/1336 1068/1584/426 1875/2828/2293 1874/2829/2294
f 1073/467/425 2366/2830/2295 1875/2831/2293 1068/468/426
f 1662/982/881 489/981/374 488/2832/373
f 1662/982/881 488/2832/373 1663/2833/2296
f 1337/2106/1713 1822/1645/1382 1821/1644/1381 1338/1666/1397
f 1190/2834/2297 1189/2835/2298 3217/2836/2299 3219/2837/2300
f 291/2838/3 290/16/4 299/14/12 297/47/39
f 1668/2055/1673 1670/2839/2301 1665/2840/2302
f 1668/2841/1673 1663/2842/2296 488/2843/373
f 1668/2841/1673 488/2843/373 490/2844/1674
f 3119/2845/2303 3120/2846/2304 3117/2847/2305 3118/2848/2306
f 227/2849/2307 1171/2850/2308 1169/2851/2309 1170/2852/761
f 1331/2097/1704 1330/2205/237 2083/2853/239 2085/2854/715
f 2516/2855/2310 2517/2856/2311 2513/2668/2169 2515/2667/2168
f 2806/2857/2312 2803/2858/2313 2802/2859/2314 2805/2860/2315
f 1660/2861/2316 1667/2862/2317 1702/2863/2318 1704/2864/2319
f 3344/2865/2320 3343/2866/2321 3352/1357/1167 3353/1356/1166
f 426/312/281 437/2867/2322 2439/2868/2323 427/822/744
f 1241/2869/2324 1305/2870/2325 2376/2719/2216 2375/2718/2215
f 1689/2871/2013 1688/2872/2326 2354/2501/1155 2356/2873/1154
f 1934/2874/2327 1933/2875/2328 1939/1885/1554 1942/1444/1235
f 1084/2876/1014 1060/2877/1363 202/2878/1362 1083/2879/2329
f 2790/2880/2330 2789/1807/1494 2858/1810/1495 2793/2881/2331
f 3180/2882/2332 3181/2883/2333 1224/739/664 3179/2884/2334
f 1090/2552/2072 1089/1656/1391 3022/2885/2335 3024/2553/2073
f 2146/2886/2336 2144/2887/2337 1362/2888/2338 1361/2889/2339
f 2880/2890/2340 2881/2891/2341 2879/2418/1967 2878/2892/2342
f 3342/2893/2068 3338/2894/2343 3337/2605/2114 3341/2604/2069
f 3017/2895/2344 3018/2896/2345 3014/2897/2346 3013/2898/2347
f 2809/2899/2348 2810/2900/2349 2806/2857/2312 2805/2860/2315
f 2124/2901/2350 2123/2902/1777 2154/2903/2351 2126/2904/2352
f 2304/2905/2353 2305/1984/1625 2302/2906/2354 2301/2907/2355
f 3316/2435/1979 877/1282/496 876/1281/1114 3317/1140/1007
f 1503/2908/2356 1502/2909/2357 2986/2910/2358 1505/2911/2359
f 2598/2912/2360 2594/2913/2361 2593/2814/2280 2597/2661/2162
f 537/531/487 539/2914/2243 1687/2915/2242 1690/2916/2362
f 2702/2568/2088 2703/2917/2363 2701/2308/1874 2700/2918/2364
f 1423/2919/2365 1422/2920/2366 1964/2921/2367 1348/2922/25
f 3140/2923/2368 3136/2924/2369 3135/2925/2370 3139/2926/2371
f 1630/109/93 1626/571/520 1625/2927/2372 1629/110/94
f 2180/2928/2373 2181/2929/2374 2179/442/400 2178/441/399
f 2130/2930/2375 2129/2931/2376 2160/2932/2377 2164/2933/2378
f 1697/2934/2379 1669/2054/1672 1673/2935/2380
f 2114/2936/2381 2059/2937/2382 2112/2938/1612 2113/2939/2383
f 3083/2940/2384 3085/2941/2385 3097/2942/2386 3099/2943/2387
f 503/450/408 528/54/46 532/53/45 506/451/409
f 754/2740/2230 2308/2944/2388 2359/2945/2389 2288/2946/2390
f 724/2633/2139 725/2947/2277 110/2948/1234 723/2634/2140
f 2555/285/254 450/2949/2391 2554/2785/812 2449/2774/2256
f 1702/2950/2318 1701/2951/2392 1703/2952/2393
f 3213/2953/2394 3214/2954/2395 3212/2955/2396 3211/2956/2397
f 1621/2957/2398 1620/2958/2399 1619/2959/2400 1618/2960/2401
f 2846/2391/1942 2845/2390/1941 2895/2961/2402 2848/2962/2403
f 1411/1602/1349 1409/1605/1352 2992/2963/2404 1433/2964/2405
f 1706/1822/1507 1707/1685/1410 499/671/606
f 757/2965/1530 120/2966/887 118/2967/853 743/1755/852
f 2523/1609/1355 2472/1426/1222 2520/1425/1221 2522/2968/2406
f 1707/1685/1410 1709/2969/2407 1710/1955/1604
f 490/2056/1674 488/2970/373 49/2971/349 486/2972/2408
f 685/2031/752 711/2973/2409 715/2974/794 686/2030/1656
f 1196/1838/1518 1498/2511/2032 1496/2510/2031 1497/2975/2410
f 681/160/137 684/159/136 2323/758/682 2327/2976/2411
f 1713/2977/2412 1714/2978/2413 565/2979/2414
f 1301/2980/2415 1300/2981/2416 2757/2982/2417 2756/2983/2418
f 1426/2984/2419 1401/2985/2420 275/296/265 1400/2986/530
f 1714/2978/2413 1716/1915/1573 620/707/634
f 1714/2978/2413 620/707/634 619/706/633
f 1714/2978/2413 619/706/633 566/2987/632
f 1714/2978/2413 566/2987/632 565/2979/2414
f 601/2019/1503 603/2018/1647 625/2988/2421 624/2989/2422
f 1799/2990/2423 972/2991/1212 1779/2992/1141 1777/1887/1144
f 687/985/884 630/2993/2424 3381/522/478 759/521/477
f 1719/1711/1427 107/2994/780 705/2995/786
f 2832/2996/2233 2833/2518/2039 2830/2517/2038 2831/2997/2143
f 930/2998/1845 896/1277/1112 159/2999/1100 895/3000/1111
f 2590/2815/2281 2595/2100/1707 2620/1306/1131 2591/3001/2425
f 1717/1913/1571 1720/3002/2426 1721/3003/2427
f 1265/3004/2428 1263/3005/1609 243/3006/1608 1262/3007/2429
f 2510/3008/2430 2494/3009/2431 2508/1165/1026 2509/3010/2432
f 493/423/381 492/422/380 1615/2675/2176 477/397/357
f 588/2442/1984 584/3011/583 72/3012/582 587/2443/1985
f 1420/2242/1823 1967/2572/2092 1966/2473/2003 1421/3013/2433
f 2090/3014/1649 2115/3015/2434 2114/3016/2381 2113/3017/2383
f 916/3018/360 915/3019/359 1760/3020/2435 1759/3021/2436
f 792/3022/2437 793/1067/947 128/1066/946 791/3023/2438
f 536/3024/2439 533/3025/2440 59/529/485 535/532/488
f 1889/2237/1818 1884/3026/2441 1885/3027/2442 1888/2238/1819
f 2172/3028/2443 2173/3029/2444 2170/2093/1702 2169/2786/2265
f 735/931/838 744/3030/2445 766/1003/897 731/932/834
f 1731/3031/2005 1703/3032/2393 1701/3033/2392
f 1731/3031/2005 1701/3033/2392 1732/3034/2446
f 3370/3035/1808 673/3036/742 3367/3037/2447 3369/3038/2448
f 2732/3039/2449 1112/1684/1409 210/1555/1318 1111/1922/1580
f 363/96/80 399/2778/2260 1641/1938/1589 1639/97/81
f 2023/2652/2153 2019/282/251 2021/3040/2450 2022/2649/2150
f 195/1383/1186 1051/1556/1319 2735/3041/2451 987/1437/1231
f 1737/3042/2452 1700/3043/2453 1699/3044/2454
f 592/3045/2455 1620/3046/2399 1623/3047/30 542/3048/2456
f 2274/517/474 2269/516/450 2272/3049/449 2273/2698/2195
f 1739/717/644 1738/3050/2457 649/2052/1670
f 3106/960/863 3105/3051/2458 3114/3052/2459 3108/961/864
f 772/1632/1376 770/3053/2460 124/1024/915 771/1027/918
f 506/451/409 532/53/45 557/577/526 509/466/424
f 1742/3054/2461 1744/3055/2462 1746/3056/859
f 1744/3055/2462 1745/3057/860 1746/3056/859
f 2110/2245/1826 2111/385/345 2107/1070/950 2109/3058/2463
f 3333/1080/958 3329/1079/957 3328/3059/2464 3332/459/417
f 1746/3060/859 1748/3061/858 1730/3062/2465
f 1746/3060/859 1730/3062/2465 1736/3063/2466
f 907/3064/416 906/3065/1118 3340/2603/2113 3336/2606/2115
f 1701/3033/2392 1702/3066/2318 1698/3067/2467 1700/3068/2453
f 2101/3069/843 2098/3070/842 2097/3071/115 2100/3072/952
f 776/3073/975 810/3074/974 2991/3075/2468 805/3076/968
f 3005/3077/2469 3002/3078/2470 3001/3079/2471 1326/3080/2472
f 1749/3081/2473 1727/3082/2474 1726/3083/2475
f 717/888/798 738/2196/1784 834/2199/1787 718/889/799
f 1753/1943/1593 719/1942/1592 1721/3084/2427
f 1736/3085/2466 1735/3086/2476 1742/3087/2461 1746/3088/859
f 1752/3089/1594 1755/3090/2477 729/922/830
f 1752/3089/1594 729/922/830 112/921/829
f 1350/2164/1727 1374/2163/1758 1413/3091/2478 1412/3092/2479
f 628/3093/679 626/3094/653 86/729/652 640/730/655
f 640/3095/655 642/2701/2198 1520/1484/1264 656/1483/1263
f 1302/1047/929 2836/3096/2480 2835/3097/2481 1303/1044/926
f 1758/3098/2482 1762/3099/1765 730/3100/831
f 1758/3098/2482 730/3100/831 729/3101/830
f 1467/2316/1878 1475/2323/1883 2946/3102/2483 1468/2317/1879
f 429/310/279 445/3103/309 461/3104/2484 430/311/280
f 1764/3105/1764 1763/3106/1763 1765/376/338
f 2026/916/824 2032/3107/2485 2061/3108/2486 2027/2650/2151
f 2467/1976/1621 2468/3109/2487 2466/1892/1559 2465/1891/1558
f 1766/3110/1914 1767/375/337 1768/3111/1415
f 1766/3110/1914 1768/3111/1415 775/1034/923
f 1766/3110/1914 775/1034/923 778/1033/922
f 1326/3080/2472 1327/3112/1651 259/3113/1694 1325/3114/1696
f 1768/1693/1415 1770/1692/1414 808/3115/973
f 1768/1693/1415 808/3115/973 775/3116/923
f 1666/3117/2488 1667/3118/2317 1664/3119/2489 1665/3120/2302
f 1770/3121/1414 1772/3122/1020 808/3123/973
f 2648/1649/1386 2649/3124/2490 2647/2803/2275 2646/1650/1387
f 1941/3125/1236 1940/3126/1553 1945/3127/586 1948/3128/585
f 2902/3129/2491 2860/2665/2166 2901/2664/2165 2900/3130/2492
f 3258/324/293 3259/3131/2493 3256/3132/1617 3255/1860/1536
f 2175/2789/2268 2176/444/402 2172/3028/2443 2169/2786/2265
f 1776/1889/1556 1778/1888/1143 860/3133/2494
f 1776/1889/1556 860/3133/2494 824/3134/365
f 2774/946/849 1460/3135/206 2777/3136/2495 2775/3137/2496
f 1087/1459/1247 1088/1638/1378 203/3138/1335 1066/1460/1248
f 2207/2361/1917 2208/1023/914 2206/1364/1173 2205/1363/1172
f 3351/3139/2497 3350/3140/2498 3375/3141/2499 796/3142/2500
f 2600/2784/2264 2599/3143/2501 2605/3144/2502 2617/2782/2263
f 27/193/165 376/303/272 38/302/271 423/301/270
f 1119/3145/2503 1120/3146/2504 213/1055/935 1118/1710/492
f 693/3147/1911 1741/3148/1910 1740/716/643 694/715/642
f 1784/1239/1084 1031/1517/1288 1029/1514/1285
f 1784/1239/1084 1029/1514/1285 1785/1240/1085
f 3406/3149/2505 663/514/472 667/811/734 570/2396/1947
f 1785/3150/1085 1029/3151/1285 1028/3152/1284
f 1785/3150/1085 1028/3152/1284 1786/3153/1505
f 1785/3150/1085 1786/3153/1505 157/3154/1096
f 1785/3150/1085 157/3154/1096 883/3155/1082
f 637/853/677 636/3156/676 3373/801/724 696/854/771
f 1786/1820/1505 1787/1819/1504 884/1259/1099
f 1786/1820/1505 884/1259/1099 157/1256/1096
f 2464/3157/2506 2509/3010/2432 2508/1165/1026 2507/1164/1025
f 2689/3158/2507 676/3159/1329 2686/3160/1136 2688/3161/2508
f 2062/3162/2509 2063/3163/2510 2061/3108/2486 2060/3164/2511
f 878/539/493 3290/3165/2512 3289/3166/2513 3292/2113/1720
f 2286/3167/1327 2285/1631/1375 2284/1630/1374 727/3168/2514
f 224/1797/1486 1175/1800/1489 1498/2511/2032 1196/1838/1518
f 922/1492/1272 921/1554/1317 3322/3169/2515 3323/3170/2516
f 589/3171/2517 585/3172/2518 72/3173/582 583/3174/1346
f 2733/3175/2519 2734/3176/2520 2732/3039/2449 2731/3177/2521
f 1794/2270/1844 898/3178/1919 896/3179/1112
f 1794/2270/1844 896/3179/1112 930/2271/1845
f 1796/3180/1920 174/3181/1197 905/3182/298
f 1796/3180/1920 905/3182/298 903/3183/1117
f 2749/3184/2522 1528/3185/1987 866/3186/1069 2744/3187/2523
f 2968/3188/2524 2969/3189/2525 2967/2557/2077 2966/3190/2526
f 1795/3191/2527 979/3192/2009 978/3193/2528
f 1795/3191/2527 978/3193/2528 960/3194/2529
f 1414/3195/591 1413/3091/2478 2201/3196/2530 1437/3197/588
f 1347/36/28 1419/3198/2531 1423/3199/2365 1348/33/25
f 2603/3200/2532 2599/3143/2501 2598/2912/2360 2602/3201/2533
f 941/3202/2534 942/3203/1341 168/3204/2535 940/3205/2536
f 1789/3206/2537 1076/3207/2538 200/3208/2539
f 1789/3206/2537 200/3208/2539 1798/3209/2540
f 507/3210/2541 495/3211/763 53/3212/762 57/507/465
f 2585/3213/2542 2584/3214/2543 2625/3215/2544 372/3216/2545
f 550/1796/1485 530/2360/574 63/3217/575 529/1793/1483
f 1777/1887/1144 1775/1890/1557 1800/3218/2546
f 1777/1887/1144 1800/3218/2546 1799/2990/2423
f 1702/2950/2318 1703/2952/2393 1705/3219/2547 1704/3220/2319
f 3150/3221/1339 1067/3222/1333 3149/2221/1804 3148/2223/1806
f 1802/3223/2548 1771/3224/2549 1769/3225/1413
f 3132/3226/2550 3158/1974/1619 3157/1973/1246 3156/3227/2144
f 2125/3228/2551 1989/3229/2552 2122/3230/2553 2124/2901/2350
f 1423/2919/2365 1424/2240/1821 279/2239/1820 1422/2920/2366
f 384/3231/2554 1636/3232/2555 1638/3233/2556 1640/2594/2105
f 644/771/694 1691/3234/2557 1690/3235/2362 645/2486/2012
f 874/3236/1083 867/3237/1072 1783/3238/2558 1784/3239/1084
f 1352/3240/1730 1351/3241/1729 2810/2900/2349 2809/2899/2348
f 1381/274/243 2829/277/246 2834/2516/2037 1355/2134/1732
f 687/985/884 688/1350/1163 685/3242/752 682/3243/751
f 2036/3244/2559 2035/3245/2560 2041/3246/2561 2055/3247/2562
f 596/2725/2220 2675/3248/2563 2683/3249/2564 559/2722/2218
f 1812/3250/2565 1815/3251/875 1293/3252/874
f 1812/3250/2565 1293/3252/874 1292/202/174
f 786/1169/1030 785/3253/2102 3360/3254/2566 841/1170/1031
f 861/3255/2133 860/3256/2494 1778/1320/1143 1780/1319/1142
f 3196/3257/2567 3195/3258/2568 3220/3259/2569 3224/419/377
f 867/1227/1072 862/1226/1071 1782/3260/2570 1783/3261/2558
f 2266/2494/2020 2267/2493/2019 2265/3262/2571 2264/3263/2572
f 1520/1484/1264 642/2701/2198 1517/2703/2200 1519/3264/2573
f 1165/3265/1983 1133/3266/1348 1135/1804/1449 1166/1803/1492
f 1102/1661/1395 1047/1058/938 1811/3267/2574 1813/3268/2575
f 1544/3269/945 2405/3270/196 1549/3271/2576 1545/3272/595
f 936/3273/2154 929/1325/1146 167/1324/1145 935/3274/2155
f 1971/2394/1945 1970/3275/2577 2047/3276/2578 2050/2395/1946
f 1673/2935/2380 1669/2054/1672 1671/2053/1671 1672/3277/2579
f 1824/2374/1926 1298/2017/1646 1297/1642/1379
f 1826/2375/1927 1825/1851/1527 1827/1850/1526
f 1826/2375/1927 1827/1850/1526 1828/3278/2580
f 1826/2375/1927 1828/3278/2580 1365/2147/1744
f 1826/2375/1927 1365/2147/1744 1364/2146/1743
f 1419/3198/2531 1417/3279/1812 1424/3280/1821 1423/3199/2365
f 955/3281/2581 953/1210/1064 173/1209/1063 954/3282/1196
f 1623/3047/30 1620/3046/2399 1621/3283/2398 1622/3284/31
f 3083/3285/2384 3051/2218/1801 3080/2220/1803 3082/3286/2582
f 1831/2266/1842 1835/2269/1843 1836/3287/2583
f 1831/2266/1842 1836/3287/2583 1832/3288/2584
f 1836/3287/2583 1835/2269/1843 1837/912/820
f 1836/3287/2583 1837/912/820 1838/911/819
f 1840/3289/2585 1841/3290/821 1334/3291/1709
f 1840/3289/2585 1334/3291/1709 1333/3292/657
f 1840/3293/2585 1333/732/657 1842/731/656
f 1840/3293/2585 1842/731/656 1843/3294/2586
f 1844/3295/2587 1843/3296/2586 1845/3297/2588
f 2948/3298/2589 2955/3299/1426 2950/1920/1578 2949/3300/1880
f 1848/3301/2590 1847/3302/2591 1849/3303/2592
f 1850/3304/2593 1849/3305/2592 1847/3306/2591
f 2606/3307/2594 2615/3308/2595 2613/3309/2596 2608/3310/1789
f 1852/1712/1428 1856/2058/1676 1853/1713/1429
f 1856/2058/1676 1857/3311/2597 1858/2059/1677
f 866/1224/1069 865/1223/998 2740/3312/997 2744/3313/2523
f 1450/3314/1860 1449/3315/1859 2792/3316/2598 2791/3317/2599
f 3147/3318/2600 3151/3319/2052 3150/3221/1339 3148/2223/1806
f 1555/3320/2601 1554/3321/2602 1553/3322/2603 1552/3323/2604
f 1446/2287/1857 2770/2569/2089 2769/3324/2605 2768/3325/2606
f 2793/2881/2331 2794/805/728 2791/3326/2599 2790/2880/2330
f 2779/3327/2607 2718/2697/2194 2778/2696/2193 2777/3136/2495
f 480/404/364 479/403/363 1598/2671/2172 1597/1019/910
f 1409/1605/1352 1408/2217/1632 1441/3328/1850 2992/2963/2404
f 595/663/600 594/662/599 2669/2732/2227 2670/2731/2226
f 1482/3329/2608 1483/3330/2609 1480/3331/1896 1481/3332/1901
f 1089/1656/1391 1090/2552/2072 203/3333/1335 1088/1657/1378
f 2876/3334/2610 2877/2417/1966 2874/3335/2611 2875/3336/2612
f 3205/3337/2613 3206/2727/2222 3204/3338/2614 3203/3339/2615
f 406/3340/2616 2400/2818/2284 2398/2817/2283 2396/3341/2617
f 2117/560/511 1225/3342/2618 236/1893/1436 1231/561/512
f 1877/3343/2619 914/402/362 913/1299/1125
f 3335/1078/956 3334/1081/959 3339/3344/2620 818/1125/994
f 2804/2399/1950 2805/2860/2315 2802/2859/2314 2801/3345/2621
f 1153/641/581 1152/640/580 1175/1800/1489 1174/1799/1488
f 378/3346/170 380/3347/193 2438/3348/765 2436/3349/2252
f 946/1378/1180 957/3350/1193 3247/483/441 949/306/275
f 2653/3351/2622 2652/2328/1888 2640/2327/1887 2638/3352/2623
f 1883/3353/2624 1761/3354/1766 1760/3355/2435
f 1883/3353/2624 1760/3355/2435 915/3356/359
f 2067/3357/2625 2069/3358/2626 2070/3359/2627 2020/279/248
f 1317/117/101 1274/116/100 248/3360/562 1281/3361/561
f 1878/3362/2628 1885/3027/2442 1884/3026/2441
f 2489/3363/2629 2494/3364/2431 2510/3365/2430 2490/3366/2630
f 586/3367/2631 623/3368/639 85/3369/638 625/3370/2421
f 3116/3371/2632 3108/961/864 3114/3052/2459 3115/3372/2633
f 760/681/616 821/3373/996 3388/2263/1839 761/1200/1056
f 972/3374/1212 971/3375/1211 1781/3376/2634 1779/3377/1141
f 1889/2237/1818 1891/1308/1133 1093/267/236
f 1889/2237/1818 1093/267/236 1071/3378/1338
f 1894/3379/2635 1892/3380/261 2258/3381/260 2253/3382/2636
f 606/687/622 607/3383/2637 77/3384/2638 78/682/617
f 399/2778/2260 363/96/80 32/180/152 387/3385/187
f 563/591/539 633/475/433 2329/3386/2639 516/592/540
f 1402/3387/2640 1397/2204/1790 275/296/265 1401/2985/2420
f 2591/3001/2425 2587/2207/1792 2589/2206/1791 2590/2815/2281
f 1084/2876/1014 1083/2879/2329 211/3388/2641 1082/3389/1011
f 2232/85/69 800/84/68 2237/2713/2210 2233/3390/2642
f 350/153/131 326/3391/2106 2604/3392/2643 351/154/132
f 1842/3393/656 1846/3394/659 1845/3297/2588 1843/3296/2586
f 744/3395/2445 741/3396/1461 115/948/851 121/951/854
f 1919/3397/2644 1910/3398/2645 1914/3399/2646 1918/3400/2647
f 1455/3401/1866 1458/1246/1091 2788/1245/1090 2792/3402/2598
f 1909/3403/2648 1910/3398/2645 1911/3404/2649
f 1909/3403/2648 1911/3404/2649 1906/3405/2650
f 1303/3406/926 2835/3407/2481 2834/2516/2037 2833/2518/2039
f 1909/3403/2648 1913/3408/2651 1914/3399/2646
f 1909/3403/2648 1914/3399/2646 1910/3398/2645
f 1914/3399/2646 1913/3408/2651 1915/3409/2652
f 1914/3399/2646 1915/3409/2652 1916/2620/2128
f 1709/2969/2407 1708/2478/2008 1728/2477/2007 1723/3410/2653
f 655/2174/1767 639/3411/680 96/2484/678 654/2175/1768
f 2215/2215/1800 2214/3412/2654 2209/3413/2655 2207/2361/1917
f 1919/3397/2644 1922/3414/2656 1911/3404/2649
f 1919/3397/2644 1911/3404/2649 1910/3398/2645
f 2069/3415/2626 2068/87/71 2079/90/74 2071/3416/2657
f 438/3417/1152 430/3418/280 461/3419/2484 441/3420/1151
f 3031/3421/2658 3007/3422/2110 3034/3423/2109 3032/3424/2659
f 932/1327/688 931/1326/1147 1500/3425/2660 1501/3426/2661
f 1548/2397/1948 1543/653/593 1546/652/592 1547/3427/2662
f 252/203/175 1959/3428/2663 1958/2565/2085 1295/204/176
f 2424/2659/2160 2422/3429/2664 2615/3308/2595 2601/2660/2161
f 2728/3430/2665 2972/3431/2666 2808/3432/2667 2730/3433/2668
f 589/3171/2517 614/3434/2669 617/3435/2670 585/3172/2518
f 1638/3233/2556 1636/3232/2555 1637/2734/2228 342/142/121
f 1583/2421/1970 309/3436/2671 308/48/40 301/1461/1249
f 2798/3437/2672 2799/3438/2673 2795/804/727 2797/3439/2674
f 2553/905/813 462/370/332 2552/1696/1417 2551/906/814
f 907/458/416 3336/3440/2115 3333/1080/958 3332/459/417
f 738/3441/1784 717/886/798 114/885/797 123/943/847
f 2440/846/764 427/822/744 2439/2868/2323 2438/847/765
f 823/3442/2132 810/3074/974 134/3443/367 150/3444/366
f 1943/1883/1552 1938/1886/1555 1162/1783/1476
f 1943/1883/1552 1162/1783/1476 222/1779/1473
f 1943/3445/1552 222/3446/1473 1164/3447/1479
f 1943/3445/1552 1164/3447/1479 1944/3448/2675
f 2582/3449/2676 379/199/171 2435/2769/2253 2434/791/714
f 827/3450/1050 828/3451/2677 139/1134/1001 826/1143/1010
f 1422/2920/2366 1421/3013/2433 1965/3452/2678 1964/2921/2367
f 2370/2381/1932 2369/3453/2679 2382/3454/1226 2372/2378/1225
f 897/1275/1110 884/1274/1099 1787/3455/1504 1788/3456/2680
f 945/1371/1179 944/1370/1120 3297/3457/1119 3301/3458/2681
f 3404/3459/2682 741/3396/1461 744/3395/2445 735/3460/838
f 1952/3461/2683 1192/1833/1515 1176/1832/1490
f 1952/3461/2683 1176/1832/1490 1195/1837/1517
f 2146/2886/2336 2147/3462/2684 2145/3463/2685 2144/2887/2337
f 1955/1056/936 213/1055/935 1120/3146/2504
f 1955/1056/936 1120/3146/2504 1953/3464/2686
f 2709/2305/1871 2710/2304/1870 2708/2489/2015 2707/2492/2018
f 961/3465/2687 3319/3466/1420 174/3181/1197 960/3194/2529
f 1965/3452/2678 1929/3467/2688 1963/3468/2689 1964/2921/2367
f 908/457/415 3331/460/418 3386/3469/2690 911/3470/870
f 1946/647/587 1951/2566/2086 1958/2565/2085 1947/644/584
f 2501/1166/1027 2493/3471/2691 2499/3472/2692 2500/3473/2693
f 2980/3474/2694 2981/779/702 2979/778/701 2978/3475/2695
f 1247/1934/1588 1246/1933/1587 3107/959/862 3109/3476/2696
f 441/1449/1151 461/3477/2484 445/3478/309 442/3479/308
f 2114/3016/2381 2115/3015/2434 2116/3480/2697 2062/3162/2509
f 1960/3481/2698 1959/3482/2663 1961/3483/2699
f 1960/3481/2698 1961/3483/2699 1962/1297/1123
f 1960/3481/2698 1962/1297/1123 1346/1296/148
f 1960/3481/2698 1346/1296/148 1345/3484/1724
f 1960/3485/2698 1345/3486/1724 1948/645/585
f 1960/3485/2698 1948/645/585 1947/644/584
f 2349/3487/817 2304/2905/2353 2346/3488/2700 2348/3489/2701
f 1962/1297/1123 1368/2153/1750 1367/1298/1124
f 508/508/466 57/507/465 53/3212/762 68/600/548
f 1961/3483/2699 1959/3482/2663 252/2013/175
f 1961/3483/2699 252/2013/175 1298/2017/1646
f 1948/3490/585 1345/2119/1724 266/1442/27
f 1948/3490/585 266/1442/27 1941/1445/1236
f 3292/2113/1720 3294/2112/1719 879/540/494 878/539/493
f 2523/1609/1355 2525/3491/2702 2526/3492/2703 2527/1610/1356
f 1032/1518/1289 1783/3261/2558 1782/3260/2570 1781/3376/2634
f 1718/1914/1572 700/3493/781 107/2994/780 1719/1711/1427
f 3123/3494/2704 3118/2848/2306 3121/3495/2705 3122/3496/2706
f 1507/2683/2183 900/767/690 1504/766/689 1506/2684/2184
f 641/2404/1955 1516/2403/1954 1515/2402/1953 1514/2702/2199
f 621/708/635 1512/549/502 1511/548/501 1515/2402/1953
f 1190/2834/2297 3193/3497/2707 3192/3498/2708 1186/3499/2709
f 336/1346/1161 334/3500/1293 19/3501/2710 333/3502/1250
f 1262/3007/2429 1261/3503/2711 2052/3504/2712 2037/1827/1511
f 1968/3505/2713 1967/2572/2092 1969/2571/2091
f 2514/2666/2167 2543/3506/2714 2542/3507/2715 2515/2667/2168
f 1342/2117/1722 1341/2116/1717 2840/3508/2207 2844/2392/1943
f 2188/3509/2716 1373/1295/145 1367/1298/1124 1366/2148/1745
f 321/1463/1036 333/1462/1250 19/3510/2710 322/3511/1037
f 1045/1059/939 1101/1660/1394 3262/3512/1975 1042/3513/1310
f 1974/3514/2717 1973/2064/1682 1975/2063/1681
f 1974/3514/2717 1975/2063/1681 1907/3515/2718
f 1974/3514/2717 1907/3515/2718 1906/3405/2650
f 1974/3514/2717 1906/3405/2650 1911/3404/2649
f 1132/3516/1447 1131/809/732 1232/1217/1065 1134/3517/1448
f 487/1051/931 52/1050/407 49/389/349 472/388/348
f 1354/1980/1622 1382/1979/244 1381/3518/243 1355/3519/1732
f 840/518/475 2274/517/474 2360/2700/2197 2361/3520/2719
f 1404/3521/1267 2102/940/844 2101/939/843 1427/3522/1992
f 2192/3523/2056 2191/3524/2720 2195/2788/2267 2196/3525/2721
f 1377/519/476 1378/495/453 271/2156/1753 1376/2167/1761
f 1982/49/41 1983/52/44 1904/3526/2722
f 1982/49/41 1904/3526/2722 1903/3527/2723
f 2546/2781/2262 2545/3528/2724 2453/3529/2725 2451/2779/2261
f 3145/3530/2726 3146/2222/1805 3144/3531/2292 3143/3532/2189
f 1578/3533/2727 1579/3534/2728 1576/3535/2729 1577/80/64
f 1690/2916/2362 1691/3536/2557 535/532/488 537/531/487
f 2889/3537/2041 2890/3538/2040 2888/2689/2187 2887/2522/2043
f 419/3539/2730 405/263/232 37/262/231 418/3540/2731
f 2930/3541/2732 2928/3542/2733 2961/3543/2734 2962/3544/2735
f 3409/3545/2736 615/3546/2737 614/3547/2669 589/3548/2517
f 1988/1811/1496 1145/1761/1463 212/266/235
f 1988/1811/1496 212/266/235 1117/1812/1497
f 2904/3549/2738 2903/3550/2173 2942/3551/1667 2906/3552/2739
f 1735/3086/2476 1734/3553/2740 1739/717/644 1740/716/643
f 1997/3554/2741 1996/3555/2742 2137/3556/2743 1999/3557/2744
f 3258/324/293 3264/327/296 3263/3558/2745 3259/3131/2493
f 2060/3559/2511 2059/2937/2382 2114/2936/2381 2062/3560/2509
f 976/3561/2746 977/2306/1872 178/455/413 974/1417/1214
f 2529/1731/1442 2530/1730/1441 361/178/150 2526/3492/2703
f 697/855/772 696/854/771 3375/3562/2499 3350/3563/2498
f 2519/481/439 2518/3564/2747 2520/3565/1221 2477/482/440
f 2518/3566/2747 2519/3567/439 2517/2856/2311 2516/2855/2310
f 3408/3568/2099 627/3569/654 1608/3570/2748 1607/3571/2100
f 1921/2474/2004 1922/3414/2656 1919/3397/2644 1920/2471/2001
f 1232/1217/1065 2003/1218/1066 2004/3572/2749
f 1232/1217/1065 2004/3572/2749 2005/3573/2750
f 2976/3574/2751 887/2282/1104 886/3575/1103 1524/3576/2752
f 2007/3577/2753 2006/3578/2754 2008/3579/2755
f 2007/3577/2753 2008/3579/2755 2009/3580/2756
f 2009/3580/2756 2008/3579/2755 2010/1824/1509
f 2009/3580/2756 2010/1824/1509 2011/1823/1508
f 46/387/347 470/1939/1590 471/3581/2757 472/388/348
f 1267/3582/2758 1268/2369/1922 245/2368/1921 1266/3583/2759
f 1078/3584/2214 207/3585/1358 201/3586/1357 1077/3587/2760
f 272/287/256 1387/2182/1775 2221/3588/2761 1360/288/257
f 1075/2586/758 1072/2589/428 199/1587/427 1074/1601/759
f 2018/1844/250 2017/1847/513 1231/3589/512
f 2018/1844/250 1231/3589/512 1230/3590/1560
f 447/3591/313 45/2499/341 1550/2498/2024 1549/3592/2576
f 324/3593/2762 335/3594/1162 1586/1348/509 3418/3595/2763
f 2021/3596/2450 1230/3597/1560 236/1722/1436
f 2021/3596/2450 236/1722/1436 2024/1725/1439
f 1528/2447/1987 2749/3598/2522 2752/749/674 1529/748/673
f 1996/3555/2742 1997/3554/2741 1995/3599/1869 1994/1905/1567
f 1194/1836/1516 1956/1057/937 1955/1056/936 1195/1837/1517
f 3235/3600/2764 3236/2729/2224 3234/2728/2223 3233/3601/442
f 2977/3602/2765 2978/3475/2695 2976/3574/2751 1521/3603/2766
f 2012/3604/1523 2013/3605/2767 2009/3580/2756 2011/1823/1508
f 3218/2748/2238 3219/2837/2300 3217/2836/2299 3216/2749/2239
f 2155/3606/2768 2156/3607/1165 2154/3608/2351 2152/3609/2769
f 2152/3609/2769 2150/3610/2770 2219/3611/2771 2155/3606/2768
f 3345/2550/2070 3377/2611/2120 3348/3612/2772 3346/2551/2071
f 2086/259/228 2084/793/716 2115/3613/2434 2090/2022/1649
f 1428/1071/951 1429/384/344 280/3614/1835 1427/2461/1992
f 3154/2641/2145 3155/1457/1245 3153/1591/1340 3152/2530/2051
f 385/209/181 384/3231/2554 1640/2594/2105 1642/1940/1591
f 2738/1132/999 2737/3615/2773 2812/2617/2126 2741/2820/2286
f 1934/2874/2327 1928/3616/2774 1932/3617/2775 1933/2875/2328
f 2044/1418/1215 1415/2227/1810 1418/2231/1814
f 2046/3618/1218 2045/3619/1217 2047/3276/2578
f 2046/3618/1218 2047/3276/2578 2048/3620/2776
f 2046/1421/1218 2048/3621/2776 1416/2228/1811
f 2048/3620/2776 2047/3276/2578 1970/3275/2577
f 2048/3620/2776 1969/2571/2091 1425/2241/1822
f 2048/3620/2776 1425/2241/1822 1416/3622/1811
f 2808/3432/2667 2803/2858/2313 2806/2857/2312 2807/2615/2124
f 2752/749/674 2749/3598/2522 2748/3623/2777 2751/2745/2235
f 558/3624/527 2665/3625/1916 2664/3626/393 554/3627/528
f 2409/551/504 2408/114/98 2630/2386/1937 2411/2389/1940
f 813/1110/981 1528/2447/1987 1527/2446/1986 814/1111/982
f 2979/778/701 887/2282/1104 2976/3574/2751 2978/3475/2695
f 2747/1010/903 2748/3623/2777 2743/3628/2778 2746/1085/962
f 545/3629/1304 2651/1795/1484 2650/3630/2779 549/3631/1301
f 2054/3632/2780 2055/3247/2562 2041/3246/2561 2053/2246/1827
f 2049/3633/2781 2045/3619/1217 2043/3634/1216
f 2049/3633/2781 2043/3634/1216 2042/3635/1907
f 2731/3177/2521 2730/3433/2668 2813/2614/2123 2733/3175/2519
f 1119/3636/2503 1118/3637/492 3254/1861/491 3255/1860/1536
f 1324/2080/1695 1323/1435/1229 3050/1434/1228 3049/3638/2782
f 1193/3639/2783 1501/3640/2661 1500/3641/2660 1155/3642/2784
f 2313/3643/1205 2314/3644/2785 2311/1951/1600 2310/1954/1603
f 538/2590/2103 1672/3277/2579 1675/3645/2786 1676/3646/2787
f 3122/3496/2706 3127/3647/2788 3159/3648/2789 3123/3494/2704
f 2934/2556/2076 2932/3649/2790 2963/2191/1782 2965/2190/1781
f 3228/3650/2791 3229/3651/2792 3227/3652/2793 3225/3653/375
f 1043/3654/535 980/2479/534 1797/2482/2011 1044/3655/2794
f 693/3147/1911 694/715/642 103/848/766 692/851/769
f 1263/3005/1609 1265/3004/2428 2029/918/826 2028/3656/1438
f 1771/3657/2549 1772/3122/1020 1770/3121/1414 1769/3658/1413
f 1860/3659/2795 1857/3660/2597 1856/3661/1676 1859/3662/2796
f 2160/2932/2377 2159/1352/971 2161/3663/970 2162/3664/2797
f 3295/1294/1122 3293/3665/1718 3315/3666/2798 3298/3667/2799
f 498/3668/607 497/3669/990 1658/1423/1220 1661/3670/1506
f 2631/113/97 2685/2506/2027 2634/3671/2800 2632/3672/2801
f 531/633/48 530/632/574 2665/3673/1916 558/3674/527
f 789/2331/1890 787/2332/1891 145/1186/1044 845/1185/1043
f 940/3205/2536 3394/1792/1482 3391/1791/1481 941/3202/2534
f 1300/2981/2416 1299/1045/927 2832/3675/2233 2759/3676/2232
f 1399/2094/267 1403/1490/1270 276/1489/1269 1406/3677/2802
f 2074/3678/2803 1288/3679/2804 1287/3680/2805
f 2074/3678/2803 1287/3680/2805 1211/3681/2806
f 2075/3682/2807 1291/3683/2808 1218/1871/1543
f 2075/3682/2807 1218/1871/1543 2076/953/856
f 2075/3684/2807 2076/3685/856 1289/3686/855
f 2075/3684/2807 1289/3686/855 1288/3679/2804
f 929/1325/1146 936/3273/2154 3396/3687/2809 892/1270/1108
f 2077/3688/2810 2078/269/238 1239/3689/1171
f 2077/3688/2810 1239/3689/1171 1291/3690/2808
f 1771/3691/2549 1802/3692/2548 1801/3693/2811 1773/3694/2812
f 1261/3695/2711 1262/3696/2429 243/3697/1608 1260/3698/1611
f 1524/3576/2752 812/3699/1462 1523/1482/1262 1522/1485/1265
f 1372/3700/1757 1371/3701/2813 2190/3702/2814 2193/3703/2055
f 1608/3704/2748 627/3705/654 626/3706/653 87/3707/2815
f 2093/3708/2816 2094/1155/117 2092/1154/1019 2091/2023/1650
f 2616/3709/2817 2617/3710/2263 2605/3711/2502 325/3712/2818
f 17/1521/1292 323/1524/1295 12/3713/1038 322/3714/1037
f 1712/1956/1605 1710/1955/1604 1722/3715/2819 1715/1916/1574
f 2658/666/603 2659/665/602 2657/3716/2820 2656/3717/2821
f 2087/3718/227 2089/520/226 1377/519/476
f 2087/3718/227 1377/519/476 1332/2098/1705
f 3354/3719/1331 3355/3720/2822 3353/1356/1166 794/1355/948
f 1902/3721/2823 1903/3722/2723 1900/743/668 1901/3723/2824
f 1123/3724/1433 1109/1678/1403 3033/2057/1675 3035/3725/2825
f 1792/3726/2010 1793/2273/1847 1791/2272/1846 1790/3727/2826
f 1001/3728/444 1024/3729/1282 1027/3730/1283 1002/2825/2290
f 3321/597/545 782/596/544 976/3561/2746 3320/3731/2827
f 2907/3732/2828 2906/3552/2739 2944/3733/1666 2946/3102/2483
f 2908/3734/2829 2909/2544/2064 2905/3735/2830 2907/3732/2828
f 1120/3146/2504 1104/230/201 1954/229/200 1953/3464/2686
f 2000/3736/2831 1999/3557/2744 2140/93/77 2002/1380/1183
f 1439/1022/913 1440/3737/2832 282/650/590 1438/649/589
f 3187/3738/2833 3188/3739/2834 3186/3740/2835 3185/3741/2836
f 2482/2233/1816 2476/2236/437 2475/834/754 328/3742/2837
f 1816/1017/908 1863/255/224 1860/3659/2795 1859/3662/2796
f 1719/1711/1427 705/2995/786 1513/546/499 1512/549/502
f 2658/666/603 2656/3717/2821 2671/3743/1633 2668/3744/2838
f 3034/3423/2109 3035/3725/2825 3033/2057/1675 3032/3424/2659
f 2725/3745/2839 2726/3746/2840 2724/1625/1369 2723/3747/2841
f 2492/3748/2842 2489/3363/2629 2488/2772/2254 2487/3749/2843
f 2082/3750/2844 2083/270/239 2080/89/73 2081/88/72
f 1155/3751/2784 1500/3752/2660 1499/3753/2029 1151/3754/579
f 1390/2195/1779 1389/3755/2845 2092/1154/1019 1393/1153/1018
f 1519/3264/2573 1518/3756/2846 2977/3602/2765 1521/3603/2766
f 1994/1905/1567 1995/3599/1869 1991/3757/1848 1993/1906/403
f 1645/573/522 1644/3758/2847 2390/3759/2848 2391/3760/2849
f 1454/3761/1863 1455/3762/1866 2792/3316/2598 1449/3315/1859
f 2237/2713/2210 2245/2712/2209 2244/1107/978 2238/3763/2850
f 110/2948/1234 725/2947/2277 702/868/783 701/867/782
f 2140/93/77 1999/3557/2744 2137/3556/2743 2139/94/78
f 336/1346/1161 335/1349/1162 15/3764/1294 334/3500/1293
f 1211/3681/2806 1210/3765/2851 2072/3766/2852 2074/3678/2803
f 1925/2472/2002 1920/2471/2001 1923/2648/2149 1924/2647/2148
f 753/773/696 2303/3767/2853 2308/2944/2388 754/2740/2230
f 1963/3468/2689 1349/1443/26 1348/2922/25 1964/2921/2367
f 3221/2751/2241 3222/3768/2854 3220/3259/2569 3218/2748/2238
f 1255/1948/1598 1258/3769/2855 3117/3770/2305 3120/3771/2304
f 2758/3772/2856 2759/2742/2232 2760/2561/2081 2761/2560/2080
f 1069/1585/1336 1874/2829/2294 1877/3343/2619 1878/3362/2628
f 3364/3773/777 842/3774/1040 142/1168/1029 841/1170/1031
f 2393/3775/2857 2395/3776/2858 2396/3341/2617 2397/3777/2859
f 1252/3778/2860 1251/3779/2861 3177/3780/2862 3128/3781/2863
f 1989/3229/2552 1990/2275/1849 1988/1811/1496 1987/782/705
f 3291/2114/1721 3292/2113/1720 3289/3166/2513 3288/3782/2864
f 2316/3783/2865 715/2974/794 714/2254/795 746/2253/1834
f 2046/1421/1218 1416/2228/1811 1415/2227/1810 2044/1418/1215
f 2078/3784/238 1330/2205/237 1240/1359/1168
f 2078/3784/238 1240/1359/1168 1239/1362/1171
f 966/1406/1203 1142/1753/1459 1937/3785/2866 1936/3786/2867
f 1911/3404/2649 1922/3414/2656 1972/3787/2868 1974/3514/2717
f 1389/3755/2845 1388/3788/454 2089/257/226 2088/256/225
f 2436/2768/2252 2437/323/292 2433/322/291 2435/2769/2253
f 2638/3789/2623 2639/3790/2869 2637/3791/2870 2636/3792/2871
f 3213/2953/2394 3211/2956/2397 3238/3793/388 3239/3794/2872
f 1652/996/891 1647/2795/2270 386/210/182 416/278/247
f 380/3347/193 378/3346/170 28/3795/169 30/3796/188
f 2067/3357/2625 2023/2652/2153 2064/2651/2152 2066/3797/2873
f 2117/560/511 2121/2350/1909 1225/3342/2618
f 2192/3523/2056 2193/3703/2055 2190/3702/2814 2191/3524/2720
f 1936/3786/2867 967/526/482 176/1404/1201 966/1406/1203
f 2643/3798/2874 2644/2804/2276 2642/2636/2141 2641/3799/2875
f 2932/3800/2790 2930/3541/2732 2962/3544/2735 2963/3801/1782
f 1598/2671/2172 1561/2385/1936 1595/2384/1935 1597/1019/910
f 1182/1817/1502 1181/1816/1501 3179/3802/2334 1203/3803/1739
f 2930/3541/2732 2931/2525/2046 2929/2524/2045 2928/3542/2733
f 3147/3318/2600 3145/3530/2726 3166/3804/2876 3164/2538/2059
f 1561/2385/1936 1556/3805/2877 1559/3806/2878 1560/2382/1933
f 750/3807/2879 747/3808/1833 2362/3809/1832 768/3810/2880
f 695/2688/768 2282/2687/2186 2281/2468/1998 692/3811/769
f 1446/2287/1857 2768/3325/2606 2851/1613/1359 1447/18/14
f 756/474/432 751/775/698 117/774/697 755/471/429
f 459/3812/331 463/1561/1321 2416/1564/1324 460/2449/330
f 2134/1908/1568 1996/3555/2742 1994/1905/1567
f 2135/3813/2881 2136/3814/2882 2137/3556/2743
f 1060/3815/1363 1061/2160/1756 197/3816/2883 1059/3817/1364
f 880/1251/1094 879/1250/494 3294/3818/1719 3296/1293/1121
f 800/84/68 801/83/67 129/1074/163 799/1077/955
f 1351/3241/1729 2814/2821/2287 2811/2616/2125 2810/2900/2349
f 3063/2286/1856 3062/3819/2884 3066/3820/2885 3065/2283/1853
f 1086/2362/808 1083/3821/2329 202/1618/1362 1085/1621/1365
f 2595/2100/1707 2590/2815/2281 2593/2814/2280 2594/2913/2361
f 2143/3822/1182 2142/3823/76 2144/2887/2337
f 2143/3822/1182 2144/2887/2337 2145/3463/2685
f 2429/3824/2886 2592/2816/2282 2589/2206/1791 2431/789/712
f 2839/2431/963 2837/3825/2887 2836/3826/2480 2838/3827/904
f 1553/3322/2603 1547/3427/2662 1551/2497/2023 1552/3323/2604
f 2145/3463/2685 2008/3579/2755 2006/3578/2754
f 2147/3828/2684 2146/3829/2336 2148/3830/2888
f 2147/3828/2684 2148/3830/2888 2149/3831/2889
f 2147/3462/2684 2149/3832/2889 2010/1824/1509
f 1211/3833/2806 1212/3834/709 233/3835/2890 1210/3836/2851
f 1473/3837/2891 2959/3838/2892 2970/3839/2893 1470/3840/2894
f 2970/3839/2893 2959/3838/2892 2957/1704/1423 2948/3841/2589
f 3389/3842/2895 969/1411/1208 3387/3843/2896 3386/3469/2690
f 1875/2828/2293 1870/3844/2897 1873/3845/2898 1874/2829/2294
f 721/1440/1233 732/3846/835 765/3847/896 722/3848/2899
f 3120/3771/2304 1199/3849/1522 1198/1949/1521 1255/1948/1598
f 3280/3850/2900 3281/2336/1895 3277/3851/2901 3276/3852/2902
f 3386/3853/2690 3387/3854/2896 3385/3855/2903 911/967/870
f 836/3856/2904 1887/2437/1981 1886/3857/2905 2262/3858/2906
f 585/3859/2518 617/3860/2670 623/3368/639 586/3367/2631
f 2932/3800/2790 2933/3861/2907 2931/2525/2046 2930/3541/2732
f 1203/3862/1739 3179/2884/2334 1224/739/664 1206/742/667
f 3357/1007/900 819/1006/899 3356/3863/2908 3355/3720/2822
f 782/596/544 781/3864/2909 977/2306/1872 976/3561/2746
f 683/162/139 686/2030/1656 2315/1407/1204 2318/1409/1206
f 3093/3865/2910 3091/3866/2911 3074/1531/1298 3092/3867/2912
f 2321/3868/2913 2322/759/683 2320/2574/2094 2319/910/818
f 2721/3869/2914 2722/3870/2915 2720/1624/1368 2719/3871/2916
f 1158/3872/1471 3115/3873/2633 3114/3874/2459 1159/3875/87
f 1404/3521/1267 1427/3522/1992 280/2259/1835 1405/2262/1268
f 933/2575/300 990/3876/108 1005/3877/1251 3417/2576/2095
f 2170/2093/1702 2173/3029/2444 2171/2090/1699
f 2174/3878/2917 2173/3029/2444 2172/3028/2443
f 2174/3878/2917 2172/3028/2443 1357/3879/1734
f 1395/1627/1371 2098/938/842 2103/937/841 1396/1628/1372
f 1055/1559/1320 1050/1558/1315 203/3333/1335 1090/2552/2072
f 3225/417/375 3223/420/378 3245/3880/2918 3228/3881/2791
f 2181/2929/2374 2180/2928/2373 2182/3882/2919
f 2181/2929/2374 2182/3882/2919 2183/3883/2920
f 2183/3883/2920 1833/3884/2921 1832/3288/2584
f 2183/3883/2920 1832/3288/2584 2184/3885/2922
f 170/3886/1343 935/3274/2155 167/1324/1145 937/3887/1160
f 3121/3495/2705 3118/2848/2306 3117/2847/2305 1267/3888/2758
f 2084/793/716 2085/792/715 2083/270/239 2082/3750/2844
f 408/1028/919 407/1031/920 2395/3889/2858 2394/3890/2923
f 2486/3891/2924 349/156/130 352/155/133 2487/3749/2843
f 1627/570/32 1645/573/522 2391/3760/2849 2392/3892/29
f 1154/41/33 1147/3893/1464 220/638/578 1153/641/581
f 1535/3894/316 1537/2505/315 1538/2507/2028 1539/3895/1993
f 525/3896/2925 523/3897/867 1680/3898/2926 1682/2754/2244
f 2265/3262/2571 2262/3899/2906 2261/3900/2927 2264/3263/2572
f 796/3901/2500 3375/3562/2499 3374/800/723 791/3023/2438
f 2546/3902/2262 2547/3903/2928 2544/3904/2929 2545/3905/2724
f 2241/3906/2930 2243/3907/2931 2242/3908/2932 2240/3909/211
f 2244/1107/978 859/1106/977 2239/3910/2933 2238/3763/2850
f 428/313/282 427/822/744 2440/846/764 2441/1368/1177
f 931/3911/1147 934/3912/2030 1499/3753/2029 1500/3752/2660
f 3383/3913/2934 909/968/871 911/967/870 3385/3855/2903
f 877/542/496 3316/3914/1979 3290/3165/2512 878/539/493
f 424/299/268 2629/2387/1938 2633/3915/2935 2637/3791/2870
f 2716/3916/2936 1312/1623/1367 1313/1622/1366 255/43/35
f 3175/3917/2937 1250/3918/2938 3173/3919/2939 3172/3920/2940
f 686/2030/1656 715/2974/794 2316/3783/2865 2315/1407/1204
f 1699/3044/2454 1700/3043/2453 1698/3921/2467 1695/3922/2941
f 1264/1962/1610 1263/1961/1609 2028/1724/1438 1229/1723/1437
f 326/3391/2106 325/3712/2818 2605/3711/2502 2604/3392/2643
f 2584/3923/2543 2585/3924/2542 2582/3449/2676 2583/3925/2942
f 2818/2416/1965 2817/2401/1952 2874/3335/2611 2877/2417/1966
f 1438/649/589 1437/648/588 2203/1365/1174 2206/1364/1173
f 2199/3926/2943 2204/3927/1175 2203/3928/1174 2200/3929/2944
f 1518/3756/2846 1519/3264/2573 1517/2703/2200 1509/2681/2181
f 2700/2918/2364 2698/3930/2945 2767/3931/2946 2769/3324/2605
f 579/3932/2947 580/3933/576 71/3934/569 577/3935/570
f 1614/3936/2948 1611/3937/286 1612/3938/285 1613/3939/2949
f 2084/793/716 2082/3750/2844 2116/3940/2697 2115/3613/2434
f 3019/3941/2950 3017/2895/2344 3048/3942/2951 3046/3943/2952
f 876/1281/1114 875/1284/1115 3394/3944/1482 939/2429/1976
f 2690/3945/2953 2691/3946/2954 2689/3158/2507 2688/3161/2508
f 1436/2243/1824 2040/2755/2245 2044/1418/1215 1418/2231/1814
f 2213/295/264 1399/298/267 1406/3947/2802
f 2692/3948/2955 2693/3949/2956 2689/3158/2507 2691/3946/2954
f 2209/3413/2655 2214/3412/2654 1387/3950/1775
f 2209/3413/2655 1387/3950/1775 1386/3951/1774
f 2399/3952/2957 370/188/160 319/77/61 312/76/62
f 255/43/35 1311/42/34 2717/3953/2958 2716/3916/2936
f 2401/3954/2959 365/183/155 2400/2818/2284 419/3955/2730
f 1460/235/206 1459/236/207 2779/3956/2607 2777/3957/2495
f 1430/383/343 2992/3958/2404 1441/2278/1850 1431/2277/1836
f 3051/2218/1801 3052/3959/2960 1320/2074/1691 1319/2073/1690
f 2217/3960/2961 2219/3611/2771 2220/3961/2962
f 954/1396/1196 959/1395/1195 3279/3962/2963 3278/3963/2964
f 548/2325/1885 2652/2328/1888 2654/3964/2965 2657/3716/2820
f 2308/2944/2388 2307/1952/1601 2312/2376/1928 2359/2945/2389
f 2221/3965/2761 1361/3966/2339 1360/3967/257
f 19/3968/2710 334/1522/1293 17/1521/1292 322/3714/1037
f 2064/2651/2152 2027/2650/2151 2061/3108/2486 2063/3163/2510
f 2801/3345/2621 2800/3969/2966 2873/2400/1951 2804/2399/1950
f 1494/3970/2967 1495/3971/2968 1482/3329/2608 1481/3332/1901
f 666/810/733 1543/653/593 1548/2397/1948 667/811/734
f 2743/3972/2778 2742/2819/2285 2745/2433/1978 2746/2432/962
f 406/3973/2616 407/1031/920 35/1030/229 405/3974/232
f 844/1184/1042 843/3975/1041 923/3976/2969 920/3977/2970
f 2144/2887/2337 2142/3823/76 2141/3978/75
f 2144/2887/2337 2141/3978/75 2222/3979/2971
f 1031/3980/1288 1784/3239/1084 1783/3238/2558 1032/3981/1289
f 2225/3982/2972 2141/91/75 2139/94/78
f 2225/3982/2972 2139/94/78 2138/3983/2973
f 2006/3578/2754 2004/3984/2749 2143/3822/1182 2145/3463/2685
f 83/3985/2974 2681/977/878 2680/3986/2975 2679/3987/2976
f 2453/3529/2725 2454/506/464 2452/505/463 2451/2779/2261
f 2413/3988/2977 2626/3989/2978 2418/3990/2979 2415/2450/1989
f 2532/3991/2980 457/3992/327 434/3993/2981 433/3994/2982
f 3194/3995/2983 1185/3996/2984 3192/3498/2708 3193/3497/2707
f 1936/3786/2867 1935/527/483 967/526/482
f 2463/3997/1405 2466/3998/1559 2469/836/756 2470/1608/1354
f 1935/527/483 2226/3999/2985 2227/528/484
f 3088/4000/2986 3086/4001/2987 3084/4002/2988 3087/4003/2989
f 2119/2169/1762 2118/2168/1510 2151/4004/2990 2153/2183/1776
f 797/190/162 803/189/161 130/4005/906 740/4006/846
f 1892/292/261 1893/1309/1134 1891/1308/1133 1890/293/262
f 1671/2053/1671 490/2056/1674 486/2972/2408 1674/4007/2991
f 2230/4008/208 2234/242/213 2235/4009/2992
f 2230/4008/208 2235/4009/2992 2227/528/484
f 2234/242/213 2233/4010/2642 2236/239/210
f 1245/1932/1586 1270/4011/1638 3104/4012/2993 1246/1933/1587
f 2234/242/213 856/241/212 855/4013/553
f 2234/242/213 855/4013/553 2235/4009/2992
f 1228/51/43 1229/1723/1437 236/1722/1436 1227/4014/2994
f 399/4015/2260 387/4016/187 2649/4017/2490 470/4018/1590
f 2240/240/211 857/4019/551 856/241/212
f 2240/3909/211 2239/4020/2933 2241/3906/2930
f 2671/1997/1633 2672/2000/1636 2669/4021/2227 2668/4022/2838
f 2340/4023/2995 658/796/719 2339/1064/944 2338/4024/2996
f 2242/3908/2932 2243/3907/2931 848/1189/1047
f 2242/3908/2932 848/1189/1047 847/1190/1048
f 2242/3908/2932 847/1190/1048 858/4025/2997
f 1018/1853/1529 204/1498/1278 187/1402/1200 952/1401/1199
f 2243/3907/2931 139/1134/1001 828/3451/2677
f 503/1049/408 502/1048/930 529/4026/1483 528/4027/46
f 2243/3907/2931 849/1191/1049 143/1187/1045
f 2243/3907/2931 143/1187/1045 848/1189/1047
f 2241/4028/2930 2239/4029/2933 859/1215/977
f 2241/4028/2930 859/1215/977 825/1214/1002
f 2322/759/683 2321/3868/2913 2331/608/555 2324/714/641
f 351/4030/132 2604/4031/2643 2603/3200/2532 2607/4032/1137
f 2042/3635/1907 2052/4033/2712 2051/4034/2998 2049/3633/2781
f 1407/4035/1350 1411/4036/1349 282/650/590 1440/3737/2832
f 1857/3660/2597 1862/4037/2999 2374/4038/2217 1858/4039/1677
f 2246/4040/1051 2245/2712/2209 799/1077/955
f 2246/4040/1051 799/1077/955 798/1076/954
f 2538/4041/3000 2535/4042/3001 2534/4043/3002 2537/4044/3003
f 501/439/397 68/600/548 53/3212/762 51/440/398
f 1754/4045/3004 1755/4046/2477 1752/1944/1594 1751/4047/3005
f 1724/4048/3006 1720/3002/2426 1722/3715/2819 1723/3410/2653
f 1945/3127/586 1940/3126/1553 1943/3445/1552 1944/3448/2675
f 631/4049/3007 630/2993/2424 687/985/884 682/3243/751
f 2104/4050/3008 2106/4051/3009 271/4052/1753 1380/4053/1752
f 2092/1154/1019 1389/3755/2845 2088/256/225 2091/2023/1650
f 1954/229/200 1950/4054/3010 1952/3461/2683 1953/3464/2686
f 2250/721/648 2252/720/647 802/192/164
f 2250/721/648 802/192/164 129/191/163
f 2678/4055/3011 2674/4056/3012 2673/2730/2225 2677/4057/3013
f 645/2486/2012 646/2488/2014 92/768/691 644/771/694
f 2453/3529/2725 2545/3528/2724 2548/4058/3014 2455/4059/3015
f 2255/4060/1311 2257/4061/3016 806/4062/3017
f 2255/4060/1311 806/4062/3017 804/4063/1312
f 1544/3269/945 1545/3272/595 1542/4064/594 1541/4065/3018
f 2875/3336/2612 2871/4066/3019 2917/4067/3020 2919/2546/2066
f 2257/4068/3016 835/2198/1786 767/2197/1785
f 2257/4068/3016 767/2197/1785 806/4069/3017
f 2256/4070/3021 2258/291/260 2259/294/263
f 478/398/358 1600/2629/2135 1599/2628/2134 479/403/363
f 1250/3918/2938 1251/4071/2861 241/4072/1088 1249/4073/1087
f 452/1562/1322 451/223/194 2410/550/503 2414/1563/1323
f 569/4074/572 578/4075/573 3406/3149/2505 570/2396/1947
f 605/4076/1629 593/4077/598 74/2677/597 604/2680/2180
f 1758/4078/2482 729/4079/830 1755/4080/2477 1757/4081/3022
f 516/4082/540 517/4083/354 55/4084/353 66/4085/537
f 2249/722/649 1915/3409/2652 1913/3408/2651
f 2249/722/649 1913/3408/2651 1912/4086/3023
f 2371/2380/1931 1866/4087/3024 2368/4088/3025 2370/2381/1932
f 2041/3246/2561 2035/3245/2560 2039/2349/1908 2040/2755/2245
f 1904/4089/2722 1116/4090/3026 1114/4091/234
f 1904/4089/2722 1114/4091/234 1897/4092/669
f 1935/527/483 1936/3786/2867 1932/3617/2775 1931/4093/3027
f 3078/4094/3028 3075/4095/3029 3082/3286/2582 3080/2220/1803
f 1886/3857/2905 2261/4096/2927 2262/3858/2906
f 1981/4097/42 1982/4098/41 1978/4099/3030 1980/4100/3031
f 1189/4101/2298 1191/4102/3032 3215/4103/3033 3217/4104/2299
f 1371/3701/2813 1372/3700/1757 270/175/147 1370/174/146
f 2265/3262/2571 838/4105/1024 837/4106/1023
f 2265/3262/2571 837/4106/1023 2262/3899/2906
f 2116/3480/2697 2065/4107/3034 2063/3163/2510 2062/3162/2509
f 781/3864/2909 126/1052/932 2695/4108/3035 2697/4109/3036
f 1389/3755/2845 1390/2195/1779 273/4110/455 1388/3788/454
f 805/3076/968 2991/3075/2468 2990/4111/3037 736/4112/839
f 1139/4113/1455 3110/4114/3038 3109/4115/2696 1126/1728/1440
f 1999/3557/2744 2000/3736/2831 1998/1198/1054 1997/3554/2741
f 313/1937/1377 8/4116/23 7/4117/19 302/4118/18
f 1205/4119/3039 1183/2144/1741 232/2143/1740 1204/4120/3040
f 912/724/651 1886/3857/2905 1885/3027/2442 913/1299/1125
f 648/785/708 94/769/692 92/768/691 646/2488/2014
f 200/4121/2539 1076/4122/2538 1030/4123/1287 192/4124/1286
f 650/2051/1669 1693/4125/3041 1692/4126/3042 647/770/693
f 677/827/749 676/3159/1329 2689/3158/2507 2693/3949/2956
f 474/1617/1361 1655/1616/880 1654/4127/2278 1653/995/890
f 2720/1624/1368 1312/1623/1367 2715/4128/3043 2719/3871/2916
f 65/4129/525 554/4130/528 555/4131/3044 556/4132/2219
f 1206/742/667 1204/4133/3040 232/4134/1740 1203/3862/1739
f 3350/3140/2498 3351/3139/2497 3347/4135/3045 3349/4136/3046
f 952/1401/1199 951/4137/3047 2984/4138/3048 1018/1853/1529
f 1812/3250/2565 1813/3268/2575 1811/3267/2574 1810/4139/3049
f 2096/139/118 2095/1967/1615 2108/1966/1614 2099/1073/953
f 1395/4140/1371 1394/1152/116 2097/3071/115 2098/3070/842
f 328/3742/2837 329/4141/84 13/4142/83 327/2598/2108
f 377/200/172 379/199/171 2582/3449/2676 2585/3924/2542
f 394/504/462 393/4143/3050 2448/2776/2258 2452/505/463
f 1752/1944/1594 1753/1943/1593 1749/3081/2473 1751/4047/3005
f 2552/1696/1417 2540/4144/3051 2547/3903/2928 2551/906/814
f 2154/3608/2351 2123/2184/1777 2153/2183/1776 2152/3609/2769
f 1737/3042/2452 1734/3553/2740 1733/4145/3052 1732/4146/2446
f 1178/4147/505 1179/4148/3053 226/4149/1491 1177/4150/506
f 2738/1132/999 2739/409/369 2736/412/372 2737/3615/2773
f 839/1163/473 838/1162/1024 2268/489/447 2269/492/450
f 2163/4151/3054 2197/4152/3055 2196/4153/2721 2165/4154/3056
f 1639/97/81 1640/2594/2105 1638/3233/2556 346/98/82
f 2390/3759/2848 1644/3758/2847 1651/4155/3057 2389/4156/3058
f 1210/4157/2851 2015/4158/3059 2070/3359/2627 2072/4159/2852
f 2027/2650/2151 2022/2649/2150 2025/917/825 2026/916/824
f 2018/281/250 1230/4160/1560 2021/3040/2450 2019/282/251
f 529/4161/1483 63/635/575 58/634/47 528/4162/46
f 2666/4163/2179 555/4164/3044 2663/434/392 2662/4165/3060
f 3231/308/277 3232/307/276 3230/4166/3061 3229/3651/2792
f 602/1597/1345 601/1818/1503 624/4167/2422 3409/3545/2736
f 2460/4168/3062 2455/4059/3015 2548/4058/3014 2549/4169/3063
f 539/2914/2243 537/531/487 60/530/486 524/4170/3064
f 1805/2622/2130 1876/4171/3065 1873/3845/2898 1872/2623/2131
f 1102/1661/1395 1101/1660/1394 1045/1059/939 1047/1058/938
f 384/3231/2554 383/208/180 1635/2564/2084 1636/3232/2555
f 3314/4172/3066 3315/4173/2798 3293/2111/1718 3291/2114/1721
f 1336/2105/1712 1823/4174/3067 1822/1645/1382 1337/2106/1713
f 723/4175/2140 722/3848/2899 764/1000/895 3403/1855/1531
f 2135/3813/2881 2137/3556/2743 1996/3555/2742 2134/1908/1568
f 1273/4176/1684 1272/4177/3068 3042/4178/3069 3041/4179/1685
f 1930/2515/2036 1931/4093/3027 1927/2646/2147 1926/2512/2033
f 2323/758/682 2325/757/681 2326/4180/3070
f 2323/758/682 2326/4180/3070 2327/2976/2411
f 606/4181/622 611/4182/621 1610/318/287 1611/317/286
f 2327/4183/2411 2326/4184/3070 632/4185/436
f 2327/4183/2411 632/4185/436 631/4186/3007
f 2327/4183/2411 631/4186/3007 682/831/751
f 2327/4183/2411 682/831/751 681/830/137
f 2326/4187/3070 2325/4188/681 2328/4189/1807
f 2326/4187/3070 2328/4189/1807 2329/4190/2639
f 292/5/5 298/4191/10 2623/4192/3071 2622/4193/1130
f 2249/722/649 1912/4086/3023 2260/4194/3072 2251/719/646
f 1912/4086/3023 1913/3408/2651 1909/3403/2648 1908/4195/3073
f 3079/4196/3074 3077/4197/1854 3076/4198/3075 3078/4094/3028
f 2328/2224/1807 520/391/351 517/394/354
f 1071/1589/1338 1093/1640/236 205/1599/1347 199/1587/427
f 2330/713/640 2332/607/554 2333/493/451
f 1430/383/343 1431/2277/1836 280/3614/1835 1429/384/344
f 1060/3815/1363 1084/4199/1014 3272/2157/1013 1061/2160/1756
f 2511/4200/3076 2512/4201/2170 2510/3008/2430 2509/3010/2432
f 966/1406/1203 965/453/411 219/1751/1457 1142/1753/1459
f 1894/3379/2635 1895/1771/1467 1893/1770/1134 1892/3380/261
f 3331/460/418 3332/459/417 3328/3059/2464 3327/4202/3077
f 1650/4203/988 1651/4204/3057 1648/4205/2271 1649/3761/2274
f 1580/81/65 1583/4206/1970 1584/4207/1969 1581/82/66
f 2413/3988/2977 2414/1563/1323 2410/550/503 2412/4208/3078
f 1701/3033/2392 1700/3068/2453 1737/4209/2452 1732/3034/2446
f 1001/486/444 1000/485/443 1025/1507/387 1024/1506/1282
f 2833/2518/2039 2832/2996/2233 1299/4210/927 1303/3406/926
f 3137/2211/1796 3136/4211/2369 1020/1496/1276 1019/1495/1275
f 1516/2403/1954 608/699/618 82/698/629 1515/2402/1953
f 1667/3118/2317 1666/3117/2488 1698/3067/2467 1702/3066/2318
f 1521/3603/2766 1522/1485/1265 1520/1484/1264 1519/3264/2573
f 660/958/861 662/2502/2025 2354/2501/1155 1688/2872/2326
f 1960/3485/2698 1947/644/584 1958/2565/2085 1959/3428/2663
f 2277/2470/2000 2276/4212/1596 1743/2354/1913 2280/2353/1912
f 1932/3617/2775 1928/3616/2774 1927/2646/2147 1931/4093/3027
f 1116/4213/3026 1117/1812/1497 212/266/235 1114/265/234
f 3385/3855/2903 3388/4214/1839 821/1127/996 3383/3913/2934
f 758/1199/1055 119/984/883 760/681/616 761/1200/1056
f 2338/4024/2996 2339/1064/944 2337/355/321 2336/354/320
f 1895/4215/1467 1894/4216/2635 2260/4194/3072 1898/4217/3079
f 833/4218/2247 840/518/475 2361/3520/2719 2363/4219/2246
f 1817/974/876 1816/1017/908 1859/3662/2796 1819/4220/3080
f 2198/2536/2057 2192/2535/2056 2196/4153/2721 2197/4152/3055
f 845/1185/1043 844/1184/1042 920/3977/2970 919/4221/3081
f 1130/1734/1445 2383/4222/2273 2382/3454/1226 2369/3453/2679
f 2001/808/731 1144/807/730 1998/1198/1054 2000/3736/2831
f 1204/4133/3040 1206/742/667 235/741/666 1223/4223/301
f 1185/3996/2984 1184/4224/1923 3191/4225/3082 3192/3498/2708
f 769/4226/3083 2360/2700/2197 2279/2699/2196 774/4227/3084
f 1601/4228/2177 1602/4229/3085 1600/4230/2135 478/4231/358
f 1356/2135/1733 1355/2134/1732 2834/2516/2037 2835/3407/2481
f 1279/2068/1686 1276/1988/1627 247/1987/1626 1275/2065/1683
f 1603/4232/2146 573/2630/2136 1600/2629/2135 1602/4233/3085
f 496/4234/987 2389/4235/3058 1651/4204/3057 1650/4203/988
f 2263/4236/3086 1756/4237/3087 2266/2494/2020 2264/3263/2572
f 2294/4238/3088 2295/2747/2237 2293/1881/1550 2292/1882/1551
f 2404/1895/1561 408/1028/919 2394/3890/2923 1567/4239/3089
f 3314/4172/3066 3287/4240/2138 3309/4241/2137 3307/2026/1652
f 1041/1540/1306 1096/1648/1385 1122/1173/1034 1033/1172/1033
f 2334/610/319 2335/4242/318 2333/493/451 2332/607/554
f 1103/227/198 1102/1661/1395 1813/3268/2575 1296/201/173
f 1162/1783/1476 1938/1886/1555 1937/3785/2866 1142/1753/1459
f 2924/4243/3090 2922/2407/1956 2956/4244/1425 2958/4245/1424
f 935/2654/2155 170/4246/1343 169/4247/1342 943/2655/2156
f 2800/3969/2966 2798/4248/2672 2868/4249/3091 2870/4250/3092
f 2209/3413/2655 2210/583/532 2208/1023/914 2207/2361/1917
f 1252/3778/2860 1253/1244/1089 241/1243/1088 1251/3779/2861
f 1825/1851/1527 1826/2375/1927 1824/2374/1926 1823/4174/3067
f 953/1210/1064 955/3281/2581 3285/4251/3093 3286/2790/2269
f 3379/2613/2122 3380/524/480 3378/523/479 3377/2611/2120
f 2976/3574/2751 1524/3576/2752 1522/1485/1265 1521/3603/2766
f 2133/2091/1700 2131/4252/3094 2166/4253/3095 2168/2092/1701
f 3050/1434/1228 1280/614/560 3047/4254/3096 3049/3638/2782
f 2059/4255/2382 2060/3164/2511 2058/4256/3097 2057/4257/3098
f 3244/1541/1307 3245/3880/2918 3243/4258/3099 985/4259/3100
f 1505/2911/2359 1506/2684/2184 1504/766/689 1503/2908/2356
f 2706/4260/3101 2704/2567/2087 2771/2570/2090 2773/4261/3102
f 2032/3107/2485 2026/916/824 2030/915/823 2031/4262/3103
f 3065/2283/1853 3069/4263/3104 3076/4264/3075 3077/2284/1854
f 1775/4265/1557 1776/4266/1556 1774/4267/1021 1773/4268/2812
f 2276/1946/1596 2275/1945/1595 1744/4269/2462
f 2276/1946/1596 1744/4269/2462 1743/4270/1913
f 2275/4271/1595 2271/4272/448 2270/2496/2022
f 1339/4273/1715 2831/2997/2143 2830/2517/2038 1340/4274/1716
f 3011/2602/2112 3036/2139/1737 3035/4275/2825 3034/2599/2109
f 2364/4276/3105 2365/2495/2021 1750/4277/3106
f 938/1343/1158 939/2429/1976 3394/3944/1482 940/4278/2536
f 1658/1423/1220 497/3669/990 1657/4279/989 1656/983/882
f 648/785/708 646/2488/2014 2356/1337/1154 2355/1336/1153
f 303/26/20 307/1340/1157 2617/3710/2263 2616/3709/2817
f 3010/4280/3107 3016/2140/1738 3036/2139/1737 3011/2602/2112
f 1452/4281/1864 2803/2858/2313 2808/3432/2667 2972/3431/2666
f 2878/2892/2342 2879/2418/1967 2877/2417/1966 2876/3334/2610
f 1679/4282/1000 1680/4283/2926 1677/4284/3108 1678/494/452
f 3368/1573/1330 3369/3038/2448 3367/3037/2447 3361/4285/3109
f 727/4286/2514 728/920/828 111/919/827 726/2823/2289
f 2331/4287/555 2321/4288/2913 2348/3489/2701 2347/4289/556
f 2741/2820/2286 2742/2819/2285 2740/1130/997 2738/1132/999
f 333/3502/1250 332/4290/885 1588/1347/510 336/1346/1161
f 127/1124/993 790/1446/1237 3335/1078/956 818/1125/994
f 1862/4037/2999 1857/3660/2597 1860/3659/2795 1861/4291/3110
f 2484/2770/438 2491/2773/2255 2517/2856/2311 2519/3567/439
f 542/4292/2456 1623/38/30 2392/37/29 540/4293/961
f 3143/2691/2189 3144/2827/2292 3142/2826/2291 3141/2692/2190
f 1625/4294/2372 1622/3284/31 1621/3283/2398 1624/4295/1469
f 1259/4296/3111 1256/4297/1599 3174/4298/3112 3173/3919/2939
f 2824/4299/3113 2826/2711/2208 2825/1982/1624 2823/1981/1623
f 2155/3606/2768 2219/3611/2771 2217/3960/2961 2216/2214/1799
f 2300/2425/1974 2301/2907/2355 2299/4300/3114 2298/2422/1971
f 981/128/110 3261/4301/536 3260/4302/3115 991/125/107
f 2377/2060/1678 1854/1388/1191 1853/1713/1429
f 1929/3467/2688 1924/2647/2148 1927/2646/2147 1928/3616/2774
f 2378/1385/1188 1306/4303/3116 260/2034/1659
f 2378/1385/1188 260/2034/1659 1329/4304/3117
f 60/530/486 521/966/869 56/965/868 524/4170/3064
f 3089/4305/3118 3088/4000/2986 3087/4003/2989 3073/4306/1299
f 2106/4307/3009 2104/4308/3008 2105/2096/1703 1398/2095/266
f 1002/2825/2290 1027/3730/1283 3140/2923/2368 3142/2826/2291
f 2380/1428/1224 2381/1431/1227 1238/1911/1570
f 2380/1428/1224 1238/1911/1570 1237/1910/1569
f 2736/412/372 925/1317/1140 2735/3041/2451 2734/3176/2520
f 2438/3348/765 2439/4309/2323 2437/4310/292 2436/3349/2252
f 128/1066/946 795/1069/949 796/3901/2500 791/3023/2438
f 2514/2666/2167 2549/4311/3063 2548/4312/3014 2543/3506/2714
f 2384/555/508 2383/4313/2273 2385/4314/3119
f 2384/555/508 2385/4314/3119 1178/552/505
f 1590/4315/2229 1591/4316/3120 1579/3534/2728 1578/3533/2727
f 2954/1917/1575 2956/4244/1425 2922/2407/1956 2920/2410/1959
f 542/4317/2456 540/1084/961 61/1083/497 67/667/541
f 1578/3533/2727 1577/80/64 1582/79/63 1589/4318/886
f 2910/4319/3121 2911/2545/2065 2909/2544/2064 2908/3734/2829
f 1566/4320/1934 1560/4321/1933 1564/4322/3122 1565/4323/3123
f 1105/4324/1396 1104/230/201 1120/3146/2504 1119/3145/2503
f 1540/112/96 1538/2507/2028 2685/2506/2027 2631/113/97
f 1353/4325/1731 1352/3240/1730 2816/4326/3124 2820/4327/1994
f 1798/4328/2540 1044/4329/2794 1797/4330/2011 1789/4331/2537
f 1338/1666/1397 1821/1644/1381 1818/4332/873 1820/1667/1398
f 433/3994/2982 434/3993/2981 39/309/278 432/315/284
f 783/599/547 3376/598/546 3364/862/777 784/861/776
f 1772/1158/1020 1771/3691/2549 1773/3694/2812 1774/1159/1021
f 1841/3290/821 1837/4333/820 2387/4334/3125
f 1841/3290/821 2387/4334/3125 1334/3291/1709
f 762/4335/894 763/4336/893 121/992/854 132/991/888
f 3145/4337/2726 3143/2691/2189 3168/2694/2192 3166/4338/2876
f 2387/4339/3125 1363/4340/3126 1335/2103/1710
f 2387/4339/3125 1335/2103/1710 1334/2102/1709
f 679/823/745 710/878/791 2635/4341/3127 2634/3671/2800
f 534/2591/2104 533/3025/2440 1697/2934/2379 1673/2935/2380
f 2388/1848/1524 1336/2105/1712 1335/2103/1710
f 2388/1848/1524 1335/2103/1710 1363/4340/3126
f 2472/1426/1222 2470/1608/1354 2469/836/756 2471/835/755
f 3241/2750/2240 3240/4342/3128 3242/4343/3129 3221/2751/2241
f 1738/3050/2457 650/2051/1669 649/2052/1670
f 1721/3084/2427 719/1942/1592 701/867/782
f 1721/3084/2427 701/867/782 700/866/781
f 1315/2010/1644 3004/4344/3130 3042/4178/3069 1272/4177/3068
f 2680/3986/2975 2674/4056/3012 2678/4055/3011 2679/3987/2976
f 544/2358/1915 550/1796/1485 2651/1795/1484 545/3629/1304
f 1905/4345/3131 1901/3723/2824 1900/743/668 1899/746/671
f 3337/4346/2114 3338/4347/2343 3339/3344/2620 3334/1081/959
f 1109/1678/1403 1123/3724/1433 215/4348/1432 1110/1679/1404
f 268/289/258 1362/2888/2338 2174/4349/2917 1357/2136/1734
f 1141/1752/1458 219/1751/1457 975/456/414 1143/2490/2016
f 2352/4350/3132 2353/2503/1156 2351/2412/1961 2350/2411/1960
f 2853/4351/3133 2854/4352/3134 2852/19/15 2850/1614/1360
f 316/4353/3135 310/4354/3136 1574/2526/2047 1573/2529/2050
f 743/1755/852 742/1754/1460 3403/2635/1531 757/2965/1530
f 2855/4355/2164 2856/20/16 2852/19/15 2854/4352/3134
f 782/596/544 783/599/547 126/1052/932 781/3864/2909
f 2893/2149/1746 2897/4356/3137 2896/4357/3138 2894/4358/3139
f 1343/2118/1723 1342/2117/1722 2847/4359/3140 2764/4360/3141
f 3359/4361/3142 788/1008/901 3357/1007/900 3358/4362/3143
f 1629/110/94 1628/1772/1468 476/396/356
f 1629/110/94 476/396/356 481/107/91
f 2949/3300/1880 2951/1919/1577 1465/2312/1876 288/2311/1875
f 1628/4363/1468 493/4364/381 476/4365/356
f 493/4364/381 477/4366/357 476/4365/356
f 352/155/133 2495/4367/3144 2492/3748/2842 2487/3749/2843
f 2185/4368/3145 1833/3884/2921 2183/3883/2920 2182/3882/2919
f 2696/4369/3146 2694/4370/3147 2763/4371/3148 2765/4372/3149
f 2756/2983/2418 2757/2982/2417 2755/4373/3150 2753/2744/2234
f 553/895/804 552/2504/2026 2682/976/877 560/896/805
f 2490/3366/2630 2491/2773/2255 2488/2772/2254 2489/3363/2629
f 2885/2690/2188 2888/2689/2187 2842/2709/2206 2841/2708/2205
f 1304/1012/905 1301/2980/2415 2756/2983/2418 2750/1009/902
f 2613/4374/2596 2614/4375/524 2610/2200/523 2608/2203/1789
f 1924/2647/2148 1929/3467/2688 1965/3452/2678 1925/2472/2002
f 2355/1336/1153 2357/678/613 653/677/612 648/785/708
f 1642/1940/1591 417/994/889 416/278/247 385/209/181
f 3047/4254/3096 1277/4376/1628 3045/4377/1925 3046/3943/2952
f 89/477/435 638/533/489 3381/522/478 630/2993/2424
f 1628/4378/1468 1629/4379/94 1625/4294/2372 1624/4295/1469
f 2401/4380/2959 2402/4381/3151 410/4382/3152
f 2401/4380/2959 410/4382/3152 415/4383/3153
f 2401/3954/2959 415/4384/3153 366/184/156
f 2401/3954/2959 366/184/156 365/183/155
f 2268/4385/447 838/4105/1024 2265/3262/2571 2267/2493/2019
f 2402/4381/3151 2403/1957/1606 411/4386/3154
f 2402/4381/3151 411/4386/3154 410/4382/3152
f 2675/3248/2563 2670/2731/2226 2673/2730/2225 2674/4056/3012
f 2157/1353/1164 2126/2904/2352 2154/2903/2351 2156/1354/1165
f 1564/4322/3122 1560/4321/1933 1559/4387/2878 1563/4388/3155
f 1421/3013/2433 1422/2920/2366 279/2239/1820 1420/2242/1823
f 3045/4377/1925 3021/4389/3156 3019/3941/2950 3046/3943/2952
f 2704/2567/2087 2705/2491/2017 2703/2917/2363 2702/2568/2088
f 1735/3086/2476 1736/3085/2466 1733/4145/3052 1734/3553/2740
f 2542/3507/2715 2541/4390/3157 2516/2855/2310 2515/2667/2168
f 919/4221/3081 920/3977/2970 164/4391/1316 918/4392/1271
f 1705/3219/2547 1703/2952/2393 1731/2475/2005 1708/2478/2008
f 1043/3654/535 1044/3655/2794 191/1543/1309 1042/1546/1310
f 1457/2299/1868 2784/4393/3158 2783/339/306 2782/4394/3159
f 1434/386/346 1435/2244/1825 281/2230/1813 1433/4395/2405
f 2521/4396/3160 2522/4397/2406 2520/3565/1221 2518/3564/2747
f 1187/4398/3161 1188/4399/3162 229/4400/3163 1186/3499/2709
f 1152/640/580 1151/639/579 1499/2508/2029 1498/2511/2032
f 1038/462/420 1034/461/419 190/4401/1291 1037/4402/1300
f 1896/1768/670 1897/4092/669 1114/4091/234 1113/1769/233
f 2451/2779/2261 2452/505/463 2448/2776/2258 2450/2775/2257
f 435/4403/3164 429/310/279 39/309/278 434/3993/2981
f 975/456/414 178/455/413 2701/2308/1874 2703/2917/2363
f 1128/1735/1446 2367/4404/3165 2366/2830/2295 1073/467/425
f 645/4405/2012 1690/2916/2362 1687/2915/2242 1689/4406/2013
f 1266/3583/2759 1252/3778/2860 3128/3781/2863 3124/4407/3166
f 210/1555/1318 1110/1679/1404 1149/1767/1466 1148/1766/1465
f 2417/4408/1988 42/4409/325 460/4410/330
f 726/2823/2289 2289/2813/1328 2286/4411/1327 727/4286/2514
f 474/1617/1361 475/1806/1493 46/387/347 473/390/350
f 1656/983/882 1657/4279/989 1654/4412/2278 1655/980/880
f 2423/2082/1697 2425/4413/3167 2426/694/608
f 2426/673/608 2425/4414/3167 2427/4415/3168
f 2426/673/608 2427/4415/3168 2428/674/609
f 2426/673/608 439/675/610 444/4416/626
f 69/613/559 569/4074/572 570/2396/1947 571/618/564
f 2428/674/609 2427/4415/3168 2429/3824/2886
f 2428/674/609 2429/3824/2886 2430/2232/1815
f 1411/1602/1349 1433/2964/2405 281/4417/1813 282/4418/590
f 2180/2928/2373 2189/4419/3169 2186/4420/3170 2182/3882/2919
f 2430/2232/1815 2429/3824/2886 2431/789/712
f 2430/2232/1815 2431/789/712 2432/788/711
f 2430/2232/1815 2432/788/711 2433/322/291
f 825/1135/1002 139/1134/1001 2243/3907/2931 2241/3906/2930
f 3190/4421/304 1187/4422/3161 3191/4423/3082 1205/4119/3039
f 3322/4424/2515 3320/3731/2827 976/3561/2746 974/1417/1214
f 1035/891/800 1015/894/803 1106/500/458 1036/499/457
f 2749/3184/2522 2744/3187/2523 2743/4425/2778 2748/4426/2777
f 1942/1444/1235 1349/1443/26 1963/3468/2689 1934/2874/2327
f 3103/4427/3171 1283/4428/3172 3113/4429/88 3105/4430/2458
f 1099/1653/1390 1098/1652/1389 3018/2896/2345 3020/4431/3173
f 2966/3190/2526 2967/2557/2077 2965/2190/1781 2964/2189/1780
f 2441/1368/1177 2442/1367/1176 2443/2125/1726
f 2441/1368/1177 2443/2125/1726 2444/2124/1725
f 2441/1368/1177 2444/2124/1725 431/314/283
f 2441/1368/1177 431/314/283 428/313/282
f 1973/2064/1682 1974/3514/2717 1972/3787/2868 1971/2394/1945
f 2443/4432/1726 2442/4433/1176 413/272/241
f 2443/4432/1726 413/272/241 2445/4434/3174
f 2443/4432/1726 393/4143/3050 392/233/204
f 2445/4434/3174 413/272/241 2446/286/255
f 2445/4434/3174 2446/286/255 2447/2777/2259
f 2445/4434/3174 2447/2777/2259 2448/2776/2258
f 752/4435/695 751/4436/698 2297/4437/2236 2299/4438/3114
f 3233/484/442 3234/4439/2223 3230/4166/3061 3232/307/276
f 2800/3969/2966 2801/3345/2621 2799/4440/2673 2798/4248/2672
f 787/2332/1891 786/4441/1030 142/1183/1029 145/1186/1044
f 541/545/498 564/594/542 67/593/541 61/543/497
f 384/3231/2554 385/209/181 29/205/177 383/208/180
f 2105/2096/1703 2104/4308/3008 2103/4442/841 2102/4443/844
f 248/4444/562 1275/2065/1683 247/1987/1626 1278/1990/563
f 2279/2699/2196 2273/2698/2195 2277/2470/2000 2278/2469/1999
f 2464/3157/2506 2461/4445/3175 2511/4200/3076 2509/3010/2432
f 2896/4357/3138 2853/4351/3133 2895/2961/2402 2894/4358/3139
f 1898/4217/3079 1908/4195/3073 1905/4345/3131 1899/746/671
f 3117/2847/2305 1258/4446/2855 1268/4447/1922 1267/3888/2758
f 371/4448/3176 30/3796/188 28/3795/169 377/4449/172
f 2466/3998/1559 2468/4450/2487 2469/836/756
f 1015/894/803 1014/1486/1266 1107/1672/1400 1106/500/458
f 3206/2727/2222 3205/3337/2613 3230/4451/3061 3234/2728/2223
f 2469/836/756 2468/4450/2487 2473/4452/3177
f 2469/836/756 2473/4452/3177 2474/837/757
f 1258/3769/2855 1255/1948/1598 242/1947/1597 1257/4453/3178
f 62/2357/1303 548/2325/1885 2657/3716/2820 2659/665/602
f 1610/4454/287 1606/4455/2097 1604/4456/3179 1609/4457/288
f 2474/837/757 2480/4458/3180 329/4141/84
f 2480/4458/3180 2481/4459/1620 329/4141/84
f 2444/2124/1725 397/2123/205 2530/1730/1441 431/314/283
f 1047/1058/938 1046/1061/941 1807/2609/2118 1811/3267/2574
f 2528/4460/3181 2529/1731/1442 2526/3492/2703 2525/3491/2702
f 2249/722/649 2250/721/648 2248/4461/3182 1915/3409/2652
f 1059/1620/1364 1064/4462/3183 3311/2363/1918 1085/1621/1365
f 714/2254/795 713/890/793 2363/2760/2246 2362/2251/1832
f 2544/3904/2929 2539/4463/3184 2542/3507/2715 2543/3506/2714
f 1966/2473/2003 1925/2472/2002 1965/3452/2678 1421/3013/2433
f 727/3168/2514 2284/1630/1374 2283/2686/2185 728/2685/828
f 1677/4464/3108 522/963/866 1676/3646/2787 519/4465/3185
f 2776/4466/3186 2706/4260/3101 2773/4261/3102 2775/3137/2496
f 2492/3748/2842 2493/4467/2691 2494/3364/2431
f 2492/3748/2842 2494/3364/2431 2489/3363/2629
f 149/4468/1003 850/4469/976 144/4470/1009 148/4471/1004
f 2495/4367/3144 354/158/135 20/144/123
f 2495/4367/3144 20/144/123 2496/4472/3187
f 2495/4473/3144 2497/4474/3188 2498/4475/3189
f 2495/4473/3144 2498/4475/3189 2499/3472/2692
f 851/4476/979 826/4477/1010 144/4470/1009 850/4469/976
f 2553/905/813 2554/904/812 450/4478/2391 449/359/324
f 426/4479/281 430/3418/280 438/3417/1152 437/4480/2322
f 2504/4481/3190 2503/4482/3191 14/987/119
f 2504/4481/3190 14/987/119 2505/4483/3192
f 371/4484/3176 377/4485/172 2585/3213/2542 372/3216/2545
f 2368/4088/3025 1871/4486/3193 2366/2830/2295 2367/4404/3165
f 3073/1532/1299 3074/1531/1298 3091/3866/2911 3090/4487/3194
f 2408/114/98 2409/551/504 2407/226/197 2406/111/95
f 1053/1381/1184 1052/1384/1187 3028/4488/3195 3030/4489/3196
f 1329/4490/3117 260/4491/1659 262/2069/1687 1328/2099/1706
f 1443/4492/1258 1448/1808/13 2789/1807/1494 2787/1248/1093
f 3043/4493/3197 1279/2068/1686 3041/2067/1685 3040/4494/3198
f 1265/3004/2428 2033/1830/1514 2030/915/823 2029/918/826
f 1816/1017/908 1814/1018/909 1867/252/221 1863/255/224
f 1756/4237/3087 1754/4045/3004 2365/2495/2021 2266/2494/2020
f 2157/1353/1164 2159/1352/971 2160/2932/2377 2129/2931/2376
f 755/471/429 754/2740/2230 2288/2946/2390 2287/472/430
f 3189/334/303 1222/333/302 3186/3740/2835 3188/3739/2834
f 1089/4495/1391 1099/1653/1390 3020/4431/3173 3022/4496/2335
f 2246/4040/1051 851/1108/979 2244/1107/978 2245/2712/2209
f 1548/2397/1948 1547/3427/2662 1553/3322/2603 571/618/564
f 3318/4497/3199 1478/2330/1889 1497/2975/2410 1496/2510/2031
f 2150/3610/2770 2151/4004/2990 2149/3831/2889 2148/3830/2888
f 3384/2612/2121 910/4498/3200 3382/4499/3201 3379/2613/2122
f 2953/4500/3202 1465/2312/1876 2951/1919/1577 2952/1918/1576
f 424/299/268 43/304/273 2628/2388/1939 2629/2387/1938
f 2524/4501/3203 2525/3491/2702 2523/1609/1355 2522/2968/2406
f 2526/3492/2703 360/4502/3204 2527/1610/1356
f 960/3194/2529 174/3181/1197 1796/3180/1920 1795/3191/2527
f 2675/3248/2563 2674/4056/3012 2680/3986/2975 2683/3249/2564
f 2003/1218/1066 2002/1380/1183 2143/1379/1182 2004/3572/2749
f 2864/2543/2063 2863/4503/3205 2905/3735/2830 2909/2544/2064
f 2532/4504/2980 2533/4505/3206 42/4506/325
f 2532/4504/2980 42/4506/325 457/4507/327
f 2070/3359/2627 2069/3358/2626 2071/4508/2657 2072/4159/2852
f 3229/3651/2792 3228/3650/2791 3246/4509/1308 3231/308/277
f 2955/3299/1426 2956/4244/1425 2954/1917/1575 2950/1920/1578
f 1179/4148/3053 1178/4147/505 2385/4510/3119 1171/4511/2308
f 2369/3453/2679 2370/2381/1932 2368/4088/3025 2367/4404/3165
f 2850/1614/1360 2848/2962/2403 2895/2961/2402 2853/4351/3133
f 1445/4512/3207 1444/2280/1852 2780/944/848 2772/947/850
f 3009/4513/3208 3010/4280/3107 3011/2602/2112 3006/2601/2111
f 1529/748/673 1531/747/672 1530/1565/1325 1527/2446/1986
f 3131/4514/3209 3137/2211/1796 3158/1974/1619 3132/3226/2550
f 3193/3497/2707 1190/2834/2297 3219/2837/2300 3195/3258/2568
f 2292/1882/1551 2291/4515/2279 2358/4516/614 2294/4238/3088
f 1436/2243/1824 2053/2246/1827 2041/3246/2561 2040/2755/2245
f 2658/666/603 2668/3744/2838 2667/4517/1630 2660/664/601
f 3173/3919/2939 3174/4298/3112 3170/2247/1828 3172/3920/2940
f 1261/3695/2711 1260/3698/1611 1980/4100/3031 1979/4518/3210
f 3391/1791/1481 3390/4519/2157 943/4520/2156 941/3202/2534
f 2723/3747/2841 2724/1625/1369 2720/1624/1368 2722/3870/2915
f 1556/3805/2877 1561/2385/1936 1598/2671/2172 1557/2670/2171
f 468/381/252 412/4521/3211 411/4386/3154 469/382/342
f 1717/1913/1571 1721/3003/2427 700/3493/781 1718/1914/1572
f 465/4522/335 1558/4523/3212 1555/3320/2601 1552/3323/2604
f 768/3810/2880 769/4226/3083 124/1024/915 750/3807/2879
f 1551/2497/2023 1547/3427/2662 1546/652/592 1550/2498/2024
f 1252/3778/2860 1266/3583/2759 245/2368/1921 1253/1244/1089
f 1751/4047/3005 1750/4277/3106 2365/2495/2021 1754/4045/3004
f 11/4524/49 369/4525/159 2625/4526/2544 315/4527/50
f 2411/2389/1940 2412/4208/3078 2410/550/503 2409/551/504
f 698/858/775 697/1978/772 3350/3140/2498 3349/4136/3046
f 2006/3578/2754 2007/3577/2753 2005/4528/2750 2004/3984/2749
f 2555/285/254 467/284/253 446/4529/312
f 2555/285/254 446/4529/312 450/2949/2391
f 544/2358/1915 545/3629/1304 62/2357/1303 543/436/394
f 1871/4486/3193 1870/4530/2897 1875/2831/2293 2366/2830/2295
f 1585/2578/2096 1587/4531/2101 2504/4481/3190 2505/4483/3192
f 811/1112/983 1525/2176/1769 1523/4532/1262 812/1758/1462
f 2811/2616/2125 2807/2615/2124 2806/2857/2312 2810/2900/2349
f 2536/4533/1416 458/4534/329 42/4506/325
f 2536/4533/1416 42/4506/325 2533/4505/3206
f 977/2306/1872 781/3864/2909 2697/4109/3036 2699/2307/1873
f 748/4535/3213 750/3807/2879 124/1024/915 770/3053/2460
f 828/3451/2677 114/885/797 849/1191/1049 2243/3907/2931
f 898/2365/1919 903/1287/1117 161/1278/1113 896/1277/1112
f 2498/4475/3189 2497/4474/3188 20/4536/123
f 2498/4475/3189 20/4536/123 2503/4537/3191
f 2495/4367/3144 352/155/133 348/149/128
f 2495/4367/3144 348/149/128 354/158/135
f 3039/4538/3214 3003/4539/3215 3031/3421/2658 3029/4540/3216
f 2446/286/255 412/4541/3211 468/283/252
f 2556/4542/3217 2557/4543/3218 413/272/241
f 2557/4543/3218 414/273/242 413/272/241
f 413/272/241 2558/4544/3219 2559/4545/3220
f 413/272/241 2559/4545/3220 2556/4542/3217
f 2557/4546/3218 366/184/156 415/4384/3153
f 2557/4546/3218 415/4384/3153 414/4547/242
f 2557/4543/3218 2560/4548/3221 2561/4549/3222
f 2560/4548/3221 2562/4550/3223 2563/4551/3224
f 2560/4548/3221 2563/4551/3224 2561/4549/3222
f 228/1814/1499 1184/2371/1923 1185/4552/2984 1180/1815/1500
f 2563/4551/3224 2562/4550/3223 401/2016/219
f 2563/4551/3224 401/2016/219 400/245/216
f 2563/4553/3224 400/4554/216 402/4555/215
f 2563/4553/3224 402/4555/215 2564/4556/3225
f 2566/2346/1905 2560/4557/3221 2567/2347/1906
f 2560/4557/3221 2557/4558/3218 2567/2347/1906
f 1043/586/535 1042/4559/1310 3262/4560/1975 3261/587/536
f 2567/4561/1906 2557/4562/3218 2556/4563/3217
f 2567/4561/1906 2556/4563/3217 2568/4564/3226
f 2567/4565/1906 2568/4566/3226 2569/4567/3227
f 2567/4565/1906 2569/4567/3227 2570/4568/3228
f 2567/4565/1906 2570/4568/3228 2571/4569/3229
f 2567/4565/1906 2571/4569/3229 484/4570/1903
f 779/4571/925 730/3100/831 1762/3099/1765 1764/3105/1764
f 1339/2639/1715 265/2115/1714 1343/2118/1723 1344/2558/2078
f 2570/4568/3228 2569/4567/3227 2575/4572/3230
f 2570/4568/3228 2575/4572/3230 2576/4573/3231
f 2576/4574/3231 2575/4575/3230 2577/4576/3232
f 2576/4574/3231 2577/4576/3232 2578/4577/3233
f 2577/4578/3232 2575/4579/3230 2579/4580/3234
f 2577/4578/3232 2579/4580/3234 366/184/156
f 889/1688/1106 3396/4581/2809 3393/4582/3235 3395/1689/1412
f 3337/4346/2114 3334/1081/959 3333/1080/958 3336/3440/2115
f 2075/3684/2807 1288/3679/2804 2074/3678/2803 2073/4583/3236
f 636/751/676 635/2573/2093 3372/4584/721 3373/4585/724
f 2378/1385/1188 1854/1388/1191 2377/2060/1678 1306/4303/3116
f 750/3807/2879 748/4535/3213 116/4586/3237 747/3808/1833
f 2728/4587/2665 2729/4588/3238 2727/1702/1421 2726/3746/2840
f 657/795/718 661/65/53 1684/68/56 1683/1062/942
f 2209/3413/2655 1386/3951/1774 2212/580/529 2210/583/532
f 1332/2098/1705 1331/2097/1704 2085/2854/715 2087/3718/227
f 120/990/887 757/4589/1530 762/4335/894 132/991/888
f 483/4590/3239 484/4570/1903 2571/4569/3229 2572/4591/3240
f 485/4592/3241 486/2972/2408 49/2971/349 52/449/407
f 3382/4499/3201 822/680/615 3380/524/480 3379/2613/2122
f 631/4049/3007 632/478/436 89/477/435 630/2993/2424
f 2940/2047/1668 2938/2763/2249 2969/3189/2525 2943/2044/1665
f 1759/3021/2436 1760/3020/2435 1758/4078/2482 1757/4081/3022
f 1705/3219/2547 1707/1685/1410 1706/1822/1507 1704/3220/2319
f 2598/2912/2360 2599/3143/2501 2600/2784/2264
f 3302/4593/2203 3275/4594/3242 3300/4595/3243 3299/4596/3244
f 1773/4268/2812 1801/4597/2811 1800/4598/2546 1775/4265/1557
f 1026/432/390 3237/431/389 3236/2729/2224 3235/3600/2764
f 1721/3003/2427 1720/3002/2426 1724/4048/3006 1727/4599/2474
f 2777/3136/2495 2778/2696/2193 2776/4466/3186 2775/3137/2496
f 1664/4600/2489 1659/1422/1219 1662/982/881 1663/2833/2296
f 1571/4601/3245 1570/2527/2048 1576/3535/2729 1579/3534/2728
f 440/321/290 436/320/289 40/1334/307 439/675/610
f 2108/1966/1614 2109/3058/2463 2107/1070/950 2099/1073/953
f 2609/4602/1138 2611/4603/1788 347/148/127
f 2609/4602/1138 347/148/127 21/147/126
f 1241/2869/2324 1216/1870/1541 254/1869/1542 1305/2870/2325
f 1265/3004/2428 1262/3007/2429 2037/1827/1511 2033/1830/1514
f 3021/4604/3156 3045/2373/1925 3044/2372/1924 3023/4605/3246
f 1824/2374/1926 1297/1642/1379 1822/1645/1382 1823/4174/3067
f 3252/4606/3247 1023/1174/1035 1122/1173/1034 1121/2593/1431
f 1757/4081/3022 1756/4607/3087 2263/4608/3086 1759/3021/2436
f 2873/2400/1951 2800/3969/2966 2870/4250/3092 2872/4609/3248
f 3263/4610/2745 991/4611/107 3260/4612/3115 3259/4613/2493
f 552/2504/2026 559/2722/2218 2683/3249/2564 2682/976/877
f 1823/4174/3067 1336/2105/1712 2388/1848/1524 1825/1851/1527
f 2295/2747/2237 2294/4238/3088 2352/4350/3132 2350/2411/1960
f 1186/3499/2709 3192/3498/2708 3191/4225/3082 1187/4398/3161
f 3358/4362/3143 3354/3719/1331 3368/4614/1330 3361/4615/3109
f 358/166/143 2645/2637/2142 2642/2636/2141 2644/2804/2276
f 2721/3869/2914 1463/4616/3249 2974/4617/3250 2722/3870/2915
f 1292/202/174 1296/201/173 1813/3268/2575 1812/3250/2565
f 3256/3132/1617 1105/4618/1396 1119/3636/2503 3255/1860/1536
f 2411/2389/1940 2628/2388/1939 2627/4619/3251 2412/4208/3078
f 826/4477/1010 851/4476/979 2246/1194/1051 827/1193/1050
f 2618/2101/1708 2595/2100/1707 2594/2913/2361
f 1183/2144/1741 1205/4119/3039 3191/4423/3082 1184/4620/1923
f 253/1046/928 1299/1045/927 1300/2981/2416 1301/2980/2415
f 2642/2636/2141 425/300/269 2639/3790/2869 2641/3799/2875
f 1819/4220/3080 1859/3662/2796 1856/3661/1676 1852/4621/1428
f 2623/4192/3071 298/4191/10 2624/4622/3252
f 2623/4192/3071 2624/4622/3252 2588/4623/3253
f 997/1454/1243 196/4624/385 190/1520/1291 998/1455/1244
f 2624/4625/3252 298/10/10 3/9/9
f 2624/4625/3252 3/9/9 315/4626/50
f 2624/4627/3252 315/753/50 2625/3215/2544
f 2624/4627/3252 2625/3215/2544 2584/3214/2543
f 2624/4628/3252 2584/3923/2543 2583/3925/2942
f 2624/4628/3252 2583/3925/2942 2588/4629/3253
f 373/194/166 357/165/142 2612/2619/2127 374/195/167
f 2228/2514/2035 2247/2621/2129 2231/4630/70 2229/4631/209
f 1654/4127/2278 1649/2801/2274 1652/996/891 1653/995/890
f 590/4632/596 3407/4633/3254 3406/3149/2505 578/4075/573
f 451/4634/194 452/4635/1322 41/4636/311 448/4637/195
f 2634/3671/2800 2635/4341/3127 2633/3915/2935 2632/3672/2801
f 774/4227/3084 133/1025/916 124/1024/915 769/4226/3083
f 321/1175/1036 320/1178/1039 2505/4638/3192 14/4639/119
f 2596/2658/2159 2592/2816/2282 2429/3824/2886
f 2596/2658/2159 2429/3824/2886 2427/4415/3168
f 450/4478/2391 446/4640/312 41/356/311 449/359/324
f 1632/572/521 1643/2209/1794 1644/3758/2847 1645/573/522
f 2418/3990/2979 2626/3989/2978 27/193/165
f 2418/3990/2979 27/193/165 375/196/168
f 1961/3483/2699 1369/2154/1751 1368/2153/1750 1962/1297/1123
f 2750/1009/902 2751/2745/2235 2748/3623/2777 2747/1010/903
f 2626/3989/2978 376/303/272 27/193/165
f 422/4641/3255 418/3540/2731 37/262/231 421/1958/1607
f 2627/4619/3251 2628/2388/1939 43/304/273
f 2502/4642/3256 2500/3473/2693 2499/3472/2692 2498/4475/3189
f 2774/946/849 2775/3137/2496 2773/4261/3102 2772/947/850
f 1794/2366/1844 1793/4643/1847 1795/4644/2527 1796/2367/1920
f 2529/1731/1442 2528/4460/3181 433/3994/2982 432/315/284
f 751/4436/698 756/4645/432 2293/4646/1550 2297/4437/2236
f 383/208/180 382/207/179 1633/108/92 1634/1021/912
f 814/1111/982 1526/2177/1770 1525/2176/1769 811/1112/983
f 1451/2291/1861 1450/2290/1860 2795/804/727 2799/3438/2673
f 635/2573/2093 636/751/676 89/477/435 634/476/434
f 1879/4647/1991 914/402/362 1877/3343/2619 1876/4171/3065
f 3203/4648/2615 3202/4649/3257 3227/3652/2793 3205/4650/2613
f 690/2822/2288 691/849/767 103/848/766 689/676/611
f 2359/2945/2389 772/4651/1376 2285/4652/1375 2288/2946/2390
f 1661/3670/1506 1660/2861/2316 1704/2864/2319 1706/4653/1507
f 2194/4654/3258 2191/3524/2720 2190/3702/2814 2189/4419/3169
f 958/1394/1194 945/1371/1179 3301/3458/2681 959/1395/1195
f 657/795/718 1683/1062/942 2339/1064/944 658/796/719
f 2645/2637/2142 373/194/166 27/193/165
f 2645/2637/2142 27/193/165 423/301/270
f 3019/3941/2950 3020/4431/3173 3018/2896/2345 3017/2895/2344
f 1909/3403/2648 1906/3405/2650 1905/4345/3131 1908/4195/3073
f 2644/2804/2276 359/167/144 358/166/143
f 2068/4655/71 2069/3358/2626 2067/3357/2625 2066/3797/2873
f 2647/2803/2275 2649/3124/2490 387/215/187
f 2217/3960/2961 2221/3965/2761 1387/3950/1775 2214/3412/2654
f 804/1548/1312 137/4656/907 130/4005/906 803/189/161
f 2648/4657/1386 549/4658/1301 2650/4659/2779
f 2648/4657/1386 2650/4659/2779 471/4660/2757
f 1002/2825/2290 1003/2824/1128 182/4661/445 1001/3728/444
f 2650/4659/2779 2651/4662/1484 502/4663/930
f 2650/4659/2779 502/4663/930 487/4664/931
f 923/4665/2969 921/4666/1317 164/4667/1316 920/4668/2970
f 2788/1245/1090 2787/1248/1093 2789/1807/1494 2790/2880/2330
f 1272/4177/3068 1271/4669/3259 257/2011/1645 1315/2010/1644
f 1017/1504/1281 1023/1503/1035 3252/4670/3247 1016/4671/3260
f 771/1027/918 773/1026/917 2283/2686/2185 2284/1630/1374
f 841/1170/1031 3360/3254/2566 3363/4672/778 3364/3773/777
f 1745/957/860 1744/4673/2462 2275/4271/1595 2364/4276/3105
f 1908/4195/3073 1898/4217/3079 2260/4194/3072 1912/4086/3023
f 2653/3351/2622 671/4674/739 2654/3964/2965
f 2653/3351/2622 2654/3964/2965 2652/2328/1888
f 2653/3351/2622 2638/3352/2623 2636/4675/2871
f 2653/3351/2622 2636/4675/2871 709/4676/790
f 2653/4677/2622 709/877/790 108/817/740
f 2653/4677/2622 108/817/740 671/816/739
f 151/1222/1067 864/410/370 2739/409/369 865/1131/998
f 2526/3492/2703 361/178/150 24/177/149 360/4502/3204
f 2654/3964/2965 671/4674/739 670/4678/738
f 2654/3964/2965 670/4678/738 2655/4679/3261
f 1445/4512/3207 2771/2570/2090 2770/2569/2089 1446/2287/1857
f 615/3546/2737 622/4680/637 84/4681/636 616/4682/3262
f 1698/4683/2467 1666/4684/2488 1696/4685/3263 1695/4686/2941
f 2618/2101/1708 307/2783/1157 306/4687/52 2619/1307/1132
f 2387/4339/3125 1834/1849/1525 2388/1848/1524 1363/4340/3126
f 1274/116/100 1271/4688/3259 246/4689/3264 248/3360/562
f 534/2591/2104 60/530/486 59/529/485 533/3025/2440
f 2093/4690/2816 2113/2939/2383 2112/2938/1612 2095/4691/1615
f 2664/4692/393 2663/4693/392 555/4131/3044
f 2664/4692/393 555/4131/3044 554/4130/528
f 2571/4569/3229 2574/4694/3265 2573/4695/3265 2572/4591/3240
f 624/2989/2422 625/2988/2421 85/711/638 622/710/637
f 1445/4512/3207 1446/2287/1857 284/1477/1259 1444/2280/1852
f 2324/714/641 2330/713/640 2328/2224/1807 2325/757/681
f 1737/3042/2452 1699/3044/2454 650/2051/1669 1738/3050/2457
f 2666/4163/2179 2662/4165/3060 605/4696/1629
f 2666/4163/2179 605/4696/1629 604/4697/2180
f 2837/3825/2887 1356/4698/1733 2835/4699/2481 2836/3826/2480
f 1164/1834/1479 1192/1833/1515 1949/4700/3266 1944/4701/2675
f 2918/2547/2067 2916/4702/3267 2953/4500/3202 2952/1918/1576
f 2840/3508/2207 2842/4703/2206 2843/2393/1944 2844/2392/1943
f 2768/3325/2606 2766/4704/3268 2849/4705/3269 2851/1613/1359
f 1750/4277/3106 1751/4047/3005 1749/3081/2473 1747/954/857
f 662/2502/2025 660/958/861 97/794/717 659/797/720
f 1937/3785/2866 1933/2875/2328 1932/3617/2775 1936/3786/2867
f 1828/4706/2580 1827/2267/1526 1831/2266/1842 1829/4707/3270
f 2105/2096/1703 2102/4443/844 1404/1487/1267 1403/1490/1270
f 2422/4708/2664 2423/2082/1697 2421/2083/1698 2420/4709/3271
f 2678/4055/3011 2677/4057/3013 93/4710/3272
f 2678/4055/3011 93/4710/3272 90/4711/661
f 2678/4055/3011 90/4711/661 88/4712/660
f 2678/4055/3011 88/4712/660 2679/3987/2976
f 1073/467/425 1072/470/428 216/1732/1443 1128/1735/1446
f 2163/4151/3054 2164/2933/2378 2160/2932/2377 2162/3664/2797
f 678/828/750 707/875/788 710/878/791 679/823/745
f 2162/3664/2797 2161/3663/970 2204/3927/1175 2199/3926/2943
f 2186/4420/3170 2187/4713/3273 2185/4368/3145 2182/3882/2919
f 725/2947/2277 724/2633/2139 3404/4714/2682 3405/4715/1399
f 985/4259/3100 983/4716/3274 179/1427/1223 873/1236/1081
f 2677/4057/3013 2676/4717/1635 91/760/684
f 2677/4057/3013 91/760/684 93/4710/3272
f 1880/4718/340 1881/4719/339 1879/4647/1991 1804/2657/2158
f 2676/4717/1635 2684/4720/1634 91/760/684
f 2684/4720/1634 643/761/685 91/760/684
f 1725/4721/3275 1730/4722/2465 1748/4723/858 1726/4724/2475
f 2684/4725/1634 2655/4726/3261 670/815/738
f 2684/4725/1634 670/815/738 643/4727/685
f 3315/3666/2798 3305/4728/1655 3303/2707/2204 3298/3667/2799
f 324/3593/2762 323/4729/1295 15/4730/1294 335/3594/1162
f 2636/3792/2871 2635/4341/3127 710/878/791
f 2636/3792/2871 710/878/791 709/877/790
f 492/4731/380 491/4732/379 1617/4733/3276 1613/4734/2949
f 324/3593/2762 320/4735/1039 12/4736/1038 323/4729/1295
f 1722/3715/2819 1720/3002/2426 1717/1913/1571 1715/1916/1574
f 1952/3461/2683 1950/4054/3010 1949/4700/3266 1192/1833/1515
f 2782/4394/3159 2783/339/306 2781/338/305 2780/4737/848
f 693/2352/1911 692/3811/769 2281/2468/1998 2280/2353/1912
f 547/4738/1886 546/1536/1302 2646/1650/1387 2643/3798/2874
f 173/1209/1063 950/1208/1062 951/4137/3047 952/1401/1199
f 1680/3898/2926 1679/1133/1000 1681/1063/943 1682/2754/2244
f 1537/2505/315 1536/4739/314 675/825/747
f 1537/2505/315 675/825/747 680/824/746
f 1190/2834/2297 1186/3499/2709 229/4400/3163 1189/2835/2298
f 1536/4739/314 2686/3160/1136 676/3159/1329
f 1536/4739/314 676/3159/1329 675/825/747
f 895/3000/1111 897/4740/1110 1791/4741/1846 930/2998/1845
f 1103/227/198 1104/230/201 208/1658/1392 1102/1661/1395
f 2047/3276/2578 2045/3619/1217 2049/3633/2781 2050/2395/1946
f 1098/1652/1389 3015/4742/3277 3014/2897/2346 3018/2896/2345
f 1226/4743/707 1225/3342/2618 2121/2350/1909 1986/4744/704
f 1429/384/344 1428/1071/951 2107/1070/950 2111/385/345
f 1278/617/563 1277/4376/1628 3047/4254/3096 1280/614/560
f 1593/2563/2083 1594/2562/2082 1592/4745/3278 1591/4746/3120
f 2840/2710/2207 1341/2110/1717 2827/4747/3279 2826/2711/2208
f 3222/3768/2854 3221/2751/2241 3242/4343/3129 3243/4258/3099
f 1601/4748/2177 1615/4749/2176 1612/316/285 1609/319/288
f 3241/4750/2240 3213/2953/2394 3239/3794/2872 3240/4751/3128
f 116/4752/3237 748/4753/3213 749/2377/1929 745/4754/3280
f 2073/4583/3236 2074/3678/2803 2072/3766/2852 2071/3416/2657
f 3048/3942/2951 3049/3638/2782 3047/4254/3096 3046/3943/2952
f 807/4755/3281 773/1026/917 133/1025/916 774/4227/3084
f 55/4756/353 514/4757/3282 515/4758/3283 512/4759/3284
f 1229/1723/1437 1228/51/43 1981/50/42 1264/1962/1610
f 2019/282/251 2023/2652/2153 2067/3357/2625 2020/279/248
f 2708/2489/2015 1163/1784/1477 1141/1752/1458
f 2708/2489/2015 1141/1752/1458 1143/2490/2016
f 2038/1828/1512 2037/1827/1511 2052/3504/2712 2042/2348/1907
f 2708/2489/2015 2710/2304/1870 1160/1780/1474
f 2708/2489/2015 1160/1780/1474 1163/1784/1477
f 420/4760/1562 421/1958/1607 37/262/231 409/261/230
f 2710/2304/1870 2712/2303/113 1161/1782/112
f 2710/2304/1870 1161/1782/112 1160/1780/1474
f 1761/3354/1766 1762/3099/1765 1758/3098/2482 1760/3355/2435
f 2237/2713/2210 2238/3763/2850 2236/4761/210 2233/3390/2642
f 2319/910/818 2320/2574/2094 2318/1409/1206 2317/907/815
f 2714/135/114 2716/3916/2936 2717/3953/2958
f 2714/135/114 2717/3953/2958 1172/132/111
f 2717/3953/2958 1173/1798/1487 230/1787/1478
f 2717/3953/2958 230/1787/1478 1172/132/111
f 2277/2470/2000 2273/2698/2195 2272/3049/449 2276/4212/1596
f 2732/3039/2449 1243/4762/1582 2729/4763/3238 2731/3177/2521
f 2717/3953/2958 1174/1799/1488 1173/1798/1487
f 2716/3916/2936 2715/4128/3043 1312/1623/1367
f 2385/4764/3119 2383/4222/2273 1130/1734/1445 1129/1733/1444
f 1226/784/707 1985/783/706 1984/4765/3285 1227/4766/2994
f 3105/4430/2458 3106/4767/863 3104/4768/2993 3103/4427/3171
f 1843/3296/2586 1844/3295/2587 2184/3885/2922 1840/4769/2585
f 1260/1963/1611 1264/1962/1610 1981/50/42 1980/4770/3031
f 505/4771/3286 512/4759/3284 515/4758/3283 485/4592/3241
f 1311/42/34 1153/641/581 1174/1799/1488 2717/3953/2958
f 2727/1702/1421 1242/1924/1581 1269/1703/1422
f 2217/3960/2961 2214/3412/2654 2215/2215/1800 2216/2214/1799
f 2727/1702/1421 2729/4588/3238 1243/1925/1582
f 2727/1702/1421 1243/1925/1582 1242/1924/1581
f 746/2253/1834 745/4772/3280 2314/4773/2785 2316/3783/2865
f 1728/2477/2007 1725/4721/3275 1724/4048/3006 1723/3410/2653
f 2732/3039/2449 1111/1922/1580 1243/4762/1582
f 1820/4774/1398 1819/4220/3080 1852/4621/1428 2386/4775/658
f 2732/3039/2449 2734/3176/2520 2735/3041/2451
f 2732/3039/2449 2735/3041/2451 1112/1684/1409
f 2492/4776/2842 2495/4473/3144 2499/3472/2692 2493/3471/2691
f 2735/3041/2451 1051/1556/1319 1112/1684/1409
f 2305/1984/1625 2304/2905/2353 2349/3487/817 2309/1983/816
f 2735/3041/2451 925/1317/1140 924/1316/1139
f 2735/3041/2451 924/1316/1139 987/1437/1231
f 3025/4777/3287 3026/2554/2074 3024/2553/2073 3023/4605/3246
f 1504/766/689 932/765/688 1501/3640/2661 1503/2908/2356
f 1080/902/810 1077/3587/2760 201/3586/1357 1079/899/807
f 2016/1826/514 2017/4778/513 2012/3604/1523 2011/1823/1508
f 1599/2628/2134 573/2630/2136 568/612/558 572/611/557
f 655/2174/1767 664/4779/469 3407/4780/3254 639/3411/680
f 2494/3009/2431 2493/3471/2691 2501/1166/1027 2508/1165/1026
f 1930/2515/2036 2226/3999/2985 1935/527/483 1931/4093/3027
f 910/4498/3200 906/1290/1118 162/1289/872 909/4781/871
f 722/3848/2899 723/4175/2140 110/1441/1234 721/1440/1233
f 659/2757/720 658/4782/719 2340/4783/2995 2343/2758/1962
f 559/2722/2218 552/2504/2026 65/576/525 556/2723/2219
f 1665/3120/2302 1670/4784/2301 1696/4785/3263 1666/3117/2488
f 2156/3607/1165 2155/3606/2768 2216/2214/1799 2158/1096/972
f 3262/4786/1975 3257/4787/1618 3260/4302/3115 3261/4301/536
f 1546/652/592 1545/655/595 1549/3592/2576 1550/2498/2024
f 1541/4788/3018 1540/112/96 2406/111/95 1544/1065/945
f 3015/4789/3277 3038/2343/1902 3037/2138/1736 3016/2140/1738
f 3269/2715/2212 3275/4594/3242 3302/4593/2203 3270/4790/2202
f 2900/4791/2492 2898/4792/3288 2941/2673/2174 2903/2672/2173
f 3184/4793/3289 3183/4794/3290 3204/3338/2614 3208/4795/3291
f 1396/1628/1372 1380/4796/1752 1379/2188/456 1391/1629/1373
f 2491/2773/2255 2490/3366/2630 2513/2668/2169 2517/2856/2311
f 1202/2264/1840 3119/4797/2303 3161/4798/3292 3163/2540/2061
f 2914/4799/3293 2915/4800/3294 2913/4801/3295 2912/4802/3296
f 3302/2706/2203 3299/4803/3244 3298/3667/2799 3303/2707/2204
f 3369/3038/2448 3368/1573/1330 793/1067/947 792/3022/2437
f 2737/3615/2773 2733/3175/2519 2813/2614/2123 2812/2617/2126
f 1693/4125/3041 650/2051/1669 1699/3044/2454 1695/3922/2941
f 3308/2027/1653 3310/4804/3297 3311/2363/1918 1064/4462/3183
f 2905/3735/2830 2863/4503/3205 2902/3129/2491 2904/3549/2738
f 2618/2101/1708 2594/2913/2361 2598/2912/2360 2600/2784/2264
f 941/3202/2534 943/4520/2156 169/4805/1342 942/3203/1341
f 3012/4806/3298 3013/2898/2347 3009/4807/3208 3008/4808/3299
f 3280/3850/2900 1080/902/810 3313/901/809 3312/4809/3300
f 2296/2674/2175 2295/2747/2237 2350/2411/1960 2342/2414/1963
f 641/2404/1955 642/2701/2198 640/3095/655 613/2405/628
f 3309/4241/2137 3310/4804/3297 3308/2027/1653 3307/2026/1652
f 3152/2530/2051 3153/1591/1340 3150/1590/1339 3151/2531/2052
f 1668/2055/1673 1669/2054/1672 1697/2934/2379 1670/2839/2301
f 2014/280/249 2020/279/248 2070/3359/2627 2015/4158/3059
f 2422/4708/2664 2420/4709/3271 2613/4374/2596 2615/4810/2595
f 3114/3874/2459 3105/4430/2458 3113/4429/88 1159/3875/87
f 556/4132/2219 555/4131/3044 2666/2679/2179 597/2678/2178
f 1968/3505/2713 1921/2474/2004 1966/2473/2003 1967/2572/2092
f 1939/1885/1554 1933/2875/2328 1937/3785/2866 1938/1886/1555
f 513/898/806 66/897/537 55/4756/353 512/4759/3284
f 2252/720/647 2254/4811/3301 2255/1547/1311 802/192/164
f 1434/386/346 1433/4395/2405 2992/3958/2404 1430/383/343
f 3341/2549/2069 3340/4812/2113 3384/2612/2121 3345/2550/2070
f 2302/2906/2354 752/772/695 2299/4300/3114 2301/2907/2355
f 3406/3149/2505 3407/4633/3254 664/511/469 663/514/472
f 425/300/269 424/299/268 2637/3791/2870 2639/3790/2869
f 1810/4139/3049 1811/3267/2574 1807/2609/2118 1809/2608/2117
f 2633/3915/2935 2629/2387/1938 2630/2386/1937 2632/3672/2801
f 2415/2450/1989 2416/1564/1324 2414/1563/1323 2413/3988/2977
f 1644/3758/2847 1643/2209/1794 1648/2800/2271 1651/4155/3057
f 1257/4813/3178 1254/1241/1086 1268/2369/1922 1258/4814/2855
f 2423/2082/1697 2422/4708/2664 2424/4815/2160 2425/4413/3167
f 71/626/569 569/4074/572 69/613/559 568/612/558
f 415/4384/3153 410/4816/3152 36/4817/240 414/4547/242
f 1306/4303/3116 1305/2870/2325 254/1869/1542 260/2034/1659
f 1086/900/808 1079/899/807 211/4818/2641 1083/4819/2329
f 326/2595/2106 327/2598/2108 13/4142/83 325/4820/2818
f 2152/3609/2769 2153/2183/1776 2151/4004/2990 2150/3610/2770
f 2656/3717/2821 2655/4679/3261 2684/4821/1634 2671/3743/1633
f 1540/112/96 1541/4788/3018 1539/3895/1993 1538/2507/2028
f 835/2198/1786 836/3856/2904 141/4822/1022 834/2199/1787
f 1871/4486/3193 1865/4823/3302 1869/4824/3303 1870/4530/2897
f 2795/804/727 2796/803/726 2797/3439/2674
f 726/2823/2289 690/2822/2288 2291/2810/2279 2289/2813/1328
f 746/2253/1834 747/2252/1833 116/4825/3237 745/4772/3280
f 1210/3836/2851 233/3835/2890 2013/4826/2767 2015/4827/3059
f 2791/3326/2599 2792/3402/2598 2788/1245/1090 2790/2880/2330
f 275/296/265 2213/295/264 2211/4828/531 1400/2986/530
f 1695/4686/2941 1696/4685/3263 1694/4829/3304 1693/4830/3041
f 3347/4135/3045 3343/2866/2321 3342/2548/2068 3346/2551/2071
f 2352/4350/3132 2357/4831/613 2355/4832/1153 2353/2503/1156
f 1726/4724/2475 1727/4599/2474 1724/4048/3006 1725/4721/3275
f 1325/3114/1696 3008/4833/3299 3005/3077/2469 1326/3080/2472
f 3130/4834/3305 3126/4835/3306 3125/4836/3307 3129/4837/3308
f 2755/4373/3150 2687/4838/3309 2754/750/675 2753/2744/2234
f 3026/2554/2074 3028/4839/3195 1052/1560/1187 1055/1559/1320
f 3197/4840/3310 3196/4841/2567 3224/4842/377 3226/4843/376
f 3354/3719/1331 3358/4362/3143 3357/1007/900 3355/3720/2822
f 960/3194/2529 978/3193/2528 982/1480/1261 961/3465/2687
f 2741/2820/2286 2812/2617/2126 2811/2616/2125 2814/2821/2287
f 1143/2490/2016 975/456/414 2703/2917/2363 2705/2491/2017
f 745/4754/3280 749/2377/1929 2311/1951/1600 2314/3644/2785
f 2986/2910/2358 1502/2909/2357 2985/4844/3311 2980/3474/2694
f 3305/4728/1655 3306/4845/1654 3304/2704/2201 3303/2707/2204
f 2455/4059/3015 2456/2213/1798 2454/506/464 2453/3529/2725
f 1765/376/338 1767/375/337 1766/3110/1914 1764/3105/1764
f 2536/4533/1416 2533/4505/3206 2534/4043/3002 2535/4042/3001
f 2820/2464/1994 2819/4846/1964 2821/2465/1995
f 984/4847/446 182/1302/445 179/1427/1223 983/4716/3274
f 2823/1981/1623 1354/1980/1622 267/2128/1728
f 2823/1981/1623 267/2128/1728 1353/2131/1731
f 2823/1981/1623 2822/2467/1997 2824/4299/3113
f 2342/2414/1963 2343/2413/1962 2340/4023/2995 2341/2423/1972
f 586/3367/2631 587/2443/1985 72/3012/582 585/3859/2518
f 2825/1982/1624 2826/2711/2208 2827/4747/3279
f 1126/1728/1440 3109/4115/2696 3107/4848/862 1127/1729/865
f 946/4849/1180 945/4850/1179 958/1392/1194 957/1391/1193
f 2828/4851/245 2827/4747/3279 1341/2110/1717
f 2828/4851/245 1341/2110/1717 1340/2109/1716
f 2828/276/245 1340/4274/1716 2830/2517/2038
f 2828/276/245 2830/2517/2038 2829/277/246
f 68/600/548 501/439/397 1713/2977/2412 565/2979/2414
f 1923/2648/2149 1920/2471/2001 1919/3397/2644 1918/3400/2647
f 201/3586/1357 1082/4852/1011 211/4818/2641 1079/899/807
f 1191/4102/3032 1188/4853/3162 3189/334/303 3188/3739/2834
f 1749/3081/2473 1726/3083/2475 1748/955/858 1747/954/857
f 1201/4854/1829 1197/1841/1520 231/1840/1519 1200/2265/1841
f 753/773/696 752/772/695 2302/2906/2354 2303/3767/2853
f 1715/1916/1574 1716/1915/1573 1714/2978/2413 1712/1956/1605
f 472/4855/348 471/4660/2757 2650/4659/2779 487/4664/931
f 3285/4251/3093 955/3281/2581 3282/2335/1894 3284/2334/1893
f 2446/286/255 413/272/241 36/271/240 412/4541/3211
f 2321/4288/2913 2319/4856/818 2349/3487/817 2348/3489/2701
f 2172/3028/2443 2177/443/401 1358/4857/1735 1357/3879/1734
f 2524/4858/3203 2537/4044/3003 2534/4043/3002 2531/4859/3312
f 1226/4743/707 1227/4860/2994 236/1893/1436 1225/3342/2618
f 2700/2918/2364 2701/2308/1874 2699/2307/1873 2698/3930/2945
f 1971/2394/1945 1972/3787/2868 1968/3505/2713 1970/3275/2577
f 2521/4396/3160 2541/4861/3157 2538/4041/3000 2537/4044/3003
f 1833/3884/2921 1829/4707/3270 1831/2266/1842 1832/3288/2584
f 796/3142/2500 795/1358/949 3352/1357/1167 3351/3139/2497
f 3023/4605/3246 3044/2372/1924 3043/4493/3197 3025/4777/3287
f 2751/2745/2235 2750/1009/902 2756/2983/2418 2753/2744/2234
f 587/2443/1985 586/3367/2631 625/3370/2421 603/2444/1647
f 1571/4601/3245 1565/4323/3123 1569/2528/2049 1570/2527/2048
f 3220/3259/2569 3195/3258/2568 3219/2837/2300 3218/2748/2238
f 2764/4360/3141 2765/4372/3149 2763/4371/3148 1343/2118/1723
f 2418/3990/2979 2419/4862/3313 2417/2448/1988 2415/2450/1989
f 2458/1682/1407 2459/1681/1406 2457/2212/1797 2456/2213/1798
f 1660/2861/2316 1659/1422/1219 1664/4600/2489 1667/2862/2317
f 1197/4863/1520 1201/2248/1829 3170/2247/1828 3174/4298/3112
f 538/2590/2103 534/2591/2104 1673/2935/2380 1672/3277/2579
f 1272/4864/3068 1273/2066/1684 246/4865/3264 1271/4866/3259
f 1808/2607/2116 1872/2623/2131 1869/4867/3303 1868/4868/222
f 518/392/352 1678/494/452 1677/4284/3108 519/4869/3185
f 1694/4829/3304 1696/4685/3263 1670/2839/2301 1697/2934/2379
f 238/1909/517 1216/1870/1541 1241/2869/2324 1237/1910/1569
f 1861/4291/3110 1866/4087/3024 2371/2380/1931 1862/4037/2999
f 1576/3535/2729 1570/2527/2048 1574/2526/2047 1575/4870/3314
f 2859/802/725 2794/805/728 2793/2881/2331
f 1563/4388/3155 1562/4871/3315 2404/1895/1561 1567/4239/3089
f 3183/4794/3290 3184/4793/3289 3182/4872/3316 3181/2883/2333
f 1992/446/404 1993/445/403 1991/2274/1848 1990/2275/1849
f 2688/3161/2508 2687/4873/3309 2755/4874/3150 2690/3945/2953
f 2288/2946/2390 2285/4652/1375 2286/1567/1327 2287/472/430
f 2031/4262/3103 2036/3244/2559 2058/4256/3097 2032/3107/2485
f 407/1031/920 406/3973/2616 2396/4875/2617 2395/3889/2858
f 2486/4876/2924 2483/2234/1817 2482/2233/1816 2485/2597/2107
f 2128/447/405 1992/446/404 2125/3228/2551 2127/4877/3317
f 1380/4796/1752 1396/1628/1372 2103/937/841 2104/4878/3008
f 1688/2872/2326 1689/2871/2013 1687/2752/2242 1686/66/54
f 1227/4766/2994 1984/4765/3285 1983/4879/44 1228/4880/43
f 2918/2547/2067 2952/1918/1576 2954/1917/1575 2920/2410/1959
f 3162/2532/2053 3163/4881/2061 3161/4882/3292 3160/2533/2054
f 2912/4883/3296 2913/4884/3295 2911/2545/2065 2910/4319/3121
f 1977/2062/1680 1976/2061/1679 2051/4034/2998 1979/4518/3210
f 3348/3612/2772 3378/523/479 699/534/490 3349/4136/3046
f 3312/4885/3300 3313/2364/809 3311/2363/1918 3310/4804/3297
f 2540/4144/3051 2535/4886/3001 2538/4887/3000 2539/4463/3184
f 2188/4888/2716 1830/4889/3318 2185/4368/3145 2187/4713/3273
f 2816/4326/3124 1352/3240/1730 2809/2899/2348 2815/2398/1949
f 2884/2466/1996 2824/4299/3113 2822/2467/1997
f 1951/2566/2086 1946/647/587 1949/4700/3266 1950/4054/3010
f 1077/3587/2760 1080/902/810 3280/3850/2900 3276/3852/2902
f 2606/3307/2594 2607/4032/1137 2603/3200/2532 2602/3201/2533
f 2871/4066/3019 2872/4609/3248 2870/4250/3092 2869/4890/3319
f 524/4891/3064 525/3896/2925 1685/67/55 539/2753/2243
f 3104/4768/2993 1270/4892/1638 1286/4893/1637 3103/4427/3171
f 2548/4312/3014 2545/3905/2724 2544/3904/2929 2543/3506/2714
f 1869/4824/3303 1865/4823/3302 1864/254/223 1868/253/222
f 324/3593/2762 3418/3595/2763 2505/4894/3192 320/4735/1039
f 2856/1809/16 2855/2663/2164 2857/2662/2163 2858/1810/1495
f 2938/2763/2249 2936/2555/2075 2967/2557/2077 2969/3189/2525
f 3211/4895/2397 3212/4896/2396 3210/4897/3320 3209/4898/3321
f 615/3546/2737 3409/3545/2736 624/4167/2422 622/4680/637
f 316/4899/3135 311/1852/1528 6/45/37 310/4900/3136
f 2123/2184/1777 2124/4901/2350 2122/4902/2553 2120/2185/1778
f 3159/3648/2789 3127/3647/2788 3156/2640/2144 3154/2641/2145
f 3300/4595/3243 3301/3458/2681 3297/3457/1119 3299/4596/3244
f 2362/3809/1832 2363/4219/2246 2361/3520/2719 768/3810/2880
f 1276/1988/1627 1279/2068/1686 3043/4493/3197 3044/2372/1924
f 1805/2622/2130 1804/2657/2158 1879/4647/1991 1876/4171/3065
f 2133/2091/1700 2171/2090/1699 2135/3813/2881 2134/1908/1568
f 1592/4903/3278 1571/4601/3245 1579/3534/2728 1591/4316/3120
f 3171/4904/3322 3172/3920/2940 3170/2247/1828 3169/2250/1831
f 2758/3772/2856 2690/3945/2953 2755/4874/3150 2757/4905/2417
f 2903/3550/2173 2904/3549/2738 2902/3129/2491 2900/3130/2492
f 1509/2681/2181 1517/2703/2200 1514/2702/2199 1510/2682/2182
f 1809/2608/2117 1808/2607/2116 1868/4868/222 1867/4906/221
f 3161/4882/3292 3123/3494/2704 3159/3648/2789 3160/2533/2054
f 2129/2931/2376 2130/2930/2375 2128/447/405 2127/4877/3317
f 3139/2926/2371 3138/4907/3323 3178/2693/2191 3141/2692/2190
f 3277/4908/2901 3274/4909/3324 3273/2714/2211 3276/4910/2902
f 3171/4904/3322 3176/4911/3325 3175/3917/2937 3172/3920/2940
f 3009/4513/3208 3006/2601/2111 3005/3077/2469 3008/4833/3299
f 2524/4858/3203 2531/4859/3312 2528/4912/3181 2525/4913/2702
f 2808/3432/2667 2807/2615/2124 2813/2614/2123 2730/3433/2668
f 2938/2763/2249 2939/2762/2248 2937/2152/1749 2936/2555/2075
f 3282/2335/1894 3278/4914/2964 3277/3851/2901 3281/2336/1895
f 1917/2513/2034 1926/2512/2033 1923/2648/2149 1918/3400/2647
f 3166/3804/2876 3167/4915/1830 3165/2539/2060 3164/2538/2059
f 1408/2217/1632 1410/4916/1631 1442/4917/1851 1441/3328/1850
f 2918/2547/2067 2919/2546/2066 2917/4067/3020 2916/4702/3267
f 536/3024/2439 535/532/488 1691/3536/2557 1692/4918/3042
f 2928/3542/2733 2929/2524/2045 2927/4919/3326 2926/4920/3327
f 2766/4704/3268 2764/4360/3141 2847/4359/3140 2849/4705/3269
f 3199/4921/3328 3200/4922/3329 3198/4923/3330 3197/4840/3310
f 3132/3226/2550 3126/4835/3306 3130/4834/3305 3131/4514/3209
f 3012/4806/3298 1324/2080/1695 3049/3638/2782 3048/3942/2951
f 1987/782/705 1986/781/704 2122/3230/2553 1989/3229/2552
f 2880/2890/2340 2878/2892/2342 2923/2408/1957 2925/4924/3331
f 1554/3321/2602 1557/2670/2171 1599/2628/2134 572/611/557
f 1595/2384/1935 1566/2383/1934 1592/4745/3278 1594/2562/2082
f 1747/954/857 1745/957/860 2364/4276/3105 1750/4277/3106
f 3209/4898/3321 3210/4897/3320 3208/4795/3291 3207/2726/2221
f 2394/3890/2923 2395/3889/2858 2393/4925/2857 1572/4926/3332
f 2862/4927/3333 2796/803/726 2859/802/725 2861/4928/3334
f 3185/4929/2836 3184/4793/3289 3208/4795/3291 3210/4897/3320
f 3013/2898/2347 3012/4806/3298 3048/3942/2951 3017/2895/2344
f 3281/2336/1895 3280/3850/2900 3312/4809/3300 3283/2333/1892
f 1200/2265/1841 1202/2264/1840 3163/2540/2061 3165/2539/2060
f 2871/4066/3019 2869/4890/3319 2915/4800/3294 2917/4067/3020
f 2190/3702/2814 1371/3701/2813 2186/4420/3170 2189/4419/3169
f 3161/4882/3292 3119/2845/2303 3118/2848/2306 3123/3494/2704
f 2066/3797/2873 2065/4107/3034 2081/4930/72 2068/4655/71
f 2942/3551/1667 2944/3733/1666 2906/3552/2739
f 1180/1815/1500 1185/4552/2984 3194/4931/2983 3198/4923/3330
f 2944/2045/1666 2945/4932/3335 1469/4933/1881
f 2944/3733/1666 1469/4934/1881 1468/2317/1879
f 2944/3733/1666 1468/2317/1879 2946/3102/2483
f 2719/3871/2916 2718/4935/2194 2779/3956/2607 2721/3869/2914
f 1304/1012/905 1302/1047/929 253/1046/928 1301/2980/2415
f 341/141/120 346/98/82 1638/3233/2556 342/142/121
f 2945/4932/3335 2944/2045/1666 2943/2044/1665
f 2945/4932/3335 2943/2044/1665 2947/4936/3336
f 2945/4937/3335 2947/4938/3336 2948/4939/2589
f 2945/4937/3335 2948/4939/2589 2949/4940/1880
f 2945/4932/3335 2949/4941/1880 1469/4933/1881
f 2421/2083/1698 455/693/326 42/4409/325 2417/4408/1988
f 2949/3300/1880 2950/1920/1578 2951/1919/1577
f 1866/4087/3024 1861/4291/3110 1864/254/223 1865/4823/3302
f 1463/4616/3249 2721/3869/2914 2779/3956/2607 1459/236/207
f 3156/3227/2144 3127/4942/2788 3126/4835/3306 3132/3226/2550
f 2195/2788/2267 2191/3524/2720 2194/4654/3258 2175/2789/2268
f 2826/2711/2208 2824/4299/3113 2884/2466/1996 2841/2708/2205
f 1062/2159/1755 1063/4943/3337 197/3816/2883 1061/2160/1756
f 2646/1650/1387 2647/2803/2275 2644/2804/2276 2643/3798/2874
f 3129/4837/3308 3128/3781/2863 3177/3780/2862 3133/4944/3338
f 1367/1298/1124 1368/2153/1750 269/2145/1742 1366/2148/1745
f 1898/4217/3079 1899/746/671 1896/745/670 1895/4215/1467
f 1518/3756/2846 1505/2911/2359 2986/2910/2358 2977/3602/2765
f 2961/3543/2734 1473/3837/2891 1472/4945/3339
f 2961/3543/2734 1472/4945/3339 2962/3544/2735
f 579/4946/2947 577/627/570 1603/4232/2146 1605/4947/3340
f 2962/3544/2735 1472/4945/3339 1471/4948/1783
f 2962/3544/2735 1471/4948/1783 2963/3801/1782
f 1873/3845/2898 1870/3844/2897 1869/4867/3303 1872/2623/2131
f 651/780/703 103/848/766 694/715/642 652/718/645
f 3027/4949/3341 3028/4839/3195 3026/2554/2074 3025/4777/3287
f 2253/4950/2636 2254/4811/3301 2252/720/647 2251/719/646
f 2891/2150/1747 2889/2520/2041 2933/4951/2907 2935/2151/1748
f 2512/4201/2170 2511/4200/3076 2549/4169/3063 2514/4952/2167
f 984/488/446 3240/4751/3128 3239/3794/2872 1000/485/443
f 2969/3189/2525 2968/3188/2524 2947/4936/3336
f 2969/3189/2525 2947/4936/3336 2943/2044/1665
f 2420/4709/3271 2421/2083/1698 2417/4408/1988 2419/4953/3313
f 2968/3188/2524 2966/3190/2526 2970/4954/2893
f 2968/3188/2524 2970/4954/2893 2948/4955/2589
f 2968/4956/2524 2948/4957/2589 2947/4958/3336
f 818/1125/994 3339/3344/2620 3356/3863/2908 819/1006/899
f 2948/3841/2589 2957/1704/1423 2955/1707/1426
f 2970/4954/2893 2966/3190/2526 2964/2189/1780
f 2970/4954/2893 2964/2189/1780 1471/2192/1783
f 2970/4954/2893 1471/2192/1783 1470/4959/2894
f 127/1124/993 785/2585/2102 786/4441/1030 787/2332/1891
f 350/2596/131 349/4960/130 2486/4876/2924 2485/2597/2107
f 2953/4500/3202 2971/4961/3342 1466/2313/1877
f 2953/4500/3202 1466/2313/1877 1465/2312/1876
f 2882/4962/3343 2883/4963/3344 2881/4964/2341 2880/4965/2340
f 2718/4935/2194 2719/3871/2916 2715/4128/3043 2713/1879/1548
f 2971/4966/3342 1476/2324/1884 1467/2316/1878
f 2971/4966/3342 1467/2316/1878 1466/2315/1877
f 2912/4883/3296 2910/4319/3121 1474/2322/1882
f 2912/4883/3296 1474/2322/1882 1476/2324/1884
f 2910/4319/3121 2908/3734/2829 1475/2323/1883
f 2910/4319/3121 1475/2323/1883 1474/2322/1882
f 3182/4872/3316 3186/4967/2835 1222/4968/302 1221/740/665
f 2819/2415/1964 2820/4327/1994 2816/4326/3124 2818/2416/1965
f 2694/4370/3147 2692/3948/2955 2762/2559/2079 2763/4371/3148
f 2972/4969/2666 2725/3745/2839 1453/2292/1862
f 2972/4969/2666 1453/2292/1862 1452/2294/1864
f 464/372/334 420/1896/1562 2404/1895/1561 1562/4871/3315
f 3138/4907/3323 3139/2926/2371 3135/2925/2370 3134/4970/3345
f 947/305/274 3231/308/277 3246/4509/1308 948/4971/1181
f 3209/4898/3321 3207/2726/2221 3236/2729/2224 3237/431/389
f 696/854/771 3373/801/724 3374/800/723 3375/3562/2499
f 2725/4972/2839 2723/4973/2841 2973/4974/3346
f 2725/4972/2839 2973/4974/3346 1453/4975/1862
f 1443/4976/1258 2787/4977/1093 2786/4978/1092 1444/4979/1852
f 1212/4980/709 1238/1911/1570 2381/1431/1227 2384/2799/508
f 2973/4974/3346 1456/4981/1867 1454/4982/1863
f 2973/4974/3346 1454/4982/1863 1453/4975/1862
f 3082/3286/2582 3075/4095/3029 3087/4003/2989 3084/4002/2988
f 2275/4271/1595 2270/2496/2022 2365/2495/2021 2364/4276/3105
f 2743/3628/2778 2744/3313/2523 2740/3312/997 2742/4983/2285
f 1371/3701/2813 1370/174/146 2187/4713/3273 2186/4420/3170
f 3016/4984/1738 3010/4985/3107 3014/2897/2346 3015/4742/3277
f 2176/444/402 2175/2789/2268 2194/4654/3258 2178/441/399
f 2455/4059/3015 2460/4168/3062 2458/1682/1407 2456/2213/1798
f 1335/2103/1710 1336/2105/1712 264/2104/1711 1333/732/657
f 355/2618/1353 353/4986/134 22/4987/129 347/4988/127
f 2983/4989/700 2982/4990/699 2984/4991/3048
f 2983/4989/700 2984/4991/3048 951/4992/3047
f 2983/4989/700 951/4992/3047 950/4993/1062
f 2983/4989/700 950/4993/1062 888/4994/1105
f 2984/4995/3048 2982/776/699 1137/4996/1453
f 2982/776/699 221/4997/1454 1137/4996/1453
f 2984/4138/3048 1137/1742/1453 1091/1741/1452
f 2984/4138/3048 1091/1741/1452 1018/1853/1529
f 1712/1956/1605 1714/2978/2413 1713/2977/2412 1711/1686/1411
f 2601/2660/2161 2602/3201/2533 2598/2912/2360 2597/2661/2162
f 2982/776/699 1156/4998/1470 221/4997/1454
f 2981/779/702 2980/3474/2694 2985/4844/3311
f 2985/4844/3311 1502/2909/2357 1193/3639/2783
f 2985/4844/3311 1193/3639/2783 220/1764/578
f 2985/4999/3311 220/5000/578 1157/5001/1472
f 2985/4999/3311 1157/5001/1472 1156/5002/1470
f 1439/1022/913 1438/649/589 2206/1364/1173 2208/1023/914
f 1181/1816/1501 1180/1815/1500 3198/4923/3330 3200/4922/3329
f 1753/1943/1593 1721/3084/2427 1727/3082/2474 1749/3081/2473
f 3298/3667/2799 3299/4803/3244 3297/1291/1119 3295/1294/1122
f 1851/5003/3347 1846/5004/659 2386/5005/658 1852/1712/1428
f 598/5006/604 607/5007/2637 1614/5008/2948 1616/5009/3348
f 1513/546/499 705/2995/786 704/5010/785
f 1513/546/499 704/5010/785 2987/5011/3349
f 1513/546/499 2987/5011/3349 901/5012/3350
f 1513/546/499 901/5012/3350 1508/547/500
f 2987/5011/3349 704/5010/785 2988/5013/3351
f 2987/5011/3349 2988/5013/3351 885/5014/1101
f 2987/5011/3349 885/5014/1101 159/5015/1100
f 2987/5011/3349 159/5015/1100 901/5012/3350
f 2988/5013/3351 2989/5016/3352 2990/5017/3037
f 2988/5013/3351 2990/5017/3037 882/5018/1097
f 2988/5019/3351 882/1257/1097 157/1256/1096
f 2988/5019/3351 157/1256/1096 885/1261/1101
f 2988/5013/3351 704/5010/785 703/5020/784
f 2988/5013/3351 703/5020/784 2989/5016/3352
f 2333/493/451 2335/4242/318 1679/4282/1000 1678/494/452
f 2990/4111/3037 2991/3075/2468 863/1258/1098
f 2990/4111/3037 863/1258/1098 882/1257/1097
f 2990/5017/3037 2989/5016/3352 737/5021/840
f 2990/5017/3037 737/5021/840 736/5022/839
f 890/5023/1107 894/5024/1109 3290/3165/2512 3316/3914/1979
f 2991/3075/2468 810/3074/974 823/3442/2132
f 2991/3075/2468 823/3442/2132 863/1258/1098
f 2989/5025/3352 703/870/784 737/5026/840
f 703/870/784 706/874/787 737/5026/840
f 3230/4166/3061 3205/4650/2613 3227/3652/2793 3229/3651/2792
f 1498/2511/2032 1175/1800/1489 1152/640/580
f 1497/2975/2410 1956/5027/937 1194/1839/1516
f 1497/2975/2410 1194/1839/1516 1196/1838/1518
f 1464/211/183 2785/5028/3353 2975/5029/3354
f 1464/211/183 2975/5029/3354 1462/212/184
f 3202/4649/3257 3203/4648/2615 3201/5030/3355 3199/4921/3328
f 1444/4979/1852 2786/4978/1092 2782/4394/3159 2780/4737/848
f 1789/3206/2537 1790/5031/2826 1788/5032/2680 1076/3207/2538
f 2165/4154/3056 2166/5033/3095 2164/2933/2378 2163/4151/3054
f 748/4753/3213 770/5034/2460 2312/2376/1928 749/2377/1929
f 1589/989/886 1582/556/63 1588/559/510 332/986/885
f 1425/5035/1822 1424/5036/1821 1417/2229/1812
f 1425/5035/1822 1417/2229/1812 1416/2228/1811
f 2503/4537/3191 2504/5037/3190 2502/4642/3256 2498/4475/3189
f 1343/2118/1723 2763/4371/3148 2762/2559/2079 1344/2558/2078
f 1419/5038/2531 1347/5039/28 1350/2164/1727
f 1419/5038/2531 1350/2164/1727 1412/3092/2479
f 494/5040/382 1618/5041/2401 1617/5042/3276 491/5043/379
f 1402/3387/2640 2993/5044/3356 2994/5045/3357
f 1402/3387/2640 2994/5045/3357 1397/2204/1790
f 2994/5045/3357 2106/5046/3009 1398/297/266
f 2994/5045/3357 1398/297/266 1397/2204/1790
f 465/373/335 464/372/334 1562/4871/3315 1558/5047/3212
f 1392/5048/3358 2995/5049/1759 2996/5050/3359
f 1392/5048/3358 2996/5050/3359 2997/5051/3360
f 2999/5052/3361 2998/5053/3362 2996/5054/3363
f 2995/5049/1759 1392/5048/3358 1375/5055/1760
f 1064/4462/3183 1059/1620/1364 197/5056/2883 1063/5057/3337
f 2999/5058/3364 271/5059/3364 3000/5060/3364
f 2180/2928/2373 2178/441/399 2194/4654/3258 2189/4419/3169
f 2418/3990/2979 375/196/168 2614/575/524 2419/4862/3313
f 1978/4099/3030 1902/3721/2823 1975/2063/1681 1977/2062/1680
f 2479/5061/3365 2480/5062/3180 2474/5063/757 2478/5064/3365
f 2220/3961/2962 1361/3966/2339 2221/3965/2761 2217/3960/2961
f 3004/4344/3130 3003/4539/3215 3039/4538/3214 3042/4178/3069
f 2390/3759/2848 2389/4156/3058 495/3211/763 507/3210/2541
f 494/424/382 1624/1773/1469 1621/2957/2398 1618/2960/2401
f 2924/4243/3090 2925/4924/3331 2923/2408/1957 2922/2407/1956
f 2900/4791/2492 2901/5065/2165 2899/5066/3366 2898/4792/3288
f 2091/5067/1650 2090/3014/1649 2113/3017/2383 2093/5068/2816
f 2126/2904/2352 2127/4877/3317 2125/3228/2551 2124/2901/2350
f 1296/201/173 1295/204/176 1957/228/199 1103/227/198
f 2854/4352/3134 2853/4351/3133 2896/4357/3138 2899/5066/3366
f 913/1299/1125 1885/3027/2442 1878/3362/2628 1877/3343/2619
f 364/182/154 370/188/160 2399/3952/2957 2398/2817/2283
f 937/1592/1160 172/5069/1159 168/5070/2535 942/1593/1341
f 934/3912/2030 931/3911/1147 166/5071/1116 175/5072/1150
f 437/5073/2322 436/320/289 2437/323/292 2439/5074/2323
f 1514/2702/2199 1515/2402/1953 1511/548/501 1510/2682/2182
f 533/3025/2440 536/3024/2439 1694/4829/3304 1697/2934/2379
f 2926/4920/3327 2927/4919/3326 2925/5075/3331 2924/5076/3090
f 2959/3838/2892 2960/5077/3367 2958/1705/1424 2957/1704/1423
f 2931/2525/2046 2933/3861/2907 2889/3537/2041 2887/2522/2043
f 2821/2465/1995 2819/4846/1964 2879/5078/1967 2881/4964/2341
f 3309/2631/2137 3283/2333/1892 3312/4809/3300 3310/5079/3297
f 2691/3946/2954 2690/3945/2953 2758/3772/2856 2761/2560/2080
f 836/3856/2904 835/2198/1786 2257/4068/3016 2256/4070/3021
f 1251/3779/2861 1250/5080/2938 3175/5081/2937 3177/3780/2862
f 2147/3462/2684 2010/1824/1509 2008/3579/2755 2145/3463/2685
f 1077/3587/2760 3276/3852/2902 3273/5082/2211 1078/3584/2214
f 917/723/650 2261/4096/2927 1886/3857/2905 912/724/651
f 2860/2665/2166 2861/4928/3334 2859/802/725 2857/2662/2163
f 2981/779/702 2985/4844/3311 1156/4998/1470 2982/776/699
f 3374/800/723 3371/799/722 792/3022/2437 791/3023/2438
f 294/5083/3368 2/2/2 1/1/1 293/6/6
f 1365/5084/1744 1830/4889/3318 2188/4888/2716 1366/5085/1745
f 2596/2658/2159 2597/2661/2162 2593/2814/2280 2592/2816/2282
f 2975/5029/3354 1456/5086/1867 2973/5087/3346 2974/4617/3250
f 1978/4099/3030 1982/4098/41 1903/3722/2723 1902/3721/2823
f 1436/2243/1824 1418/2231/1814 281/2230/1813 1435/2244/1825
f 2876/3334/2610 2875/3336/2612 2919/2546/2066 2921/2409/1958
f 2461/4445/3175 2460/4168/3062 2549/4169/3063 2511/4200/3076
f 1506/2684/2184 1505/2911/2359 1518/3756/2846 1509/2681/2181
f 1676/3646/2787 522/963/866 521/966/869 538/2590/2103
f 1569/2528/2049 1565/4323/3123 1564/4322/3122 1568/5088/3369
f 1300/5089/2416 2759/2742/2232 2758/3772/2856 2757/4905/2417
f 3029/4540/3216 3030/4489/3196 3028/4488/3195 3027/5090/3341
f 2056/1965/1613 2054/3632/2780 2109/3058/2463 2108/1966/1614
f 3141/2692/2190 3142/2826/2291 3140/2923/2368 3139/2926/2371
f 1452/2294/1864 1451/2291/1861 2802/5091/2314 2803/5092/2313
f 1739/717/644 1734/3553/2740 1737/3042/2452 1738/3050/2457
f 768/3810/2880 2361/3520/2719 2360/2700/2197 769/4226/3083
f 3211/4895/2397 3209/4898/3321 3237/431/389 3238/430/388
f 3214/2954/2395 3213/2953/2394 3241/4750/2240 3216/5093/2239
f 523/5094/867 522/5095/866 1677/4284/3108 1680/4283/2926
f 1781/5096/2634 1782/5097/2570 1780/5098/1142 1779/5099/1141
f 3127/4942/2788 3122/5100/2706 3125/4836/3307 3126/4835/3306
f 301/1461/1249 299/14/12 4/13/11 300/2419/1968
f 773/1026/917 807/4755/3281 2282/2687/2186 2283/2686/2185
f 2871/4066/3019 2875/3336/2612 2874/3335/2611 2872/4609/3248
f 606/5101/622 1611/3937/286 1614/3936/2948 607/5102/2637
f 1951/2566/2086 1950/4054/3010 1954/229/200 1957/228/199
f 2015/4827/3059 2013/4826/2767 2012/1846/1523 2014/1845/249
f 1305/2870/2325 1306/4303/3116 2377/2060/1678 2376/2719/2216
f 2882/4962/3343 2880/4965/2340 2925/5075/3331 2927/4919/3326
f 2926/4920/3327 2924/5076/3090 2958/1705/1424 2960/5077/3367
f 2077/3688/2810 1291/3690/2808 2075/3684/2807 2073/4583/3236
f 3169/2250/1831 3168/2694/2192 3178/2693/2191 3171/4904/3322
f 580/3933/576 579/3932/2947 1608/3704/2748 87/3707/2815
f 3052/3959/2960 3051/2218/1801 3083/3285/2384
f 3052/3959/2960 3083/3285/2384 3053/5103/3370
f 3053/5104/3370 3083/5105/2384 3055/5106/3371
f 3083/5105/2384 3054/5107/3372 3055/5106/3371
f 3054/5107/3372 3083/5105/2384 3056/5108/3373
f 3054/5107/3372 3056/5108/3373 3057/5109/3374
f 3057/5110/3374 3056/5111/3373 3059/5112/3375
f 3056/5111/3373 3058/5113/3376 3059/5112/3375
f 3059/5112/3375 3058/5113/3376 3099/5114/3377
f 3060/5115/3378 3063/2286/1856 3061/5116/3379
f 3060/5115/3378 3058/5117/3376 3062/3819/2884
f 3058/5117/3376 3056/5118/3373 3062/3819/2884
f 3060/5115/3378 3062/3819/2884 3063/2286/1856
f 3235/3600/2764 3233/3601/442 3247/5119/441 1022/1500/1280
f 3066/3820/2885 3067/5120/3380 3071/1530/3381
f 3067/5120/3380 3068/5121/3382 3071/1530/3381
f 3069/4263/3104 3071/1530/3381 3070/5122/3383
f 3076/4264/3075 3071/1530/1297 3072/1529/1296
f 599/703/630 600/2021/1648 75/2020/549 566/704/632
f 3072/1529/1296 3075/5123/3029 3076/4264/3075
f 3076/4198/3075 3075/4095/3029 3078/4094/3028
f 517/4083/354 516/4082/540 2329/4190/2639 2328/4189/1807
f 525/3896/2925 524/4891/3064 56/5124/868 523/3897/867
f 207/1612/1358 1078/2717/2214 1097/2716/2213 1081/1145/1012
f 2071/3416/2657 2079/90/74 2077/3688/2810 2073/4583/3236
f 3413/2430/1977 3412/5125/3384 2837/3825/2887 2839/2431/963
f 3083/2940/2384 3084/5126/2988 3085/2941/2385
f 3083/3285/2384 3082/3286/2582 3084/4002/2988
f 1370/174/146 1373/173/145 2188/4888/2716 2187/4713/3273
f 510/2741/2231 511/584/533 553/895/804 513/898/806
f 327/2598/2108 2485/2597/2107 2482/2233/1816 328/3742/2837
f 3087/4003/2989 3075/4095/3029 3073/4306/1299
f 3089/4305/3118 3073/4306/1299 3090/1877/3194
f 666/810/733 669/813/736 1542/654/594 1543/653/593
f 772/4651/1376 2359/2945/2389 2312/2376/1928 770/5034/2460
f 3074/5127/1298 3071/5128/1297 3092/5129/2912
f 3071/5128/3385 3070/5130/3386 3092/5129/3387
f 3092/3867/2912 3094/5131/3388 3096/5132/3389
f 3092/3867/2912 3096/5132/3389 3093/3865/2910
f 3092/3867/2912 3071/1530/3381 3068/5121/3382
f 3092/3867/2912 3068/5121/3382 3094/5131/3388
f 3096/5132/3389 3094/5131/3388 3095/5133/3390
f 3095/5134/3390 3068/5135/3382 3098/5127/3391
f 3068/5135/3382 3097/5136/2386 3098/5127/3391
f 3095/5133/3390 3094/5131/3388 3068/5121/3382
f 1635/2564/2084 383/208/180 1634/1021/912 1596/1020/911
f 3097/5137/2386 3068/5121/3382 3067/5120/3380
f 3097/5137/2386 3067/5120/3380 3099/5138/2387
f 3099/2943/2387 3066/5139/2885 3083/2940/2384
f 3099/5138/2387 3067/5120/3380 3066/3820/2885
f 3083/5105/2384 3066/5140/2885 3062/5141/2884
f 3083/5105/2384 3062/5141/2884 3056/5108/3373
f 3086/5142/2987 3085/2941/2385 3084/5126/2988
f 3100/5143/3392 3098/5144/3391 3101/5145/3393
f 3100/5143/3392 3101/5145/3393 3102/5146/3394
f 3096/5147/3389 3095/5148/3390 3098/5144/3391
f 3096/5147/3389 3098/5144/3391 3100/5143/3392
f 3073/1532/1299 3075/5123/3029 3072/1529/1296
f 1311/42/34 1154/41/33 1153/641/581
f 1310/5149/3395 1219/5150/1545 251/5151/1547
f 1310/5149/3395 251/5151/1547 1220/5152/1546
f 3271/2158/1754 3270/2705/2202 3304/2704/2201 1062/2159/1755
f 1310/5149/1663 1309/2043/1662 1308/2042/1664
f 1310/2040/3396 1309/2039/3397 1220/5153/3398
f 1310/2040/3395 1220/5153/1546 1219/5154/1545
f 505/4771/3286 504/452/410 54/465/423 510/2741/2231
f 1286/4893/1637 1284/5155/1642 1283/4428/3172
f 1286/4893/1637 1283/4428/3172 3103/4427/3171
f 2912/4883/3296 1476/2324/1884 2971/4966/3342 2914/5156/3293
f 792/3022/2437 3371/799/722 3370/3035/1808 3369/3038/2448
f 2906/3552/2739 2907/3732/2828 2905/3735/2830 2904/3549/2738
f 1070/1586/1337 1884/3026/2441 1889/2237/1818 1071/3378/1338
f 824/5157/365 809/5158/368 1774/4267/1021 1776/4266/1556
f 1955/1056/936 1953/3464/2686 1952/3461/2683 1195/1837/1517
f 1167/5159/1982 1166/1803/1492 226/1802/1491 1179/5160/3053
f 909/4781/871 3383/5161/2934 3382/4499/3201 910/4498/3200
f 3109/4115/2696 3110/4114/3038 249/2451/1640
f 3109/4115/2696 249/2451/1640 1247/2454/1588
f 3110/4114/3038 1139/4113/1455 218/5162/1450
f 3110/4114/3038 218/5162/1450 3111/5163/3399
f 3110/4114/3038 3111/5163/3399 1285/5164/1641
f 3110/4114/3038 1285/5164/1641 249/2451/1640
f 3111/5165/3399 218/5166/1450 1138/106/90
f 3111/5165/3399 1138/106/90 3112/105/89
f 3111/5165/3399 3112/105/89 1282/5167/3400
f 3111/5165/3399 1282/5167/3400 1285/2007/1641
f 1426/5168/965 1487/5169/1899 1486/5170/1898 1489/691/966
f 3112/105/89 3113/104/88 1283/5171/3172
f 3112/105/89 1283/5171/3172 1282/5167/3400
f 2201/3196/2530 2202/2537/2058 2198/2536/2057 2200/3929/2944
f 2532/4504/2980 433/5172/2982 2528/4912/3181 2531/4859/3312
f 2377/2060/1678 1858/2059/1677 2374/2720/2217 2376/2719/2216
f 398/243/214 33/232/203 31/231/202 362/5173/3401
f 2081/88/72 2065/5174/3034 2116/3940/2697 2082/3750/2844
f 3116/3371/2632 3115/3372/2633 1150/5175/3402
f 3116/3371/2632 1150/5175/3402 1149/1767/1466
f 3116/3371/2632 1149/1767/1466 1110/1679/1404
f 3116/3371/2632 1110/1679/1404 215/4348/1432
f 3116/3371/2632 215/4348/1432 1127/962/865
f 3116/3371/2632 1127/962/865 3108/961/864
f 3115/3873/2633 1158/3872/1471 1157/5176/1472
f 3115/3873/2633 1157/5176/1472 1150/5177/3402
f 2535/4886/3001 2540/4144/3051 2552/1696/1417 2536/1695/1416
f 2051/4034/2998 1976/2061/1679 2050/2395/1946 2049/3633/2781
f 2518/3566/2747 2516/2855/2310 2541/4390/3157 2521/5178/3160
f 583/1598/1346 602/1597/1345 3409/3545/2736 589/3548/2517
f 2163/4151/3054 2162/3664/2797 2199/3926/2943 2197/4152/3055
f 2914/4799/3293 2971/4961/3342 2953/4500/3202 2916/4702/3267
f 2726/3746/2840 2725/3745/2839 2972/4969/2666 2728/4587/2665
f 2465/1891/1558 2464/3157/2506 2507/1164/1025 2467/1976/1621
f 1819/4220/3080 1820/4774/1398 1818/971/873 1817/974/876
f 2057/5179/3098 2056/5180/1613 2112/2938/1612 2059/2937/2382
f 2766/4704/3268 2767/3931/2946 2765/4372/3149 2764/4360/3141
f 3242/4343/3129 3240/4342/3128 984/4847/446 983/4716/3274
f 3027/4949/3341 3025/4777/3287 3043/4493/3197 3040/4494/3198
f 515/4758/3283 514/4757/3282 1675/3645/2786 1674/4007/2991
f 1789/4331/2537 1797/4330/2011 1792/3726/2010 1790/3727/2826
f 1916/2620/2128 1915/3409/2652 2248/4461/3182 2247/2621/2129
f 2715/4128/3043 2716/3916/2936 2714/135/114 2713/1879/1548
f 1294/5181/1380 1293/972/874 1818/971/873 1821/5182/1381
f 519/4465/3185 1676/3646/2787 1675/3645/2786 514/4757/3282
f 2878/2892/2342 2876/3334/2610 2921/2409/1958 2923/2408/1957
f 3352/1357/1167 3343/2866/2321 3347/4135/3045 3351/3139/2497
f 734/1671/837 3405/1670/1399 3404/3459/2682 735/3460/838
f 355/2618/1353 347/4988/127 2611/5183/1788 2612/2619/2127
f 3227/3652/2793 3202/4649/3257 3226/4843/376 3225/3653/375
f 3014/2897/2346 3010/4985/3107 3009/4807/3208 3013/2898/2347
f 3121/5184/2705 1267/3582/2758 1266/3583/2759 3124/4407/3166
f 2605/3144/2502 2599/3143/2501 2603/3200/2532 2604/4031/2643
f 3149/2221/1804 988/1301/1127 1004/1300/1126
f 1961/3483/2699 1298/2017/1646 1824/2374/1926 1369/2154/1751
f 3149/2221/1804 1067/3222/1333 1049/1551/1314
f 3149/2221/1804 1049/1551/1314 1048/1550/1313
f 2915/4800/3294 2914/4799/3293 2916/4702/3267 2917/4067/3020
f 2768/3325/2606 2769/3324/2605 2767/3931/2946 2766/4704/3268
f 1290/5185/710 1212/3834/709 1211/3833/2806 1287/5186/2805
f 3348/3612/2772 3349/4136/3046 3347/4135/3045 3346/2551/2071
f 2895/2961/2402 2845/2390/1941 2892/2521/2042 2894/4358/3139
f 2885/2690/2188 2841/2708/2205 2884/2466/1996 2883/4963/3344
f 2133/2091/1700 2134/1908/1568 2132/1907/406 2131/4252/3094
f 2542/3507/2715 2539/4463/3184 2538/4887/3000 2541/4390/3157
f 1275/2065/1683 248/4444/562 246/4865/3264 1273/2066/1684
f 2534/4043/3002 2533/4505/3206 2532/4504/2980 2531/4859/3312
f 1804/5187/2158 177/5188/1209 1802/5189/2548 1880/5190/340
f 2127/4877/3317 2126/2904/2352 2157/1353/1164 2129/2931/2376
f 3130/4834/3305 3134/5191/3345 3135/5192/2370 3131/4514/3209
f 3204/3338/2614 3183/4794/3290 3201/5193/3355 3203/3339/2615
f 3178/2693/2191 3138/4907/3323 3176/4911/3325 3171/4904/3322
f 1604/4456/3179 1605/4947/3340 1603/4232/2146 1602/4233/3085
f 1627/40/32 1622/39/31 1625/5194/2372 1626/5195/520
f 309/3436/2671 310/4900/3136 6/45/37 308/48/40
f 2848/2962/2403 2849/4705/3269 2847/4359/3140 2846/2391/1942
f 1568/5088/3369 1567/4239/3089 2394/3890/2923 1572/4926/3332
f 3195/3258/2568 3196/3257/2567 3194/3995/2983 3193/3497/2707
f 3107/959/862 1246/1933/1587 3104/4012/2993 3106/960/863
f 1675/3645/2786 1672/3277/2579 1671/2053/1671 1674/4007/2991
f 3246/1542/1308 3228/3881/2791 3245/3880/2918 3244/1541/1307
f 2122/4902/2553 1986/4744/704 2121/2350/1909 2120/2185/1778
f 2868/4249/3091 2867/5196/3403 2869/4890/3319 2870/4250/3092
f 1557/2670/2171 1554/3321/2602 1555/3320/2601 1556/3805/2877
f 1048/1550/1313 986/1436/1230 988/1301/1127 3149/2221/1804
f 3002/5197/2470 3007/3422/2110 3031/3421/2658 3003/4539/3215
f 2550/903/811 2551/906/814 2547/3903/2928 2546/3902/2262
f 2702/2568/2088 2700/2918/2364 2769/3324/2605 2770/2569/2089
f 3393/5198/3235 3390/4519/2157 3391/1791/1481 3392/1790/1480
f 2867/5199/3403 2865/2542/2062 2911/2545/2065 2913/4884/3295
f 229/5200/3163 1188/4853/3162 1191/4102/3032 1189/4101/2298
f 3270/4790/2202 3271/5201/1754 1097/2716/2213 3269/2715/2212
f 1063/4943/3337 1062/2159/1755 3304/2704/2201 3306/4845/1654
f 1580/81/65 1577/80/64 1576/3535/2729 1575/4870/3314
f 1304/1012/905 2838/1011/904 2836/3096/2480 1302/1047/929
f 3133/4944/3338 3177/3780/2862 3175/5081/2937 3176/5202/3325
f 3201/5030/3355 3180/5203/2332 3200/4922/3329 3199/4921/3328
f 2733/3175/2519 2737/3615/2773 2736/412/372 2734/3176/2520
f 1591/4746/3120 1590/2735/2229 1637/2734/2228 1593/2563/2083
f 1000/485/443 3239/3794/2872 3238/3793/388 1025/1507/387
f 3279/3962/2963 3274/4909/3324 3277/4908/2901 3278/3963/2964
f 2934/2556/2076 2935/2151/1748 2933/4951/2907 2932/3649/2790
f 1562/4871/3315 1563/4388/3155 1559/4387/2878 1558/5047/3212
f 1473/3837/2891 2961/3543/2734 2960/5077/3367 2959/3838/2892
f 2256/5204/3021 2257/4061/3016 2255/4060/1311 2254/5205/3301
f 3188/3739/2834 3187/3738/2833 3215/4103/3033 1191/4102/3032
f 3187/3738/2833 3185/3741/2836 3210/5206/3320 3212/2955/2396
f 1125/1721/1435 1124/1720/1434 3037/2138/1736 1140/1749/1456
f 2021/3040/2450 2024/5207/1439 2025/917/825 2022/2649/2150
f 3279/3962/2963 959/1395/1195 3301/3458/2681 3300/4595/3243
f 1325/3114/1696 1324/5208/1695 3012/5209/3298 3008/4833/3299
f 2692/3948/2955 2691/3946/2954 2761/2560/2080 2762/2559/2079
f 3023/4605/3246 3024/2553/2073 3022/2885/2335 3021/4604/3156
f 1128/1735/1446 1130/1734/1445 2369/3453/2679 2367/4404/3165
f 916/3018/360 1759/3021/2436 2263/4608/3086 917/5210/650
f 309/5211/2671 1583/4206/1970 1580/81/65 1575/4870/3314
f 3288/3782/2864 3287/4240/2138 3314/4172/3066 3291/2114/1721
f 2843/2393/1944 2842/4703/2206 2888/5212/2187 2890/2519/2040
f 1020/5213/1276 3136/2924/2369 3140/2923/2368 1027/3730/1283
f 312/76/62 311/1852/1528 2397/3777/2859 2399/3952/2957
f 329/4141/84 328/3742/2837 2475/834/754 2474/837/757
f 1274/116/100 1314/115/99 257/5214/1645 1271/4688/3259
f 31/231/202 392/233/204 393/4143/3050 394/504/462
f 2099/1073/953 2100/1072/952 2097/136/115 2096/139/118
f 1685/67/55 525/3896/2925 1682/2754/2244 1684/68/56
f 2667/4517/1630 605/4696/1629 2662/4165/3060 2660/664/601
f 2978/3475/2695 2977/3602/2765 2986/2910/2358 2980/3474/2694
f 2048/3620/2776 1970/3275/2577 1968/3505/2713 1969/2571/2091
f 2696/4369/3146 2697/4109/3036 2695/4108/3035 2694/4370/3147
f 2897/4356/3137 2893/2149/1746 2937/2152/1749 2939/2762/2248
f 1204/4120/3040 1223/5215/301 3190/4421/304 1205/4119/3039
f 1990/2275/1849 1989/3229/2552 2125/3228/2551 1992/446/404
f 2847/4359/3140 1342/2117/1722 2844/2392/1943 2846/2391/1942
f 2804/2399/1950 2815/2398/1949 2809/2899/2348 2805/2860/2315
f 2861/4928/3334 2860/2665/2166 2902/3129/2491 2863/4503/3205
f 2374/4038/2217 1862/4037/2999 2371/2380/1931 2373/2379/1930
f 1407/4035/1350 1406/3677/2802 276/1489/1269 277/5216/1351
f 2522/4397/2406 2521/4396/3160 2537/4044/3003 2524/4858/3203
f 3215/4103/3033 3187/3738/2833 3212/2955/2396 3214/2954/2395
f 3275/4594/3242 3269/2715/2212 3273/2714/2211 3274/4909/3324
f 3207/2726/2221 3208/4795/3291 3204/3338/2614 3206/2727/2222
f 2199/3926/2943 2200/3929/2944 2198/2536/2057 2197/4152/3055
f 2569/4567/3227 2568/4566/3226 2581/5217/3404 2580/5218/3405
f 1617/4733/3276 1616/5009/3348 1614/5008/2948 1613/4734/2949
f 3199/4921/3328 3197/4840/3310 3226/4843/376 3202/4649/3257
f 1261/3695/2711 1979/4518/3210 2051/4034/2998 2052/4033/2712
f 906/1290/1118 910/4498/3200 3384/2612/2121 3340/4812/2113
f 2707/2492/2018 2706/4260/3101 2776/4466/3186 2709/2305/1871
f 1606/5219/2097 1607/5220/2100 1605/5221/3340 1604/5222/3179
f 2859/802/725 2793/2881/2331 2858/1810/1495 2857/2662/2163
f 1810/4139/3049 1809/2608/2117 1867/4906/221 1814/5223/909
f 647/770/693 1692/4126/3042 1691/3234/2557 644/771/694
f 2898/4792/3288 2897/4356/3137 2939/2762/2248 2941/2673/2174
f 3356/3863/2908 3344/2865/2320 3353/1356/1166 3355/3720/2822
f 1601/2676/2177 1609/4457/288 1604/4456/3179 1602/4233/3085
f 1249/4073/1087 1259/4296/3111 3173/3919/2939 1250/3918/2938
f 2398/2817/2283 2399/3952/2957 2397/3777/2859 2396/3341/2617
f 2372/1429/1225 2380/1428/1224 2375/2718/2215 2373/2721/1930
f 3147/3318/2600 3148/2223/1806 3146/2222/1805 3145/3530/2726
f 572/611/557 571/618/564 1553/3322/2603 1554/3321/2602
f 2150/3610/2770 2148/3830/2888 2220/3961/2962 2219/3611/2771
f 2662/4165/3060 2663/434/392 2661/433/391 2660/664/601
f 422/4641/3255 2403/1957/1606 2402/4381/3151 418/3540/2731
f 1589/4318/886 343/5224/122 1590/4315/2229 1578/3533/2727
f 1154/41/33 1244/44/36 244/5225/1583 1147/3893/1464
f 2347/4289/556 2348/3489/2701 2346/3488/2700 2345/5226/3406
f 1315/2010/1644 1316/2009/1643 3001/5227/2471 3004/4344/3130
f 1259/4296/3111 1257/5228/3178 242/5229/1597 1256/4297/1599
f 598/5230/604 1616/5231/3348 1619/5232/2400 591/5233/605
f 2586/790/713 2583/3925/2942 2582/3449/2676 2434/791/714
f 374/195/167 2612/2619/2127 2611/5183/1788 2610/574/523
f 2540/4144/3051 2539/4463/3184 2544/3904/2929 2547/3903/2928
f 1440/3737/2832 1439/1022/913 2211/582/531 2213/5234/264
f 309/5211/2671 1575/4870/3314 1574/2526/2047 310/4354/3136
f 2884/2466/1996 2821/2465/1995 2881/4964/2341 2883/4963/3344
f 2698/3930/2945 2696/4369/3146 2765/4372/3149 2767/3931/2946
f 3001/3079/2471 1316/5235/1643 1327/3112/1651 1326/3080/2472
f 3179/3802/2334 1181/1816/1501 3200/4922/3329 3180/5203/2332
f 3287/2632/2138 3288/5236/2864 3285/4251/3093 3284/2334/1893
f 718/889/799 834/2199/1787 141/4822/1022 833/2761/2247
f 3134/5191/3345 3133/4944/3338 3176/5202/3325 3138/5237/3323
f 311/1852/1528 316/4899/3135 2393/3775/2857 2397/3777/2859
f 2874/3335/2611 2817/2401/1952 2873/2400/1951 2872/4609/3248
f 3216/5093/2239 3217/4104/2299 3215/4103/3033 3214/2954/2395
f 2034/1829/1513 2031/4262/3103 2030/915/823 2033/1830/1514
f 2588/4629/3253 2583/3925/2942 2586/790/713 2587/2207/1792
f 3246/1542/1308 872/1235/1080 948/5238/1181
f 2056/1965/1613 2057/4257/3098 2055/3247/2562 2054/3632/2780
f 3031/3421/2658 3032/3424/2659 3030/4489/3196 3029/4540/3216
f 3244/1541/1307 985/4259/3100 873/1236/1081
f 1664/3119/2489 1663/2842/2296 1668/2841/1673 1665/3120/2302
f 3235/3600/2764 1022/1500/1280 189/1497/1277
f 3235/3600/2764 189/1497/1277 1026/432/390
f 858/4025/2997 857/604/551 2240/3909/211 2242/3908/2932
f 2565/5239/3407 2561/5240/3222 2563/4553/3224 2564/4556/3225
f 3247/5119/441 957/5241/1193 956/1403/1192
f 3247/5119/441 956/1403/1192 1022/1500/1280
f 1372/2162/1757 2193/2534/2055 2202/2537/2058 1374/2163/1758
f 1807/2609/2118 1046/1061/941 1803/1813/1498 1806/2610/2119
f 3248/1862/3408 3249/5242/3408 3250/5243/3408
f 2225/3982/2972 2138/3983/2973 2223/5244/3409 2224/5245/3410
f 3251/554/507 1177/553/506 1135/1738/1449
f 3251/554/507 1135/1738/1449 1134/1737/1448
f 1709/2969/2407 1723/3410/2653 1722/3715/2819 1710/1955/1604
f 933/331/300 962/330/299 180/127/109 990/126/108
f 1007/1473/1255 1013/1699/1260 185/893/802 1008/892/801
f 1163/1784/1477 1162/1783/1476 1142/1753/1459
f 1163/1784/1477 1142/1753/1459 1141/1752/1458
f 480/404/364 1634/1021/912 1633/108/92 481/107/91
f 3253/5246/3411 213/1055/935 1477/1054/934 1038/5247/420
f 1484/5248/3412 1485/5249/1897 1480/3331/1896 1483/3330/2609
f 1742/3087/2461 1735/3086/2476 1740/716/643 1741/3148/1910
f 405/5250/232 419/3955/2730 2400/2818/2284 406/3340/2616
f 2270/2496/2022 2271/4272/448 2268/4385/447 2267/2493/2019
f 3252/5251/3247 1107/5252/1400 1014/5253/1266
f 3252/5251/3247 1014/5253/1266 1016/5254/3260
f 1187/5255/3161 3190/335/304 3189/334/303 1188/4853/3162
f 3253/5256/3411 1037/5257/1300 1039/5258/384
f 3253/5256/3411 1039/5258/384 213/5259/935
f 3080/2220/1803 3081/2219/1802 3079/4196/3074 3078/4094/3028
f 1038/5247/420 1037/5260/1300 3253/5246/3411
f 2513/2668/2169 2490/3366/2630 2510/3365/2430 2512/2669/2170
f 2401/4380/2959 419/3539/2730 418/3540/2731 2402/4381/3151
f 129/191/163 801/5261/67 2248/4461/3182 2250/721/648
f 2344/2424/1973 2341/2423/1972 2340/4023/2995 2338/4024/2996
f 3260/4612/3115 3257/1971/1618 3256/1970/1617 3259/4613/2493
f 1904/5262/2722 1897/744/669 1900/743/668 1903/3722/2723
f 1660/2861/2316 1661/3670/1506 1658/1423/1220 1659/1422/1219
f 2301/2907/2355 2300/2425/1974 2346/3488/2700 2304/2905/2353
f 2165/5263/3056 2196/3525/2721 2195/2788/2267 2167/2787/2266
f 2146/3829/2336 1361/3966/2339 2220/3961/2962 2148/3830/2888
f 3263/3558/2745 3264/327/296 3265/5264/3413
f 3263/3558/2745 3265/5264/3413 1005/1466/1251
f 2260/4194/3072 1894/4216/2635 2253/4950/2636 2251/719/646
f 306/4687/52 314/5265/51 2621/1304/1129 2619/1307/1132
f 3266/5266/295 3267/1969/294 1056/1968/1616
f 1765/376/338 1763/3106/1763 1882/2457/1990 1881/377/339
f 2080/89/73 2078/269/238 2077/3688/2810 2079/90/74
f 1917/2513/2034 1918/3400/2647 1914/3399/2646 1916/2620/2128
f 1056/1968/1616 997/1454/1243 3268/2764/2250 3266/5266/295
f 2727/1702/1421 1313/1622/1366 2724/1625/1369 2726/3746/2840
f 2722/3870/2915 2974/4617/3250 2973/5087/3346 2723/3747/2841
f 2228/2514/2035 2229/4631/209 2226/3999/2985 1930/2515/2036
f 454/358/323 462/370/332 2553/905/813 449/359/324
f 191/5267/1309 1044/4329/2794 1798/4328/2540 200/5268/2539
f 1040/502/460 206/5269/1305 190/4401/1291 1036/499/457
f 505/4771/3286 510/2741/2231 513/898/806 512/4759/3284
f 2865/2542/2062 2866/5270/3414 2862/4927/3333 2864/2543/2063
f 680/824/746 679/823/745 2634/3671/2800 2685/2506/2027
f 1559/3806/2878 1556/3805/2877 1555/3320/2601 1558/4523/3212
f 2867/5196/3403 2868/4249/3091 2866/5271/3414 2865/5272/2062
f 126/1052/932 677/827/749 2693/3949/2956 2695/4108/3035
f 2855/4355/2164 2854/4352/3134 2899/5066/3366 2901/5065/2165
f 1572/4926/3332 1573/2529/2050 1569/2528/2049 1568/5088/3369
f 1596/1020/911 1597/1019/910 1595/2384/1935 1594/2562/2082
f 595/663/600 2670/2731/2226 2675/3248/2563 596/2725/2220
f 1462/212/184 2975/5029/3354 2974/4617/3250 1463/4616/3249
f 2698/3930/2945 2699/2307/1873 2697/4109/3036 2696/4369/3146
f 2936/2555/2075 2937/2152/1749 2935/2151/1748 2934/2556/2076
f 923/4665/2969 843/1181/1041 3321/5273/545 3320/5274/2827
f 1511/548/501 1508/547/500 1507/2683/2183 1510/2682/2182
f 1117/1812/1497 1116/4213/3026 1984/4765/3285 1985/783/706
f 249/2006/1640 1284/2008/1642 1286/2003/1637 1248/2005/1639
f 1864/254/223 1861/4291/3110 1860/3659/2795 1863/255/224
f 2131/5275/3094 2130/2930/2375 2164/2933/2378 2166/5033/3095
f 938/1343/1158 940/4278/2536 168/5276/2535 172/1344/1159
f 98/513/471 665/512/470 1527/5277/1986 1530/5278/1325
f 2640/5279/1887 547/4738/1886 2643/3798/2874 2641/3799/2875
f 2785/5280/3353 1464/336/183 2783/339/306 2784/4393/3158
f 2817/2401/1952 2818/2416/1965 2816/4326/3124 2815/2398/1949
f 633/475/433 632/478/436 2326/5281/3070 2329/3386/2639
f 1202/2264/1840 1199/1843/1522 3120/5282/2304 3119/4797/2303
f 2863/4503/3205 2864/2543/2063 2862/4927/3333 2861/4928/3334
f 1108/1716/1401 1107/5252/1400 3252/5251/3247 1121/1717/1431
f 2845/2390/1941 2843/2393/1944 2890/2519/2040 2892/2521/2042
f 330/101/85 2506/1167/1028 2501/1166/1027 2500/3473/2693
f 2461/4445/3175 2462/1683/1408 2458/1682/1407 2460/4168/3062
f 3344/5283/2320 3338/2894/2343 3342/2893/2068 3343/5284/2321
f 3182/4872/3316 1221/740/665 1224/739/664 3181/2883/2333
f 3185/4929/2836 3186/4967/2835 3182/4872/3316 3184/4793/3289
f 1064/4462/3183 1063/5057/3337 3306/2028/1654 3308/2027/1653
f 3223/420/378 3222/3768/2854 3243/4258/3099 3245/3880/2918
f 3027/5090/3341 3040/5285/3198 3039/4538/3214 3029/4540/3216
f 1567/4239/3089 1568/5088/3369 1564/4322/3122 1563/4388/3155
f 1066/1460/1248 1065/1578/1334 3153/1591/1340 3155/1457/1245
f 1619/5232/2400 1616/5231/3348 1617/5042/3276 1618/5041/2401
f 2893/2149/1746 2894/4358/3139 2892/2521/2042 2891/2150/1747
f 3152/2530/2051 3160/2533/2054 3159/3648/2789 3154/2641/2145
f 1565/4323/3123 1571/4601/3245 1592/4903/3278 1566/4320/1934
f 2798/4248/2672 2797/5286/2674 2866/5271/3414 2868/4249/3091
f 1637/2734/2228 1636/3232/2555 1635/2564/2084 1593/2563/2083
f 1928/3616/2774 1934/2874/2327 1963/3468/2689 1929/3467/2688
f 1201/4854/1829 1200/2265/1841 3165/2539/2060 3167/4915/1830
f 526/1082/960 2391/3760/2849 2390/3759/2848 507/3210/2541
f 2420/4709/3271 2419/4953/3313 2614/4375/524 2613/4374/2596
f 2039/2349/1908 2035/3245/2560 2034/1829/1513 2038/1828/1512
f 2488/2772/2254 2483/2771/1817 2486/3891/2924 2487/3749/2843
f 519/4869/3185 514/5287/3282 55/393/353 518/392/352
f 2882/4962/3343 2886/2523/2044 2885/2690/2188 2883/4963/3344
f 2298/2422/1971 2299/4300/3114 2297/2746/2236 2296/2674/2175
f 2393/4925/2857 316/4353/3135 1573/2529/2050 1572/4926/3332
f 2602/3201/2533 2601/2660/2161 2615/3308/2595 2606/3307/2594
f 874/3236/1083 868/5288/3415 155/5289/1073 867/3237/1072
f 2055/3247/2562 2057/4257/3098 2058/4256/3097 2036/3244/2559
f 2306/1953/1602 2303/3767/2853 2302/2906/2354 2305/1984/1625
f 3167/2249/1830 3166/4338/2876 3168/2694/2192 3169/2250/1831
f 3197/4840/3310 3198/4923/3330 3194/4931/2983 3196/4841/2567
f 344/145/124 20/144/123 354/158/135 353/157/134
f 171/5290/1178 880/1251/1094 3296/1293/1121 944/1292/1120
f 939/2429/1976 928/1141/1008 3317/1140/1007 876/1281/1114
f 3285/4251/3093 3288/5236/2864 3289/5291/2513 3286/2790/2269
f 1169/2851/2309 1171/2850/2308 2385/5292/3119 1129/5293/1444
f 476/396/356 47/395/355 480/404/364 481/107/91
f 2412/4208/3078 2627/4619/3251 2626/3989/2978 2413/3988/2977
f 1048/1550/1313 195/1383/1186 986/1436/1230
f 200/5294/2539 192/5295/1286 191/5296/1309
f 192/5295/1286 193/5297/940 191/5296/1309
f 969/1411/1208 968/1410/1207 3388/2263/1839 3387/3843/2896
f 611/5298/621 610/5299/620 81/728/627 612/5300/2098
f 1035/891/800 1009/1474/1256 1008/892/801
f 3125/4836/3307 3122/5100/2706 3121/5184/2705 3124/4407/3166
f 2167/2787/2266 2168/2092/1701 2166/4253/3095 2165/5263/3056
f 3268/2764/2250 997/1454/1243 989/1453/1232
f 993/5301/3416 992/5302/3417 3318/5303/3199
f 993/5304/3416 3318/5305/3199 184/5306/1254
f 993/5304/3416 184/5306/1254 1011/5307/1257
f 982/1480/1261 1013/1479/1260 3319/3466/1420
f 982/1480/1261 3319/3466/1420 961/3465/2687
f 540/1084/961 2392/3892/29 2391/3760/2849 526/1082/960
f 2263/4236/3086 2264/3263/2572 2261/3900/2927 917/5308/650
f 3135/5192/2370 3136/4211/2369 3137/2211/1796 3131/4514/3209
f 1830/4889/3318 1365/5084/1744 1828/4706/2580 1829/4707/3270
f 1835/2269/1843 1834/2268/1525 2387/5309/3125 1837/912/820
f 2308/2944/2388 2303/3767/2853 2306/1953/1602 2307/1952/1601
f 3322/5310/2515 921/4666/1317 923/4665/2969
f 3322/5310/2515 923/4665/2969 3320/5274/2827
f 3323/5311/2516 973/1416/1213 3324/5312/3418
f 3323/5311/2516 3324/5312/3418 3325/5313/3419
f 3323/3170/2516 3325/5314/3419 3326/1493/1273
f 3323/3170/2516 3326/1493/1273 922/1492/1272
f 3326/5315/1273 3325/5313/3419 3327/4202/3077
f 3326/5315/1273 3327/4202/3077 3328/3059/2464
f 3326/5315/1273 3328/3059/2464 3329/1079/957
f 3326/5315/1273 3329/1079/957 3330/5316/1274
f 1091/1741/1452 1136/1740/1451 3038/5317/1902 1092/1651/1388
f 2025/917/825 2024/5207/1439 2028/3656/1438 2029/918/826
f 1851/5318/3347 2379/5319/1189 1844/3295/2587 1845/3297/2588
f 278/5320/1809 1417/5321/1812 1419/5038/2531 1412/3092/2479
f 617/5322/2670 616/5323/3262 84/5324/636 623/5325/639
f 3033/2057/1675 1053/1381/1184 3030/4489/3196 3032/3424/2659
f 2315/1407/1204 2316/3783/2865 2314/4773/2785 2313/1408/1205
f 954/3282/1196 3278/4914/2964 3282/2335/1894 955/3281/2581
f 3181/2883/2333 3180/2882/2332 3201/5193/3355 3183/4794/3290
f 2772/947/850 2773/4261/3102 2771/2570/2090 1445/4512/3207
f 2869/4890/3319 2867/5196/3403 2913/4801/3295 2915/4800/3294
f 2608/3310/1789 2609/5326/1138 2607/4032/1137 2606/3307/2594
f 3128/3781/2863 3129/4837/3308 3125/4836/3307 3124/4407/3166
f 2898/4792/3288 2899/5066/3366 2896/4357/3138 2897/4356/3137
f 3003/4539/3215 3004/4344/3130 3001/5227/2471 3002/5197/2470
f 3274/4909/3324 3279/3962/2963 3300/4595/3243 3275/4594/3242
f 2464/3157/2506 2465/1891/1558 2462/1683/1408 2461/4445/3175
f 1463/4616/3249 1459/236/207 287/213/185 1462/212/184
f 2627/4619/3251 43/304/273 376/303/272 2626/3989/2978
f 2669/4021/2227 594/1994/599 2667/1993/1630 2668/4022/2838
f 807/4755/3281 774/4227/3084 2279/2699/2196 2278/2469/1999
f 1413/3091/2478 1414/3195/591 278/5320/1809 1412/3092/2479
f 2862/4927/3333 2866/5270/3414 2797/3439/2674 2796/803/726
f 2138/3983/2973 2139/94/78 2137/3556/2743 2136/3814/2882
f 471/4660/2757 470/4018/1590 2649/4017/2490 2648/4657/1386
f 2169/2786/2265 2170/2093/1702 2168/2092/1701 2167/2787/2266
f 3359/4361/3142 3360/5327/2566 785/2585/2102
f 3359/4361/3142 785/2585/2102 788/1008/901
f 3359/4361/3142 3358/4362/3143 3361/4615/3109
f 3359/4361/3142 3361/4615/3109 3362/5328/3420
f 3359/5329/3142 3362/5330/3420 3363/4672/778
f 3359/5329/3142 3363/4672/778 3360/3254/2566
f 654/2175/1768 656/2483/1263 1523/4532/1262 1525/2176/1769
f 3363/863/778 3362/5328/3420 3365/5331/3421
f 3363/863/778 3365/5331/3421 3366/864/779
f 2233/3390/2642 2234/5332/213 2230/237/208 2232/85/69
f 3366/864/779 3365/5331/3421 672/818/741
f 3366/864/779 672/818/741 708/876/789
f 3366/864/779 708/876/789 780/1053/933
f 3366/864/779 780/1053/933 784/861/776
f 3365/5331/3421 3362/5328/3420 3361/4615/3109
f 3365/5331/3421 3361/4615/3109 3367/5333/2447
f 3365/5331/3421 3367/5333/2447 673/819/742
f 3365/5331/3421 673/819/742 672/818/741
f 465/4522/335 1552/3323/2604 1551/2497/2023 466/2500/336
f 2687/4873/3309 2688/3161/2508 2686/3160/1136 1533/5334/1135
f 1501/3640/2661 1193/3639/2783 1502/2909/2357 1503/2908/2356
f 3370/2225/1808 3371/5335/722 3372/4584/721
f 3370/2225/1808 3372/4584/721 674/820/743
f 2425/4414/3167 2424/2659/2160 2596/2658/2159 2427/4415/3168
f 2336/354/320 2334/353/319 2347/4289/556 2345/5226/3406
f 2336/354/320 2345/5226/3406 2344/2424/1973 2338/4024/2996
f 1533/1310/1135 1531/747/672 2754/750/675 2687/4838/3309
f 1692/4918/3042 1693/4830/3041 1694/4829/3304 536/3024/2439
f 2774/946/849 2781/945/305 1461/5336/186 1460/3135/206
f 3223/420/378 3224/419/377 3220/3259/2569 3222/3768/2854
f 721/1440/1233 720/924/832 733/5337/836 732/3846/835
f 1814/5223/909 1815/3251/875 1812/3250/2565 1810/4139/3049
f 2118/2168/1510 2010/5338/1509 2149/3831/2889 2151/4004/2990
f 661/65/53 660/958/861 1688/2872/2326 1686/66/54
f 722/3848/2899 765/3847/896 122/997/892 764/1000/895
f 293/6/6 292/5/5 2622/4193/1130 2621/1935/1129
f 3364/3773/777 3376/5339/546 842/3774/1040
f 1056/1968/1616 1057/536/386 196/4624/385 997/1454/1243
f 1708/2478/2008 1709/2969/2407 1707/1685/1410 1705/3219/2547
f 2580/5218/3405 2579/5340/3234 2575/4572/3230 2569/4567/3227
f 1877/3343/2619 1874/2829/2294 1873/3845/2898 1876/4171/3065
f 981/588/110 180/1481/109 979/3192/2009 980/585/534
f 1407/4035/1350 1440/3737/2832 2213/5234/264 1406/3677/2802
f 3349/4136/3046 699/534/490 698/858/775
f 2886/2523/2044 2882/4962/3343 2927/4919/3326 2929/2524/2045
f 3348/3612/2772 3377/2611/2120 3378/523/479
f 2631/113/97 2632/3672/2801 2630/2386/1937 2408/114/98
f 1792/2481/2010 979/2480/2009 1795/4644/2527 1793/4643/1847
f 268/289/258 1360/288/257 1361/2889/2339 1362/2888/2338
f 862/2624/1071 861/2627/2133 1780/5098/1142 1782/5097/2570
f 1281/615/561 1280/614/560 3050/1434/1228 1317/1433/101
f 563/591/539 629/737/662 634/476/434 633/475/433
f 194/1519/1290 1032/1518/1289 1781/3376/2634 971/3375/1211
f 690/2822/2288 689/676/611 2358/679/614 2291/2810/2279
f 3382/5341/3201 3383/3913/2934 820/1126/995
f 3382/5341/3201 820/1126/995 822/1129/615
f 807/4755/3281 2278/2469/1999 2281/2468/1998 2282/2687/2186
f 1979/4518/3210 1980/4100/3031 1978/4099/3030 1977/2062/1680
f 3151/3319/2052 3147/3318/2600 3164/2538/2059 3162/2541/2053
f 2203/3928/1174 1437/3197/588 2201/3196/2530 2200/3929/2944
f 1116/4213/3026 1904/5342/2722 1983/4879/44 1984/4765/3285
f 1733/5343/3052 1729/5344/2006 1731/3031/2005 1732/3034/2446
f 3383/3913/2934 821/1127/996 820/1126/995
f 985/4259/3100 3243/4258/3099 3242/4343/3129 983/4716/3274
f 3385/3855/2903 3387/3854/2896 3388/4214/1839
f 217/5345/1418 1115/806/729 1131/809/732 1132/3516/1447
f 2802/2859/2314 1451/5346/1861 2799/4440/2673 2801/3345/2621
f 1254/5347/1086 1257/5228/3178 1259/4296/3111 1249/4073/1087
f 485/4592/3241 515/4758/3283 1674/4007/2991 486/2972/2408
f 3389/3842/2895 3327/4202/3077 3325/5313/3419
f 3389/3842/2895 3325/5313/3419 3324/5312/3418
f 3389/3842/2895 3324/5312/3418 963/1405/1202
f 3389/3842/2895 963/1405/1202 969/1411/1208
f 3389/3842/2895 3386/3469/2690 3331/460/418
f 3389/3842/2895 3331/460/418 3327/4202/3077
f 596/2725/2220 597/2724/2178 74/660/597 595/663/600
f 1004/1300/1126 1003/1303/1128 3144/3531/2292 3146/2222/1805
f 1076/4122/2538 1788/3456/2680 1787/3455/1504 1030/4123/1287
f 1730/3062/2465 1729/5344/2006 1733/5343/3052 1736/3063/2466
f 3324/5312/3418 973/1416/1213 964/454/412
f 3324/5312/3418 964/454/412 963/1405/1202
f 840/518/475 833/4218/2247 141/5348/1022 839/515/473
f 1802/3223/2548 1769/3225/1413 1767/5349/337
f 1802/3223/2548 1767/5349/337 1880/5350/340
f 1012/5351/1419 181/5352/1198 174/5353/1197
f 1012/5351/1419 174/5353/1197 3319/5354/1420
f 2828/4851/245 1382/1979/244 2825/1982/1624 2827/4747/3279
f 2654/3964/2965 2655/4679/3261 2656/3717/2821 2657/3716/2820
f 541/545/498 551/569/519 70/5355/565 564/594/542
f 950/1208/1062 893/1207/1061 888/5356/1105
f 893/1207/1061 158/1268/1102 888/5356/1105
f 948/1375/1181 872/5357/1080 871/1376/1077
f 872/5357/1080 154/5358/1074 871/1376/1077
f 171/5290/1178 871/1232/1077 880/1251/1094
f 871/1232/1077 870/1231/1076 880/1251/1094
f 1829/4707/3270 1833/3884/2921 2185/4368/3145 1830/4889/3318
f 2061/3108/2486 2032/3107/2485 2058/4256/3097 2060/3164/2511
f 2736/412/372 926/411/371 165/1233/1078 925/1317/1140
f 2094/138/117 2093/5068/2816 2095/1967/1615 2096/139/118
f 1291/3683/2808 1239/1362/1171 234/1361/1170 1218/1871/1543
f 3338/4347/2343 3344/2865/2320 3356/3863/2908 3339/3344/2620
f 1949/4700/3266 1946/647/587 1945/646/586 1944/4701/2675
f 1066/1460/1248 203/3138/1335 198/1575/1332 1065/1578/1334
f 1394/1152/116 1395/4140/1371 274/2193/1370 1393/1153/1018
f 2636/3792/2871 2637/3791/2870 2633/3915/2935 2635/4341/3127
f 3396/3687/2809 889/5359/1106 158/1268/1102
f 3396/3687/2809 158/1268/1102 892/1270/1108
f 1791/4741/1846 897/4740/1110 1788/5032/2680 1790/5031/2826
f 2623/5360/3071 2591/3001/2425 2620/1306/1131 2622/1305/1130
f 3395/5361/1412 881/5362/1095 869/1230/1075
f 3395/5361/1412 869/1230/1075 832/1150/1016
f 3392/1790/1480 875/1789/1115 156/1249/495
f 3392/1790/1480 156/1249/495 881/5362/1095
f 121/951/854 763/5363/893 766/5364/897 744/3395/2445
f 926/411/371 864/410/370 830/1234/1079
f 926/411/371 830/1234/1079 165/1233/1078
f 2850/1614/1360 2851/1613/1359 2849/4705/3269 2848/2962/2403
f 444/4416/626 439/675/610 40/1334/307 443/5365/310
f 1410/2261/1631 1432/2260/1838 283/5366/1837 1442/5367/1851
f 919/4221/3081 918/4392/1271 3330/5316/1274
f 919/4221/3081 3330/5316/1274 3397/5368/3422
f 160/525/481 176/1404/1201 967/526/482
f 902/5369/3423 160/525/481 2227/528/484
f 902/5369/3423 2227/528/484 2235/4009/2992
f 3398/5370/3424 2235/5371/2992 855/5372/553
f 3398/5370/3424 855/5372/553 3399/5373/3425
f 3398/5374/3424 3399/5375/3425 3401/5376/3426
f 3399/5375/3425 3400/5377/3427 3401/5376/3426
f 3401/5378/3426 3400/5379/3427 3402/5380/3428
f 3400/5379/3427 160/5381/481 3402/5380/3428
f 2928/3542/2733 2926/4920/3327 2960/5077/3367 2961/3543/2734
f 883/1237/1082 863/1258/1098 868/5382/3415
f 883/1237/1082 868/5382/3415 874/1238/1083
f 864/410/370 815/2426/986 830/1234/1079
f 1730/4722/2465 1725/4721/3275 1728/2477/2007 1729/2476/2006
f 853/1202/1058 852/1206/1060 109/5383/792
f 853/1202/1058 109/5383/792 712/5384/3429
f 853/1202/1058 712/5384/3429 688/1350/1163
f 853/1202/1058 688/1350/1163 758/1199/1055
f 852/5385/1060 846/1188/1046 109/883/792
f 846/1188/1046 716/884/796 109/883/792
f 2477/1424/440 2471/835/755 2475/834/754 2476/2236/437
f 866/3186/1069 1528/3185/1987 813/5386/981
f 866/3186/1069 813/5386/981 146/5387/1059
f 849/1191/1049 114/885/797 716/884/796
f 3294/3818/1719 3293/3665/1718 3295/1294/1122 3296/1293/1121
f 837/5388/1023 141/4822/1022 836/3856/2904
f 837/5388/1023 836/3856/2904 2262/3858/2906
f 1098/1652/1389 1092/1651/1388 3038/5317/1902 3015/4742/3277
f 1922/3414/2656 1921/2474/2004 1968/3505/2713 1972/3787/2868
f 828/3451/2677 827/3450/1050 739/941/845
f 828/3451/2677 739/941/845 114/885/797
f 798/1195/954 797/5389/162 740/5390/846
f 798/1195/954 740/5390/846 739/1192/845
f 780/1053/933 708/876/789 707/875/788
f 780/1053/933 707/875/788 678/828/750
f 779/4571/925 733/5391/836 720/5392/832
f 779/4571/925 720/5392/832 730/3100/831
f 970/1413/1210 177/1412/1209 1804/2657/2158 1803/1813/1498
f 881/5362/1095 3395/5361/1412 3393/5198/3235 3392/1790/1480
f 858/4025/2997 847/1190/1048 147/605/552 857/604/551
f 742/1754/1460 741/1757/1461 3404/4714/2682 724/2633/2139
f 1756/4237/3087 1757/5393/3022 1755/4046/2477 1754/4045/3004
f 3021/4389/3156 3022/4496/2335 3020/4431/3173 3019/3941/2950
f 1542/654/594 669/813/736 1539/2463/1993 1541/5394/3018
f 2346/3488/2700 2300/2425/1974 2344/2424/1973 2345/5226/3406
f 1413/3091/2478 1374/2163/1758 2202/2537/2058 2201/3196/2530
f 411/4386/3154 412/4521/3211 36/5395/240 410/4382/3152
f 2711/2302/1549 2709/2305/1871 2776/4466/3186 2778/2696/2193
f 1632/572/521 1626/571/520 1630/109/93 1631/2210/1795
f 357/165/142 373/194/166 2645/2637/2142 358/166/143
f 2625/3215/2544 369/5396/159 26/5397/153 372/3216/2545
f 1998/1198/1054 1146/1197/1053 1995/3599/1869 1997/3554/2741
f 2814/2821/2287 1351/3241/1729 3413/2430/1977 2745/2433/1978
f 712/5384/3429 711/5398/2409 685/3242/752
f 712/5384/3429 685/3242/752 688/1350/1163
f 1070/1586/1337 1069/1585/1336 1878/3362/2628 1884/3026/2441
f 2310/5399/1603 2309/908/816 2317/907/815 2313/1408/1205
f 689/676/611 103/848/766 651/780/703
f 689/676/611 651/780/703 653/677/612
f 1124/1720/1434 1123/1719/1433 3035/4275/2825 3036/2139/1737
f 670/815/738 99/814/737 643/4727/685
f 99/814/737 100/821/686 643/4727/685
f 2054/3632/2780 2053/2246/1827 2110/2245/1826 2109/3058/2463
f 2447/2777/2259 2446/286/255 2555/285/254 2449/2774/2256
f 2706/4260/3101 2707/2492/2018 2705/2491/2017 2704/2567/2087
f 501/439/397 500/438/396 1711/1686/1411 1713/2977/2412
f 2823/1981/1623 1353/2131/1731 2820/2464/1994 2822/2467/1997
f 2443/4432/1726 2445/4434/3174 2448/2776/2258 393/4143/3050
f 582/5400/1344 583/5401/1346 72/642/582 574/621/566
f 993/5402/3416 994/5403/1240 181/5404/1239 992/5405/3417
f 497/5406/990 498/672/607 50/437/395 496/5407/987
f 628/5408/679 590/5409/596 581/5410/577
f 628/5408/679 581/5410/577 626/5411/653
f 87/5412/2815 626/5413/653 581/637/577
f 87/5412/2815 581/637/577 580/636/576
f 2002/1380/1183 2003/1218/1066 2001/808/731 2000/3736/2831
f 3007/2600/2110 3002/3078/2470 3005/3077/2469 3006/2601/2111
f 3041/4179/1685 3042/4178/3069 3039/4538/3214 3040/5285/3198
f 612/5300/2098 1606/4455/2097 1610/4454/287 611/5298/621
f 2204/1366/1175 2161/1094/970 2218/1093/969 2205/1363/1172
f 592/5414/2455 591/670/605 1619/2959/2400 1620/2958/2399
f 2036/3244/2559 2031/4262/3103 2034/1829/1513 2035/3245/2560
f 618/5403/631 588/5415/1984 599/5416/630
f 588/5415/1984 600/5417/1648 599/5416/630
f 618/701/631 608/699/618 78/5418/617
f 618/701/631 78/5418/617 3410/979/879
f 618/701/631 3410/979/879 584/5419/583
f 618/701/631 584/5419/583 588/5420/1984
f 3410/979/879 78/5418/617 77/5421/2638
f 3410/979/879 77/5421/2638 576/624/568
f 719/1942/1592 112/1941/829 110/2948/1234 701/867/782
f 3410/979/879 575/978/567 584/5419/583
f 2795/804/727 1450/2290/1860 2791/3326/2599 2794/805/728
f 80/5422/625 561/975/624 2681/977/878
f 80/5422/625 2681/977/878 83/3985/2974
f 79/5423/623 80/5424/625 2679/5425/2976
f 80/5424/625 83/5426/2974 2679/5425/2976
f 2679/5427/2976 88/735/660 629/737/662
f 2679/5427/2976 629/737/662 563/591/539
f 2679/5425/2976 563/5428/539 79/5423/623
f 563/5428/539 562/5429/538 79/5423/623
f 607/5102/2637 598/669/604 77/5421/2638
f 598/669/604 76/668/543 77/5421/2638
f 77/5430/2638 76/595/543 564/594/542
f 77/5430/2638 564/594/542 576/5431/568
f 664/4779/469 655/2174/1767 1526/2177/1770 665/5432/470
f 437/5073/2322 438/1335/1152 40/1334/307 436/320/289
f 2131/5275/3094 2132/448/406 2128/447/405 2130/2930/2375
f 582/5400/1344 574/621/566 551/620/519
f 582/5400/1344 551/620/519 527/5433/467
f 582/1596/1344 527/509/467 508/508/466
f 582/1596/1344 508/508/466 567/602/550
f 448/347/195 447/346/313 1549/3271/2576 2405/3270/196
f 894/5024/1109 3286/5434/2269 3289/3166/2513 3290/3165/2512
f 2230/237/208 2227/5435/484 2226/5436/2985 2229/238/209
f 901/5012/3350 900/767/690 1507/2683/2183 1508/547/500
f 2730/3433/2668 2731/3177/2521 2729/4763/3238 2728/3430/2665
f 936/2653/2154 3390/2656/2157 3393/4582/3235 3396/4581/2809
f 1237/1910/1569 1241/2869/2324 2375/2718/2215 2380/1428/1224
f 2248/4461/3182 801/5261/67 2231/4630/70 2247/2621/2129
f 57/507/465 64/510/468 526/1082/960 507/3210/2541
f 1527/2446/1986 665/5432/470 1526/2177/1770 814/1111/982
f 2403/1957/1606 469/382/342 411/4386/3154
f 44/1959/333 466/5437/336 45/379/341
f 44/1959/333 45/379/341 469/382/342
f 463/5438/1321 453/5439/322 41/5440/311
f 463/5438/1321 41/5440/311 452/5441/1322
f 1865/4823/3302 1871/4486/3193 2368/4088/3025 1866/4087/3024
f 830/1234/1079 815/2426/986 140/1148/985 829/1151/1017
f 457/3992/327 456/5442/328 435/4403/3164
f 457/3992/327 435/4403/3164 434/3993/2981
f 456/692/328 444/695/626 443/5443/310
f 456/692/328 443/5443/310 435/5444/3164
f 445/3103/309 429/310/279 435/4403/3164
f 445/3103/309 435/4403/3164 443/5445/310
f 1179/4148/3053 1171/4511/2308 227/5446/2307 1167/5447/1982
f 404/250/220 402/5448/215 398/5449/214
f 404/250/220 398/5449/214 403/251/218
f 370/5450/160 369/5451/159 11/58/49
f 370/5450/160 11/58/49 319/75/61
f 1907/3515/2718 1901/3723/2824 1905/4345/3131 1906/3405/2650
f 2640/5279/1887 2641/3799/2875 2639/3790/2869 2638/3789/2623
f 20/5452/123 341/5453/120 14/987/119
f 20/5452/123 14/987/119 2503/4482/3191
f 313/1937/1377 302/4118/18 294/5083/3368
f 313/1937/1377 294/5083/3368 293/6/6
f 628/5454/679 639/3411/680 3407/4780/3254 590/5455/596
f 302/4118/18 295/7/7 2/2/2
f 302/4118/18 2/2/2 294/5083/3368
f 1222/4968/302 1223/4223/301 235/741/666 1221/740/665
f 1587/2583/2101 300/2419/1968 4/13/11
f 1587/2583/2101 4/13/11 296/15/8
f 1284/2008/1642 1285/2007/1641 1282/5167/3400 1283/5171/3172
f 990/3876/108 991/4611/107 3263/4610/2745 1005/3877/1251
f 453/5439/322 463/5438/1321 454/5456/323
f 463/5438/1321 459/5457/331 454/5456/323
f 48/5458/3430 482/2345/1904 483/5459/3239
f 482/2345/1904 484/2344/1903 483/5459/3239
f 67/667/541 591/670/605 592/5414/2455
f 67/667/541 592/5414/2455 542/4317/2456
f 614/3434/2669 615/5460/2737 616/5461/3262
f 614/3434/2669 616/5461/3262 617/3435/2670
f 90/4711/661 93/4710/3272 91/760/684
f 90/4711/661 91/760/684 95/763/663
f 109/5383/792 715/5462/794 712/5384/3429
f 715/5462/794 711/5398/2409 712/5384/3429
f 137/5463/907 804/4063/1312 806/4062/3017
f 137/5463/907 806/4062/3017 767/5464/1785
f 2253/3382/2636 2258/3381/260 2256/5204/3021 2254/5205/3301
f 150/5465/366 824/5466/365 860/3256/2494
f 150/5465/366 860/3256/2494 861/3255/2133
f 1458/2300/1091 1457/2299/1868 2782/4394/3159 2786/4978/1092
f 1761/3354/1766 1883/3353/2624 1882/2457/1990 1763/3106/1763
f 180/1481/109 982/1480/1261 978/3193/2528
f 180/1481/109 978/3193/2528 979/3192/2009
f 220/5467/578 1149/5468/1466 1150/5469/3402
f 220/5467/578 1150/5469/3402 1157/5470/1472
f 220/638/578 1193/5471/2783 1155/5472/2784
f 220/638/578 1155/5472/2784 1151/639/579
f 240/5473/1585 1248/5474/1639 1270/5475/1638
f 240/5473/1585 1270/5475/1638 1245/5476/1586
f 329/100/84 2481/1975/1620 2506/1167/1028 330/101/85
f 1287/5186/2805 1288/5477/2804 1289/5478/855
f 1287/5186/2805 1289/5478/855 1290/5185/710
f 2587/2207/1792 2591/3001/2425 2623/5360/3071 2588/4629/3253
f 1470/3840/2894 1471/4948/1783 1472/4945/3339
f 1470/3840/2894 1472/4945/3339 1473/3837/2891
f 914/402/362 1882/5479/1990 1883/5480/2624
f 914/402/362 1883/5480/2624 915/399/359
f 566/2987/632 75/601/549 68/600/548 565/2979/2414
f 900/1280/690 901/5481/3350 159/2999/1100 896/1277/1112
f 146/1203/1059 817/1204/992 153/1220/1068
f 146/1203/1059 153/1220/1068 866/1224/1069
f 152/5482/1070 155/5289/1073 868/5288/3415
f 152/5482/1070 868/5288/3415 863/5483/1098
f 1269/1703/1422 1242/1924/1581 239/1923/1579 256/5484/1584
f 185/1501/802 1017/1504/1281 1016/4671/3260
f 185/1501/802 1016/4671/3260 1014/5485/1266
f 339/122/105 16/121/58 317/5486/57
f 339/122/105 317/5486/57 18/5487/60
f 318/129/59 18/73/60 9/57/38
f 18/73/60 11/58/49 9/57/38
f 1901/3723/2824 1907/3515/2718 1975/2063/1681 1902/3721/2823
f 286/2295/1865 1456/2298/1867 2975/5488/3354 1457/2299/1868
f 2403/1957/1606 422/4641/3255 421/1958/1607
f 217/1698/1418 1133/1600/1348 205/1599/1347 212/1641/235
f 863/5489/1098 823/5490/2132 862/5491/1071
f 863/5489/1098 862/5491/1071 152/5492/1070
f 194/1519/1290 193/5493/940 192/1515/1286
f 194/1519/1290 192/1515/1286 1029/1514/1285
f 492/422/380 1613/3939/2949 1612/3938/285 1615/2675/2176
f 1587/2583/2101 296/15/8 305/5494/22
f 2496/5495/3187 20/5496/123 2497/5497/3188
f 2497/5497/3188 2495/5498/3144 2496/5495/3187
f 362/5173/3401 31/231/202 396/833/753
f 2562/5499/3223 2560/5500/3221 2566/5501/1905
f 2557/5502/3218 2561/5240/3222 2565/5239/3407
f 2577/4578/3232 366/184/156 2557/4546/3218
f 388/5503/189 30/5504/188 26/5397/153
f 388/5503/189 26/5397/153 368/5505/157
f 2442/1367/1176 391/221/192 390/220/191
f 2442/1367/1176 390/220/191 389/219/190
f 2558/5506/3219 413/5507/241 2442/5508/1176
f 2568/5509/3226 2556/4542/3217 2559/4545/3220
f 367/5510/158 366/5511/156 2579/5340/3234
f 367/5510/158 2579/5340/3234 2580/5218/3405
f 992/5512/3417 181/5513/1239 996/5514/1241
f 3265/5264/3413 3264/327/296 3266/326/295
f 3265/5264/3413 3266/326/295 3268/5515/2250
f 1006/1467/1252 1005/1466/1251 3265/5264/3413
f 2181/2929/2374 2183/3883/2920 2184/3885/2922
f 1383/2178/1771 1359/290/259 1358/2137/1735
f 1385/2180/1773 272/287/256 1384/2179/1772
f 1426/2984/2419 1400/2986/530 2212/5516/529
f 1426/2984/2419 2212/5516/529 1386/5517/1774
f 2222/3979/2971 2141/3978/75 2225/5518/2972
f 2222/3979/2971 2225/5518/2972 2224/5519/3410
f 2174/4349/2917 1362/2888/2338 2222/3979/2971
f 1362/2888/2338 2144/2887/2337 2222/3979/2971
f 2473/5520/3177 2468/3109/2487 2467/1976/1621
f 2473/5520/3177 2467/1976/1621 2481/1975/1620
f 1207/5521/1533 233/5522/1532 1209/5523/1535
f 1488/5524/1900 1487/5169/1899 1426/5168/965
f 1494/5525/2967 1481/2342/1901 1488/2341/1900
f 1486/5526/1898 1485/5249/1897 1484/5248/3412
f 1850/5527/2593 1847/3302/2591 1848/3301/2590
f 1848/5528/2590 1849/3305/2592 1850/3304/2593
f 3408/5529/2099 612/5300/2098 81/728/627
f 3408/5529/2099 81/728/627 627/727/654
f 505/4771/3286 485/4592/3241 52/449/407 504/452/410
f 777/5530/3431 776/3073/975 805/3076/968
f 777/5530/3431 805/3076/968 131/1035/924
f 1524/3576/2752 886/3575/1103 831/1149/1015
f 1524/3576/2752 831/1149/1015 812/3699/1462
f 831/1149/1015 140/1148/985 138/5531/984
f 831/1149/1015 138/5531/984 812/3699/1462
f 3399/5375/3425 855/4013/553 854/1201/1057
f 855/4013/553 147/1205/552 854/1201/1057
f 3400/5377/3427 3399/5375/3425 854/1201/1057
f 3400/5377/3427 854/1201/1057 160/525/481
f 854/1201/1057 968/1410/1207 176/1404/1201
f 854/1201/1057 176/1404/1201 160/525/481
f 1075/4638/758 1170/2852/761 1169/2851/2309
f 1075/4638/758 1169/2851/2309 1129/5293/1444
f 973/1416/1213 3323/5311/2516 3322/4424/2515 974/1417/1214
f 1608/5532/2748 579/4946/2947 1605/4947/3340 1607/5533/2100
f 1356/4698/1733 2837/3825/2887 3412/5125/3384
f 1356/4698/1733 3412/5125/3384 267/5534/1728
f 3412/5125/3384 3413/2430/1977 1351/3241/1729
f 3412/5125/3384 1351/3241/1729 267/5534/1728
f 843/1181/1041 842/1180/1040 3376/5535/546 3321/5273/545
f 789/2331/1890 845/1185/1043 919/4221/3081 3397/5368/3422
f 2975/5488/3354 2785/5280/3353 2784/4393/3158
f 2975/5488/3354 2784/4393/3158 1457/2299/1868
f 3397/5368/3422 3330/5316/1274 3329/1079/957
f 3397/5368/3422 3329/1079/957 3414/1447/1238
f 1743/2354/1913 1744/5536/2462 1742/5537/2461 1741/2351/1910
f 790/1446/1237 789/2331/1890 3397/5368/3422
f 790/1446/1237 3397/5368/3422 3414/1447/1238
f 95/738/663 674/820/743 3372/4584/721 635/2573/2093
f 1133/5538/1348 1165/5539/1983 1168/840/760
f 1133/5538/1348 1168/840/760 1074/839/759
f 420/4760/1562 464/5540/334 44/1959/333 421/1958/1607
f 2616/3709/2817 325/3712/2818 331/5541/86
f 2616/3709/2817 331/5541/86 2504/5542/3190
f 325/4820/2818 13/4142/83 331/5543/86
f 331/102/86 330/101/85 2502/4642/3256
f 331/102/86 2502/4642/3256 2504/5037/3190
f 330/101/85 2500/3473/2693 2502/4642/3256
f 1198/5544/1521 1197/4863/1520 3174/4298/3112 1256/4297/1599
f 403/5545/218 361/178/150 2530/1730/1441
f 403/5545/218 2530/1730/1441 397/2123/205
f 2323/758/682 684/159/136 2320/2574/2094 2322/759/683
f 2457/2212/1797 2459/1681/1406 24/5546/149
f 2457/2212/1797 24/5546/149 362/5173/151
f 1010/464/422 1009/1474/1256 1035/891/800 1034/461/419
f 2463/3997/1405 2470/1608/1354 3415/5547/3432
f 2470/1608/1354 2527/1610/1356 360/4502/3204
f 2470/1608/1354 360/4502/3204 3415/5547/3432
f 360/5548/3204 24/5549/149 2459/4016/1406
f 360/5550/3204 2459/1681/1406 2463/1680/1405
f 360/4502/3204 2463/3997/1405 3415/5547/3432
f 2566/5551/1905 482/5552/1904 48/5553/3430
f 2566/5554/1905 48/5555/3430 483/5556/3239
f 2566/5557/1905 483/5558/3239 2572/5559/3240
f 2564/5560/3225 404/5561/220 401/5562/219
f 2564/5560/3225 401/5562/219 2562/5563/3223
f 2564/5564/3225 402/5448/215 404/250/220
f 3402/5380/3428 160/5381/481 902/5565/3423
f 3402/5380/3428 902/5565/3423 2235/5371/2992
f 3402/5380/3428 2235/5371/2992 3398/5370/3424
f 3318/4497/3199 1496/2510/2031 934/2509/2030
f 3318/4497/3199 934/2509/2030 188/1471/1149
f 3318/4497/3199 188/1471/1149 184/1472/1254
f 1497/2975/2410 1478/2330/1889 1477/2329/934
f 1497/2975/2410 1477/2329/934 1956/5027/937
f 188/1471/1149 934/2509/2030 175/5566/1150
f 2239/5567/2933 2240/240/211 2236/239/210 2238/5568/2850
f 1799/5569/2423 1802/5189/2548 177/5188/1209
f 1799/5569/2423 177/5188/1209 972/5570/1212
f 1887/2437/1981 1888/2238/1819 1885/3027/2442 1886/3857/2905
f 2065/4107/3034 2066/3797/2873 2064/2651/2152 2063/3163/2510
f 3268/2764/2250 989/1453/1232 181/5571/1198
f 3268/2764/2250 181/5571/1198 3416/2765/2251
f 181/5572/1198 1012/5573/1419 186/5574/1253
f 181/5572/1198 186/5574/1253 3416/5575/2251
f 2009/5576/2756 233/3835/2890 2384/5577/508
f 233/3835/2890 1212/3834/709 2384/5577/508
f 2009/3580/2756 2013/3605/2767 233/5578/2890
f 3272/1146/1013 1081/1145/1012 1097/2716/2213 3271/5201/1754
f 371/4484/3176 372/3216/2545 26/5397/153 30/5504/188
f 1212/4980/709 1235/1912/518 1238/1911/1570
f 1851/5003/3347 1852/1712/1428 1855/1387/1190
f 1851/5003/3347 1855/1387/1190 2379/1386/1189
f 1844/5579/2587 2379/1386/1189 2378/1385/1188
f 1844/5579/2587 2378/1385/1188 1329/4304/3117
f 561/975/624 562/5580/538 66/897/537 560/896/805
f 1845/3297/2588 1846/3394/659 1851/5318/3347
f 1168/2439/760 1167/2438/1982 227/5581/2307 1170/5582/761
f 2184/3885/2922 1839/914/822 1841/913/821
f 2184/3885/2922 1841/913/821 1840/4769/2585
f 2184/3885/2922 1832/3288/2584 1838/911/819
f 2184/3885/2922 1838/911/819 1839/914/822
f 1832/3288/2584 1836/3287/2583 1838/911/819
f 2676/4717/1635 2677/4057/3013 2673/2730/2225 2672/2733/1636
f 2172/3028/2443 2176/444/402 2177/443/401
f 2106/5583/3009 2997/5584/3360 2996/5585/3359
f 2106/5586/3009 2996/5587/3359 2995/5588/1759
f 2106/5586/3009 2995/5588/1759 271/5589/1753
f 3133/4944/3338 3134/5191/3345 3130/4834/3305 3129/4837/3308
f 2138/3983/2973 2171/2090/1699 2173/3029/2444
f 2138/3983/2973 2173/3029/2444 2174/3878/2917
f 2138/3983/2973 2136/3814/2882 2135/3813/2881
f 2138/3983/2973 2135/3813/2881 2171/2090/1699
f 1213/5590/1538 233/5591/1537 1215/5592/1540
f 1213/5590/1538 1215/5592/1540 1234/5593/1566
f 1215/5592/1540 237/5594/1563 1234/5593/1566
f 3079/4196/3074 3081/2219/1802 1319/2073/1690
f 3079/4196/3074 1319/2073/1690 258/2072/1689
f 2294/4238/3088 2358/4516/614 2357/4831/613 2352/4350/3132
f 3069/5595/3104 3070/5596/3383 3076/5597/3075
f 3070/5596/3383 3071/5598/1297 3076/5597/3075
f 3077/2284/1854 3079/5599/3074 1322/5600/1693
f 3079/5599/3074 258/5601/1689 1322/5600/1693
f 3065/2283/1853 3066/3820/2885 3071/1530/3381
f 3065/2283/1853 3071/1530/3381 3069/4263/3104
f 282/5602/590 281/5603/1813 278/5604/1809 1414/5605/591
f 3061/5116/3379 3063/2286/1856 3064/2285/1855
f 3061/5606/3379 3064/5607/1855 1322/5608/1693
f 3064/2285/1855 3077/2284/1854 1322/5600/1693
f 3101/5145/3393 3098/5144/3391 3085/2941/2385
f 3101/5145/3393 3085/2941/2385 3086/5142/2987
f 3098/5144/3391 3097/2942/2386 3085/2941/2385
f 767/5609/1785 738/3441/1784 123/943/847 137/5610/907
f 3/5611/9 291/2838/3 297/47/39
f 3/5611/9 297/47/39 9/46/38
f 131/1035/924 775/1034/923 777/5530/3431
f 775/1034/923 776/3073/975 777/5530/3431
f 50/437/395 495/3211/763 2389/4156/3058 496/5407/987
f 2434/791/714 2435/2769/2253 2433/322/291 2432/788/711
f 206/5612/1305 1095/5303/1384 1041/5613/1306
f 1095/5303/1384 3411/5614/1383 1041/5613/1306
f 2694/4370/3147 2695/4108/3035 2693/3949/2956 2692/3948/2955
f 337/5615/103 340/5616/106 339/5617/105
f 337/5615/103 339/5617/105 338/5618/104
f 1375/5619/1760 1392/5620/3358 2997/5621/3360
f 1375/5619/1760 2997/5621/3360 1376/5622/1761
f 166/1328/1116 3417/5623/2095 183/1329/1148
f 1126/5624/1440 1125/5625/1435 1140/5626/1456 1139/5627/1455
f 2256/4070/3021 2259/294/263 1887/2437/1981 836/3856/2904
f 1586/558/509 1585/2578/2096 3418/5628/2763
f 2682/976/877 2683/3249/2564 2680/3986/2975 2681/977/878
f 1005/1466/1251 183/1329/1148 3417/5623/2095
f 2505/4483/3192 3418/5628/2763 1585/2578/2096
f 3305/2029/1655 3315/4173/2798 3314/4172/3066 3307/2026/1652
f 2908/3734/2829 2907/3732/2828 2946/3102/2483 1475/2323/1883
